4212,hsa-miR-708-5p
24759,hsa-miR-4483
11626560,hsa-miR-588
4891,hsa-miR-216b-5p
4943,hsa-miR-1908-5p
5073,hsa-let-7e-5p
216345,hsa-miR-92b-3p
44631912,hsa-miR-29b-1-5p
104842,hsa-miR-1227-3p
65064,hsa-miR-138-1-3p
42113,hsa-mir-196a-2
2353,hsa-miR-193b-3p
24497,hsa-miR-455-3p
790,hsa-miR-127-3p
6505803,hsa-miR-199b-5p
9804992,hsa-miR-585-3p
123631,hsa-miR-382-5p
6115,hsa-miR-636
31101,hsa-miR-520h
45266826,hsa-miR-339-5p
5881,hsa-miR-4297
77999,hsa-miR-200b-3p
5755,hsa-miR-577
122724,hsa-miR-23b-3p
261004,hsa-miR-585-3p
5280360,hsa-miR-4735-3p
9804992,hsa-miR-325
261000,hsa-mir-548a-1
104842,hsa-miR-4675
5757,hsa-miR-489-5p
5462222,hsa-miR-4443
5280961,hsa-miR-1290
3763,hsa-miR-4487
54671203,hsa-miR-22-3p
2733,hsa-mir-16-2
36462,hsa-miR-214-3p
11226684,hsa-miR-585-3p
439530,hsa-miR-627-5p
216326,hsa-miR-454-3p
45266826,hsa-miR-152-3p
4033,hsa-miR-502-3p
15,hsa-mir-26a-2
65348,hsa-miR-544a
148124,hsa-miR-335-3p
37542,hsa-miR-2114-5p
28486,hsa-miR-380-3p
5793,hsa-miR-4639-5p
2995,hsa-miR-4465
11707110,hsa-miR-647
2578,hsa-miR-589-3p
216239,hsa-miR-4725-3p
5222465,hsa-miR-3917
1175,hsa-miR-323a-5p
667639,hsa-miR-607
5280427,hsa-miR-671-5p
5288826,hsa-miR-199a-5p
446220,hsa-miR-3065-3p
14403,hsa-miR-122b-5p
460612,hsa-let-7g-3p
89594,hsa-miR-151a-5p
2907,hsa-miR-383-5p
6037,hsa-miR-147b-3p
4095,hsa-miR-26a-5p
6057,hsa-miR-542-3p
54454,hsa-miR-592
5462222,hsa-miR-133a-3p
9949648,hsa-miR-577
1130,hsa-miR-125a-3p
1130,hsa-miR-892b
5318517,hsa-let-7a-2
5073,hsa-miR-23a-5p
544,hsa-miR-609
2375,hsa-miR-518d-5p
21633059,hsa-miR-224-3p
896,hsa-miR-7-1-3p
2187,efu-miR-128b
97226,hsa-miR-99b-3p
5881,hsa-miR-4700-5p
38904,hsa-miR-4478
2733526,hsa-miR-542-3p
65064,hsa-miR-142-5p
2907,hsa-miR-203b-3p
2244,hsa-miR-455-5p
5280427,hsa-miR-345-5p
107985,hsa-miR-568
13089,hsa-miR-4455
13342,hsa-miR-513a-5p
448537,hsa-miR-188-3p
54675776,hsa-miR-3907
9064,hsa-miR-374b-5p
5793,hsa-miR-1264
45266826,hsa-miR-423-5p
445580,hsa-miR-1237-3p
60838,hsa-miR-655-3p
2995,hsa-miR-1253
3386,hsa-miR-532-5p
5329102,hsa-miR-4467
241,hsa-miR-1225-5p
11226684,hsa-miR-147a
7222,hsa-miR-4758-5p
11626560,hsa-miR-3127-5p
5288209,hsa-miR-378e
14888,hsa-miR-585-3p
45266826,hsa-miR-374b-3p
1673,hsa-miR-1251-5p
4641,hsa-mir-125b-2
5394,hsa-miR-1252-5p
6089,hsa-miR-887-3p
44631912,hsa-miR-10b-5p
24288,hsa-miR-92a-2-5p
135403648,hsa-miR-519d-3p
6089,hsa-miR-23a-5p
135403648,hsa-miR-4796-3p
5280343,hsa-miR-586
6857599,hsa-miR-26a-5p
5281708,hsa-miR-23c
6041,hsa-miR-299-3p
460612,hsa-miR-3660
176870,hsa-miR-92a-2-5p
31101,hsa-miR-148b-3p
37542,hsa-miR-28-5p
65110,hsa-miR-148a-3p
53232,hsa-miR-448
6037,hsa-miR-4778-5p
4033,hsa-miR-6134
6857599,hsa-miR-598-3p
9915743,hsa-miR-323b-5p
442972,hsa-miR-3074-3p
24759,hsa-miR-1271-5p
5280343,hsa-miR-4516
5311,hsa-miR-576-3p
3103,hsa-miR-93-5p
135403648,hsa-miR-184
104746,hsa-miR-490-5p
2733,hsa-miR-224-5p
3345,hsa-miR-586
13342,hsa-miR-3162-5p
387447,hsa-miR-520f-3p
261004,hsa-miR-758-3p
114900,hsa-miR-30c-5p
24288,hsa-miR-324-3p
164676,hsa-miR-133a-3p
5284373,hsa-miR-323b-5p
15939,hsa-miR-4311
31401,hsa-miR-4777-5p
2995,hsa-miR-4501
2662,hsa-miR-367-3p
42890,hsa-miR-602
5881,hsa-miR-132-3p
54675776,hsa-miR-133b
1548943,hsa-miR-1234-3p
1548943,hsa-miR-4271
14403,hsa-miR-500b-5p
1175,hsa-miR-4668-5p
5951,hsa-miR-1258
171548,hsa-miR-410-3p
445580,hsa-mir-7-3
5394,hsa-miR-513a-3p
38904,hsa-miR-1827
36462,hsa-miR-1260a
3062316,hsa-miR-381-3p
65064,hsa-miR-638
164676,hsa-miR-125a-5p
969516,hsa-miR-183-5p
124886,hsa-miR-4723-5p
969516,hsa-miR-4720-3p
24180719,hsa-mir-16-2
23725625,hsa-miR-509-5p
445639,hsa-miR-485-5p
4095,hsa-miR-362-5p
2907,hsa-miR-183-5p
442428,hsa-miR-95-3p
3117,hsa-miR-4716-3p
5282350,hsa-miR-1247-5p
122724,hsa-miR-372-3p
1983,hsa-miR-3130-5p
5280360,hsa-miR-27a-5p
60953,hsa-miR-549a-3p
2353,hsa-miR-769-5p
17754356,hsa-miR-650
60198,hsa-miR-4735-3p
5997,hsa-miR-374a-5p
5280448,hsa-miR-520g-3p
439530,hsa-miR-4473
60700,hsa-miR-802
285033,hsa-miR-657
253602,hsa-miR-487a-3p
1832,hsa-miR-4662a-3p
6857599,hsa-miR-3064-5p
42113,hsa-miR-4324
3488,hsa-miR-10b-5p
3821,hsa-miR-4804-5p
54675776,hsa-miR-640
38904,hsa-miR-3184-5p
24180719,hsa-miR-135b-5p
9444,hsa-miR-518c-3p
4095,hsa-miR-139-5p
689043,hsa-miR-4285
3763,hsa-miR-2682-5p
2520,hsa-miR-504-5p
119307,hsa-miR-3167
11626560,hsa-miR-523-3p
23725625,hsa-miR-652-3p
21633059,hsa-miR-95-3p
60198,hsa-miR-648
253602,hsa-mir-548a-2
442972,hsa-miR-29c-3p
17754356,hsa-miR-591
644241,hsa-miR-3674
47725,hsa-miR-1207-5p
24497,hsa-miR-452-5p
5283344,hsa-miR-4706
452548,hsa-miR-300
9444,hsa-miR-671-5p
123865,hsa-miR-205-5p
148124,hsa-miR-99b-3p
442972,hsa-miR-450b-5p
9576410,hsa-miR-549a-3p
253602,hsa-miR-3173-3p
5793,hsa-miR-328-3p
3488,hsa-miR-18a-3p
10836,hsa-miR-3139
25244711,hsa-miR-95-3p
2995,hsa-let-7f-1
124886,hsa-miR-1-3p
9931953,hsa-miR-3606-5p
60198,hsa-miR-489-5p
3652,hsa-miR-4492
9949648,hsa-miR-219b-3p
10184653,hsa-miR-449c-5p
5280961,hsa-miR-3065-5p
14888,hsa-miR-92b-3p
689043,hsa-miR-767-5p
114900,hsa-miR-548h-5p
25262965,hsa-miR-3162-5p
455658,hsa-miR-222-5p
122634,hsa-miR-3065-5p
2578,hsa-miR-193b-5p
2520,hsa-miR-1343-3p
2995,hsa-miR-412-3p
4095,hsa-miR-4261
3763,hsa-miR-516b-3p
702,hsa-miR-1911-5p
114900,hsa-miR-124-5p
5073,hsa-miR-125a-3p
25262965,hsa-miR-1297
446220,hsa-mir-196a-2
21109,hsa-miR-144-3p
9915743,hsa-miR-26b-5p
9915743,hsa-miR-4485-3p
42611257,hsa-miR-1236-3p
636397,hsa-miR-3163
5460341,hsa-miR-199b-3p
6013,hsa-miR-561-3p
122724,hsa-miR-633
104758,hsa-miR-767-3p
25183872,hsa-miR-576-5p
4763,hsa-miR-106a-3p
3345,hsa-miR-4788
6279,hsa-miR-409-5p
2336,hsa-miR-191-3p
445154,hsa-miR-324-3p
4641,hsa-miR-525-3p
712,hsa-miR-601
644241,hsa-miR-3126-5p
13089,hsa-miR-371b-3p
4624,hsa-miR-105-5p
5280453,hsa-miR-4467
13342,hsa-miR-1973
60838,hsa-miR-3614-3p
72301,hsa-miR-181d-3p
2733526,hsa-let-7b-3p
10635,hsa-miR-302b-5p
77999,hsa-miR-766-3p
14403,hsa-miR-1470
2353,hsa-miR-744-5p
3062316,hsa-miR-139-3p
11707110,hsa-miR-525-5p
445858,hsa-miR-498-5p
4095,hsa-miR-4713-5p
47318,hsa-miR-550a-5p
11953817,hsa-miR-4685-3p
5282350,hsa-miR-758-3p
4091,hsa-miR-595
41867,hsa-miR-615-3p
65064,hsa-miR-3074-3p
2733,hsa-miR-15b-5p
208908,hsa-miR-300
5288826,hsa-miR-598-5p
65110,hsa-miR-632
24288,hsa-miR-135b-5p
4212,hsa-miR-377-3p
6505803,hsa-miR-25-5p
5951,hsa-miR-661
229455,hsa-miR-345-5p
2244,hsa-miR-138-1-3p
25244711,hsa-miR-199b-5p
9931953,hsa-miR-611
6167,hsa-miR-125a-5p
104746,hsa-miR-411-5p
60750,hsa-miR-654-3p
42611257,hsa-miR-326
6167,hsa-miR-556-5p
439530,hsa-miR-300
1548943,hsa-miR-3945
5284373,hsa-miR-769-3p
6041,hsa-miR-122-5p
21109,hsa-mir-24-2
1175,hsa-miR-4261
124886,hsa-miR-526b-5p
3902,hsa-miR-4731-3p
3062316,hsa-miR-2116-3p
4891,hsa-miR-492
4091,hsa-miR-346
3652,hsa-miR-670-5p
60852,hsa-mir-92a-1
5462222,hsa-miR-4700-5p
261000,hsa-miR-128-3p
2187,hsa-let-7f-2-3p
45266826,hsa-miR-1229-3p
5280448,hsa-miR-32-5p
4091,hsa-miR-550a-5p
445580,hsa-miR-514a-3p
702,hsa-miR-891a-5p
72301,hsa-miR-125b-5p
9547215,hsa-miR-767-3p
14403,hsa-miR-516a-3p
3345,hsa-miR-23a-5p
452548,hsa-miR-181b-2-3p
10621,hsa-miR-1296-5p
5280360,hsa-miR-193a-3p
28486,hsa-let-7c-5p
5881,hsa-miR-1291
148124,hsa-miR-34a-3p
10621,hsa-miR-518c-5p
784,hsa-miR-1281
13089,hsa-miR-1914-5p
3229,hsa-miR-33b-5p
446556,hsa-miR-193a-3p
5950,hsa-miR-2117
47725,hsa-miR-718
3385,hsa-miR-1321
229455,hsa-miR-921
6013,hsa-miR-1233-3p
126941,hsa-miR-887-5p
2520,hsa-miR-92a-1-5p
13089,hsa-miR-510-5p
42113,hsa-miR-595
9804992,hsa-miR-154-5p
6253,hsa-miR-584-5p
104741,hsa-mir-125b-1
60198,hsa-miR-23b-3p
2578,hsa-miR-154-5p
2733526,hsa-miR-4659b-5p
31401,hsa-miR-1343-3p
702,hsa-miR-3149
65110,hsa-miR-26b-3p
462382,hsa-miR-4745-5p
5361,hsa-miR-5703
148124,hsa-miR-3672
2578,hsa-miR-505-3p
25262965,hsa-miR-658
5755,hsa-miR-1224-5p
445154,hsa-miR-24-3p
54675776,hsa-miR-505-3p
11226684,hsa-miR-510-5p
44259,hsa-miR-125b-1-3p
9804992,hsa-miR-4685-3p
11953817,hsa-miR-4772-5p
4943,hsa-miR-573
44259,hsa-miR-181b-2-3p
5538,hsa-miR-5703
2578,hsa-miR-373-5p
31101,hsa-miR-194-5p
790,hsa-miR-526a-5p
5280427,hsa-miR-100-5p
3657,hsa-miR-545-3p
122634,hsa-miR-191-3p
15,hsa-miR-4800-3p
5291,hsa-miR-29c-5p
60780,hsa-miR-1323
6013,hsa-miR-219b-3p
36462,hsa-miR-510-5p
60606,hsa-miR-1202
72301,hsa-miR-365a-3p
15,hsa-miR-938
2733526,hsa-miR-486-3p
119104,hsa-miR-3184-5p
5462222,hsa-miR-2682-5p
5284616,hsa-miR-3663-3p
5394,hsa-miR-766-3p
5352624,hsa-miR-18a-5p
47318,hsa-miR-133b
1175,hsa-miR-518c-5p
1176,hsa-miR-302f
2723601,hsa-miR-769-3p
42890,hsa-miR-4788
261004,hsa-miR-4732-5p
4158,hsa-miR-3185
5280453,hsa-miR-639
9826528,hsa-miR-1207-5p
24978538,hsa-miR-526a-5p
171548,hsa-miR-920
171548,hsa-miR-1286
42890,hsa-miR-101-5p
544,hsa-miR-130b-3p
3821,hsa-miR-766-3p
3071,hsa-miR-466
216239,hsa-miR-4720-3p
24978538,hsa-miR-607
2375,hsa-miR-378a-5p
9064,hsa-miR-4478
65015,hsa-miR-342-5p
108065,hsa-miR-652-3p
261004,hsa-miR-181b-2-3p
10184653,hsa-miR-1290
107985,hsa-miR-146a-5p
65015,hsa-miR-770-5p
5978,hsa-miR-596
30323,hsa-miR-518d-3p
3121,hsa-miR-1271-5p
31703,hsa-miR-939-5p
2578,hsa-miR-3168
3121,hsa-miR-517b-3p
3006531,hsa-miR-485-3p
31101,hsa-miR-4669
5035,hsa-miR-629-5p
5460341,hsa-miR-224-5p
3821,hsa-miR-219a-5p
462382,hsa-miR-611
24360,hsa-miR-576-3p
6057,hsa-miR-194-5p
4158,hsa-miR-512-5p
2578,hsa-miR-4652-5p
44259,hsa-miR-29a-3p
145858,hsa-miR-493-3p
2723601,hsa-miR-4487
5280448,hsa-miR-4693-5p
54671203,hsa-miR-563
60852,hsa-miR-301b-3p
114900,hsa-miR-122-5p
896,hsa-miR-181b-3p
24978538,hsa-miR-219b-3p
5361,hsa-miR-34a-3p
439260,hsa-let-7i-5p
5538,hsa-miR-194-5p
11226684,hsa-mir-29b-1
126941,hsa-miR-1262
72301,hsa-miR-1285-3p
5280448,hsa-miR-675-5p
4091,hsa-miR-662
439530,hsa-miR-374a-5p
6253,hsa-miR-3692-5p
6013,hsa-miR-616-3p
108065,hsa-miR-374c-5p
1176,hsa-miR-2682-5p
5318517,hsa-miR-4665-3p
37542,hsa-miR-30b-5p
445154,hsa-miR-328-3p
4212,hsa-miR-381-3p
64971,hsa-miR-633
5746,hsa-miR-3192-5p
24288,hsa-miR-4711-3p
460612,hsa-miR-1292-5p
5789,hsa-miR-423-3p
38904,hsa-miR-615-3p
176870,hsa-miR-224-3p
208908,hsa-miR-92a-2-5p
216345,hsa-miR-1178-3p
896,hsa-miR-1306-3p
644241,hsa-miR-512-5p
442972,hsa-miR-493-3p
241,hsa-miR-1202
21109,hsa-miR-922
3488,hsa-miR-518a-3p
124886,hsa-miR-3620-3p
3690,hsa-miR-516b-3p
5212,hsa-let-7f-1-3p
13342,hsa-miR-548m
5978,hsa-miR-1262
6013,hsa-miR-135a-5p
4212,hsa-miR-1910-5p
667639,hsa-miR-4319
451668,hsa-miR-18a-5p
104758,hsa-miR-517c-3p
3961,hsa-miR-4729
5283344,hsa-miR-671-5p
104842,hsa-miR-326
5212,hsa-miR-378e
36314,hsa-miR-4710
119307,hsa-miR-625-3p
5280795,hsa-miR-1267
2375,hsa-miR-637
2187,hsa-miR-221-3p
445434,hsa-miR-139-5p
25183872,hsa-miR-4271
9444,hsa-miR-34a-5p
25227436,hsa-miR-324-3p
6857599,hsa-miR-4676-5p
25183872,hsa-mir-128-2
5280795,hsa-miR-1273c
11707110,hsa-miR-409-3p
5284616,hsa-miR-4687-5p
3006531,hsa-miR-4646-3p
6253,hsa-mir-324
65015,hsa-miR-3131
37542,hsa-miR-936
5282350,hsa-miR-3620-3p
689043,hsa-miR-3133
162282,hsa-miR-138-5p
23725625,hsa-miR-206
60780,hsa-miR-4426
11556711,hsa-miR-1277-3p
43815,hsa-miR-520h
445580,hsa-miR-1291
5789,hsa-miR-942-5p
60606,hsa-miR-99b-5p
216345,hsa-miR-3126-5p
445154,hsa-miR-24-2-5p
5881,hsa-miR-4639-5p
3657,hsa-miR-299-3p
985,hsa-miR-2355-3p
5280427,hsa-miR-224-5p
657237,hsa-miR-551b-3p
5311,hsa-miR-1225-5p
28486,hsa-miR-920
5361,hsa-mir-1285-1
241,hsa-miR-10b-3p
44259,hsa-miR-601
5284616,hsa-miR-4427
1110,hsa-miR-422a
6106,hsa-miR-512-3p
5790,hsa-miR-5703
439260,hsa-miR-586
5035,hsa-miR-4518
119307,hsa-mir-324
784,hsa-miR-4297
5282350,hsa-miR-4639-5p
689043,hsa-miR-4664-3p
11556711,hsa-miR-3198
2733526,hsa-miR-150-5p
5352624,hsa-miR-608
5997,hsa-miR-1292-5p
5881,hsa-miR-181b-5p
7222,hsa-miR-628-3p
24497,hsa-miR-595
123865,hsa-miR-30a-5p
3103,hsa-miR-520d-3p
6253,hsa-miR-650
4212,hsa-miR-4426
1175,hsa-miR-1304-5p
119307,hsa-miR-633
6253,hsa-mir-7-3
3690,hsa-miR-1267
54671203,hsa-miR-1225-5p
1983,hsa-miR-4473
3101,hsa-mir-365a
4212,hsa-miR-30c-2-3p
126941,hsa-miR-889-3p
449171,hsa-miR-518e-3p
3397,hsa-miR-568
3763,hsa-miR-130a-5p
4091,hsa-miR-219b-3p
11626560,hsa-miR-374a-5p
65348,hsa-miR-1323
387447,hsa-miR-518d-3p
544,hsa-miR-875-5p
6857599,hsa-miR-330-5p
135403648,hsa-miR-4687-3p
54671203,hsa-miR-592
42611257,hsa-miR-16-2-3p
9444,hsa-miR-552-3p
65064,hsa-miR-133a-3p
3220,hsa-miR-625-3p
439530,hsa-miR-98-5p
5865,hsa-miR-181c-3p
10621,hsa-miR-4693-5p
31401,hsa-miR-4676-5p
2907,hsa-miR-3648
3397,hsa-miR-942-5p
3902,hsa-let-7f-2-3p
5310940,hsa-miR-501-5p
3103,hsa-miR-1290
5073,hsa-miR-212-3p
54675776,hsa-miR-122b-5p
104758,hsa-miR-4664-3p
5460341,hsa-miR-3141
1175,hsa-miR-448
2995,hsa-miR-3198
4212,hsa-miR-876-3p
444732,hsa-miR-515-3p
4624,hsa-miR-1250-5p
667639,hsa-miR-4285
3345,hsa-miR-3141
5284616,hsa-miR-124-3p
65110,hsa-miR-662
24288,hsa-miR-676-3p
54670067,hsa-miR-875-5p
6057,hsa-miR-520d-3p
14888,hsa-miR-630
24978538,hsa-miR-1252-5p
16197265,hsa-miR-26a-1-3p
1548943,hsa-miR-10b-5p
3345,hsa-miR-217-5p
5073,hsa-miR-3185
5997,hsa-miR-1226-5p
5280448,hsa-miR-423-3p
4091,hsa-mir-196a-1
104741,hsa-miR-1468-5p
5790,hsa-miR-873-5p
31401,hsa-miR-1237-3p
91466,hsa-let-7g-5p
5280795,hsa-miR-422a
9826528,hsa-miR-518f-3p
60953,hsa-miR-4758-3p
1983,hsa-miR-622
148124,hsa-miR-574-5p
2244,hsa-miR-19a-3p
114900,hsa-miR-382-5p
3386,hsa-let-7i-3p
644241,hsa-miR-629-5p
11953817,hsa-miR-512-3p
91820602,hsa-miR-1827
657237,hsa-miR-624-3p
65015,hsa-miR-4716-3p
10184653,hsa-mir-153-2
667639,hsa-miR-3945
3397,hsa-miR-1825
119104,hsa-miR-663a
445639,hsa-miR-2277-3p
2578,hsa-miR-4768-5p
5381226,hsa-miR-519c-5p
4095,hsa-miR-1283
241,hsa-miR-29c-3p
5865,hsa-miR-337-5p
5394,hsa-miR-616-3p
16197265,hsa-miR-422a
2995,hsa-miR-1288-3p
114900,hsa-miR-1303
41867,hsa-miR-18b-5p
216345,hsa-miR-363-5p
2578,hsa-miR-770-5p
216239,hsa-miR-3126-5p
42890,hsa-miR-3192-5p
60823,hsa-miR-582-3p
6279,hsa-miR-629-3p
1110,hsa-miR-34b-3p
1832,hsa-miR-378e
4095,hsa-miR-628-3p
123596,hsa-miR-609
5865,hsa-miR-4765
460612,hsa-miR-3153
11556711,hsa-miR-101-3p
54670067,hsa-miR-378a-5p
2733526,hsa-miR-205-5p
171548,hsa-miR-103a-3p
141643,hsa-miR-583
38904,hsa-miR-17-5p
6115,hsa-miR-662
1832,hsa-miR-338-3p
4891,hsa-miR-935
446556,hsa-miR-1911-5p
712,hsa-miR-129-2-3p
3397,hsa-miR-489-3p
5282350,hsa-miR-631
9064,hsa-miR-371b-3p
89594,hsa-miR-129-5p
2353,hsa-miR-542-3p
3385,hsa-miR-4800-3p
5746,hsa-miR-607
5318517,hsa-miR-2052
56842234,hsa-miR-557
5757,hsa-miR-4653-3p
445858,hsa-miR-525-5p
3902,hsa-miR-936
445639,hsa-miR-4315
445858,hsa-miR-3134
176870,hsa-miR-4453
5288209,hsa-miR-4311
5284616,hsa-miR-24-2-5p
3220,hsa-miR-196b-3p
65015,hsa-miR-19b-3p
445639,hsa-miR-486-3p
11228183,hsa-miR-4644
5280360,hsa-miR-520f-3p
43815,hsa-mir-19b-1
4095,hsa-miR-188-5p
460612,hsa-miR-548f-5p
5950,hsa-miR-4319
7222,hsa-miR-517a-3p
445434,hsa-miR-596
5757,hsa-miR-15a-5p
97226,hsa-miR-3914
1175,hsa-miR-4774-5p
5793,hsa-miR-518c-5p
114900,hsa-mir-542
5291,hsa-miR-3149
64971,hsa-miR-1293
444732,hsa-miR-3184-5p
5073,hsa-miR-516a-5p
5881,hsa-miR-92a-3p
5280795,hsa-miR-617
104842,hsa-miR-27a-3p
5743,hsa-miR-302d-3p
145858,hsa-miR-6134
1548943,hsa-miR-450b-5p
229455,hsa-miR-124-5p
17754356,hsa-miR-1255b-5p
21109,hsa-miR-194-5p
11556711,hsa-miR-191-5p
36462,hsa-miR-3654
6468,hsa-miR-210-3p
5881,hsa-miR-576-5p
253602,hsa-miR-1224-5p
42890,hsa-miR-762
91820602,hsa-miR-3186-3p
164676,hsa-miR-4665-3p
15625,hsa-let-7b-5p
4212,hsa-miR-15a-5p
4943,hsa-miR-1307-3p
1548943,hsa-miR-221-3p
261000,hsa-miR-519d-3p
5959,hsa-miR-3945
3386,hsa-miR-93-5p
77999,hsa-miR-877-5p
104746,hsa-miR-2116-3p
13089,hsa-miR-185-5p
3101,hsa-miR-3153
156413,hsa-miR-488-3p
56842234,hsa-miR-10a-3p
24978538,hsa-miR-4796-3p
119307,hsa-miR-523-3p
56649450,hsa-miR-3154
5288826,hsa-miR-1910-5p
5381226,hsa-miR-3937
119104,hsa-miR-143-3p
54670067,hsa-miR-139-3p
5329102,hsa-miR-4644
13342,hsa-miR-448
89594,hsa-miR-602
3006531,hsa-miR-18b-3p
15,hsa-miR-631
5352624,hsa-miR-541-3p
2723601,hsa-miR-1224-3p
445858,hsa-miR-587
5073,hsa-miR-4281
5865,hsa-miR-99b-5p
5881,hsa-miR-30b-3p
9915743,hsa-miR-2052
5789,hsa-miR-497-5p
4212,hsa-miR-3175
11226684,hsa-miR-19b-3p
54670067,hsa-miR-193a-3p
5222465,hsa-miR-337-3p
3652,hsa-mir-324
6442177,hsa-miR-521
107985,hsa-miR-15a-5p
3763,hsa-miR-516a-5p
702,hsa-miR-92a-2-5p
5978,hsa-miR-96-5p
3121,hsa-miR-489-3p
9547215,hsa-miR-4289
6167,hsa-miR-95-5p
241,hsa-miR-193b-3p
644241,hsa-let-7d-3p
5280343,hsa-miR-525-5p
5746,hsa-miR-4758-3p
5865,hsa-miR-1183
5959,hsa-miR-495-3p
54454,hsa-miR-611
16197265,hsa-miR-197-3p
2353,hsa-miR-718
7222,hsa-miR-380-5p
451668,hsa-miR-181c-5p
442793,hsa-miR-200c-3p
156413,hsa-miR-4711-3p
60750,hsa-miR-1265
60838,hsa-miR-378e
445580,hsa-miR-103a-2-5p
7222,hsa-miR-3152-3p
451668,hsa-miR-421
6623,hsa-miR-24-3p
9444,hsa-miR-921
3385,hsa-miR-4633-5p
7222,hsa-miR-550a-5p
969516,hsa-miR-485-5p
171548,hsa-miR-329-3p
60780,hsa-miR-553
216239,hsa-miR-629-3p
5288826,hsa-miR-492
5381226,hsa-miR-532-5p
5462222,hsa-let-7i-3p
5073,hsa-mir-199a-2
9064,hsa-miR-484
104746,hsa-miR-889-3p
712,hsa-miR-663b
445434,hsa-miR-522-3p
60700,hsa-miR-129-2-3p
5951,hsa-miR-155-5p
442428,hsa-miR-4448
445434,hsa-miR-130a-5p
1832,hsa-miR-374b-3p
3902,hsa-mir-128-2
124886,hsa-miR-602
216239,hsa-miR-3654
46843772,hsa-miR-3945
72301,hsa-miR-4473
2733526,hsa-miR-518a-3p
24288,hsa-miR-1200
72301,hsa-miR-499a-5p
442972,hsa-miR-4701-5p
122724,hsa-miR-30b-5p
5789,hsa-miR-516b-3p
56842234,hsa-miR-199b-5p
5311,hsa-miR-203b-3p
13089,hsa-miR-4650-5p
5318517,hsa-miR-944
65064,hsa-miR-548a-3p
5757,hsa-miR-4710
6089,hsa-miR-222-3p
91466,hsa-miR-1255a
9547215,hsa-miR-197-3p
442428,hsa-miR-4279
164676,hsa-miR-449b-3p
5280427,hsa-miR-553
42611257,hsa-miR-378d
25244711,hsa-miR-516a-5p
452548,hsa-miR-135a-3p
6041,hsa-miR-378a-5p
445580,hsa-miR-491-5p
2244,hsa-miR-3134
261004,hsa-miR-521
60750,hsa-miR-548d-5p
2051,hsa-miR-4279
5816,hsa-miR-374a-5p
77999,hsa-miR-1227-3p
5352624,hsa-miR-3660
123596,hsa-miR-193a-5p
104746,hsa-miR-718
5790,hsa-miR-30c-2-3p
11556711,hsa-miR-130a-3p
445434,hsa-miR-3907
65015,hsa-miR-3149
5280427,hsa-miR-544a
3345,hsa-miR-490-5p
5212,hsa-miR-6134
5789,hsa-miR-585-3p
285033,hsa-miR-625-5p
38904,hsa-miR-4687-5p
73581,hsa-let-7c-5p
123631,hsa-miR-4521
123596,hsa-miR-1246
6468,hsa-miR-30d-5p
54671203,hsa-miR-569
216326,hsa-miR-587
5311,hsa-miR-1178-3p
60606,hsa-miR-151a-5p
124886,hsa-miR-522-3p
17754356,hsa-miR-4735-3p
5073,hsa-miR-1288-3p
216345,hsa-miR-519d-3p
9547215,hsa-miR-4516
5280448,hsa-miR-296-5p
164676,hsa-mir-24-1
3229,hsa-miR-127-5p
3220,hsa-miR-4700-5p
636397,hsa-miR-26a-5p
2662,hsa-miR-513a-3p
5789,hsa-miR-206
985,hsa-miR-1178-3p
446220,hsa-miR-1197
124886,hsa-miR-193a-5p
9444,hsa-miR-4678
5755,hsa-miR-34b-5p
4943,hsa-miR-645
60606,hsa-miR-346
25227436,hsa-miR-92b-3p
5950,hsa-miR-523-3p
6505803,hsa-mir-1285-1
43815,hsa-miR-4731-3p
5816,hsa-miR-18a-3p
6089,hsa-miR-149-5p
5746,hsa-miR-564
5280961,hsa-miR-150-5p
14403,hsa-miR-23b-5p
638278,hsa-miR-494-3p
5281708,hsa-miR-495-3p
6106,hsa-miR-542-3p
3902,hsa-miR-320b
10836,hsa-miR-548b-3p
17754356,hsa-miR-151a-3p
104842,hsa-miR-21-5p
5281708,hsa-miR-552-3p
657237,hsa-miR-1229-3p
60198,hsa-miR-493-3p
10184653,hsa-miR-16-1-3p
25244711,hsa-miR-515-3p
2907,hsa-miR-3144-5p
16197265,hsa-miR-3193
4641,hsa-miR-33a-5p
2520,hsa-miR-194-3p
5280343,hsa-miR-323b-5p
38904,hsa-miR-30a-3p
5950,hsa-miR-524-5p
5361,hsa-miR-629-5p
28486,hsa-miR-193b-5p
241,hsa-miR-24-1-5p
5283344,hsa-miR-4745-3p
10635,hsa-miR-376a-3p
24759,hsa-miR-139-3p
2662,hsa-miR-668-3p
241,hsa-miR-195-5p
5310940,hsa-miR-3149
448013,hsa-miR-27a-5p
15939,hsa-miR-486-5p
11228183,hsa-miR-514a-3p
5035,hsa-miR-32-3p
25183872,hsa-miR-551b-3p
5283344,hsa-miR-4783-3p
3220,hsa-miR-323a-5p
5460341,hsa-miR-198
3763,hsa-miR-4454
47725,mmu-miR-703
47725,hsa-miR-593-3p
56649450,hsa-miR-3174
23973,hsa-miR-1257
5222465,hsa-miR-3192-5p
6857599,hsa-miR-4787-5p
77999,hsa-miR-760
2187,hsa-miR-2116-3p
5538,hsa-miR-3198
5281708,hsa-miR-138-1-3p
15,hsa-miR-302c-3p
5789,hsa-miR-4729
896,hsa-miR-4685-3p
42890,hsa-miR-668-3p
644241,hsa-miR-363-3p
5951,hsa-miR-4319
5959,hsa-miR-1179
21633059,hsa-miR-4478
3657,hsa-miR-525-3p
162282,hsa-miR-129-5p
65064,hsa-miR-19a-3p
3397,hsa-miR-875-3p
10621,hsa-miR-550a-5p
2578,hsa-miR-4453
9064,hsa-miR-532-5p
446220,hsa-miR-769-5p
64971,hsa-miR-514a-3p
3071,hsa-miR-558
25244711,hsa-miR-33b-5p
10635,hsa-miR-27a-3p
122724,hsa-miR-4448
25262965,hsa-miR-618
122724,hsa-miR-1538
229455,hsa-miR-219a-1-3p
104746,hsa-miR-22-3p
42890,hsa-miR-3167
5280343,hsa-miR-3614-3p
65015,hsa-miR-500b-5p
2723601,hsa-let-7g-5p
126941,hsa-miR-892a
135403648,hsa-let-7a-5p
4641,hsa-miR-1469
4033,hsa-miR-135a-5p
5212,hsa-miR-30b-3p
261000,hsa-miR-297
6013,hsa-miR-302b-3p
11626560,hsa-miR-191-3p
3220,hsa-miR-320b
1110,hsa-mir-196a-1
5318517,hsa-miR-518e-3p
445154,hsa-miR-2861
3386,hsa-miR-4664-3p
784,hsa-miR-610
5280453,hsa-miR-466
9444,hsa-miR-3183
5746,hsa-miR-125a-5p
5793,hsa-miR-4732-5p
5035,hsa-miR-552-3p
91466,hsa-miR-1264
2187,hsa-miR-877-5p
5280453,hsa-miR-4455
119307,hsa-miR-10a-5p
5280453,hsa-miR-518f-3p
91466,hsa-miR-27b-5p
216345,hsa-miR-3937
5460341,hsa-miR-555
3657,hsa-mir-26a-2
985,hsa-miR-381-3p
15625,hsa-miR-519c-5p
164676,hsa-miR-106a-5p
2995,hsa-miR-183-3p
4891,hsa-miR-626
24978538,hsa-miR-1181
790,hsa-miR-539-5p
3121,hsa-miR-3147
439530,hsa-miR-515-5p
969516,hsa-miR-3682-3p
6041,hsa-miR-151a-5p
1130,hsa-miR-2277-3p
9576410,hsa-miR-4772-5p
28486,hsa-miR-31-5p
3220,hsa-miR-497-5p
285033,hsa-miR-500a-5p
216326,hsa-miR-589-5p
3821,hsa-miR-141-3p
24180719,hsa-miR-936
442428,hsa-miR-875-5p
5789,hsa-miR-4659b-5p
448013,hsa-miR-183-3p
2733,hsa-miR-330-3p
114900,hsa-miR-210-3p
6253,hsa-miR-181b-2-3p
439260,hsa-miR-873-5p
135403648,hsa-miR-15a-3p
3117,hsa-miR-561-3p
60198,hsa-miR-659-3p
156413,hsa-miR-2052
10621,hsa-miR-302f
3690,hsa-miR-877-3p
9931953,hsa-let-7d-5p
5288209,hsa-miR-514a-3p
145858,hsa-miR-4473
261000,hsa-miR-892b
689043,hsa-miR-449b-3p
24497,hsa-miR-616-3p
216326,hsa-miR-4716-5p
5361,hsa-miR-3163
37542,hsa-miR-4665-3p
9804992,hsa-miR-367-3p
4095,hsa-miR-146b-5p
445154,hsa-miR-4791
24288,hsa-miR-106b-5p
4212,hsa-miR-1247-5p
5793,hsa-miR-1277-3p
5222465,hsa-miR-433-3p
104842,hsa-miR-2114-5p
5789,hsa-miR-224-5p
5035,hsa-miR-129-2-3p
444732,hsa-miR-497-5p
448013,hsa-miR-149-3p
3345,hsa-miR-542-3p
10621,hsa-miR-877-5p
171548,hsa-miR-592
56649450,hsa-miR-4521
446220,hsa-miR-581
65348,hsa-miR-3173-3p
9444,hsa-miR-367-3p
2244,hsa-miR-4450
667639,hsa-miR-181a-2-3p
636397,hsa-miR-129-2-3p
657237,hsa-miR-4758-5p
387447,hsa-miR-2113
3071,hsa-miR-219b-3p
141643,hsa-miR-10b-3p
31401,hsa-miR-3065-5p
21633059,hsa-miR-3147
442428,hsa-miR-23b-5p
969516,hsa-miR-885-5p
2520,hsa-miR-614
171548,hsa-miR-3180
462382,hsa-miR-3074-3p
5361,hsa-miR-3065-3p
446556,hsa-miR-501-5p
5881,hsa-miR-3660
24360,hsa-miR-22-5p
969516,hsa-miR-374b-5p
6167,hsa-miR-942-5p
1983,hsa-miR-26a-5p
44259,hsa-miR-769-5p
5394,hsa-miR-196a-1-3p
5283344,hsa-miR-3606-5p
6468,hsa-miR-4487
448537,hsa-miR-328-3p
3386,hsa-miR-518f-3p
208908,hsa-miR-769-3p
5994,hsa-miR-191-3p
2520,hsa-miR-188-3p
6041,hsa-miR-130a-5p
444732,hsa-miR-1265
5280427,hsa-miR-582-3p
64971,hsa-miR-591
5035,hsa-miR-502-5p
126941,hsa-miR-516b-5p
3121,hsa-miR-106a-3p
5757,hsa-miR-552-3p
439530,hsa-miR-4285
3121,hsa-miR-4689
123865,hsa-miR-551b-3p
2578,hsa-miR-15a-5p
6106,hsa-miR-521
91466,hsa-miR-514a-3p
636397,hsa-miR-2861
5222465,hsa-miR-1244
462382,hsa-miR-128-3p
5282350,hsa-miR-139-5p
24497,hsa-miR-369-3p
5329102,hsa-miR-576-5p
2662,hsa-miR-587
30323,hsa-miR-516b-3p
5035,hsa-miR-3945
162282,hsa-miR-136-5p
54454,hsa-miR-578
65064,hsa-miR-30d-5p
9700,hsa-miR-1911-5p
31401,hsa-miR-4261
3821,hsa-miR-4455
47725,hsa-miR-199b-3p
657237,hsa-miR-1261
657237,hsa-miR-563
38904,hsa-mir-24-1
54670067,hsa-miR-202-3p
644241,hsa-miR-873-5p
5310940,hsa-miR-4768-5p
9931953,hsa-miR-2117
145858,hsa-miR-509-5p
5284373,hsa-miR-597-5p
54670067,hsa-miR-4653-3p
24978538,hsa-miR-501-5p
119104,hsa-miR-135a-3p
6468,hsa-miR-4448
444795,hsa-miR-544a
285033,hsa-miR-4640-5p
2733,hsa-miR-877-3p
7222,hsa-miR-4795-5p
60198,hsa-miR-100-5p
171548,hsa-mir-92a-1
44631912,hsa-miR-542-3p
5460341,hsa-miR-199a-5p
9826528,hsa-miR-409-3p
4033,hsa-miR-497-5p
6253,hsa-miR-27a-5p
442793,hsa-miR-765
5462222,hsa-miR-1204
4624,hsa-miR-4722-5p
42611257,hsa-miR-1224-3p
5311,hsa-miR-4633-5p
636397,hsa-miR-3945
13342,hsa-miR-568
1110,hsa-miR-18a-3p
11626560,hsa-miR-519d-3p
3652,hsa-miR-128-3p
2353,hsa-miR-216a-5p
4943,hsa-miR-520c-3p
5288826,hsa-miR-3149
790,hsa-miR-143-3p
42113,hsa-miR-3127-5p
54670067,hsa-miR-516a-5p
4091,hsa-miR-4774-5p
5790,hsa-miR-718
445639,hsa-miR-1260a
31401,hsa-miR-4774-5p
446556,hsa-miR-4662a-3p
54670067,hsa-miR-936
9949648,hsa-miR-7-1-3p
2662,hsa-miR-4460
10635,hsa-miR-30e-3p
123631,hsa-miR-548h-5p
3488,hsa-miR-642a-5p
5212,hsa-miR-924
1832,hsa-mir-16-2
4033,hsa-miR-3178
60838,hsa-miR-181a-5p
162282,hsa-miR-583
11707110,hsa-miR-487a-3p
97226,hsa-miR-508-3p
65110,hsa-miR-1248
1175,hsa-miR-551a
5865,hsa-miR-518b
176870,hsa-miR-630
72304,hsa-miR-18a-5p
47725,hsa-miR-934
460612,hsa-miR-4678
2520,hsa-miR-4521
5280427,hsa-miR-28-5p
24360,hsa-miR-526a-5p
24759,hsa-miR-4710
73581,hsa-miR-578
5994,hsa-miR-1234-3p
5282350,hsa-miR-877-3p
9949648,hsa-miR-489-3p
5280427,hsa-miR-509-3p
11953817,hsa-miR-508-3p
1983,hsa-miR-4774-5p
7222,hsa-miR-4501
253602,hsa-miR-18a-3p
5291,hsa-miR-489-5p
54670067,hsa-miR-649
43815,hsa-miR-888-5p
6106,hsa-miR-485-5p
104758,hsa-miR-3658
2733,hsa-miR-380-5p
23973,hsa-miR-938
9826528,hsa-miR-3681-5p
5073,mmu-miR-878-3p
9804992,hsa-miR-1253
11626560,hsa-miR-421
24978538,hsa-miR-548m
5291,hsa-miR-521
5381226,hsa-miR-29a-3p
644241,hsa-miR-3974
444795,hsa-miR-524-5p
5361,hsa-miR-1914-5p
9700,hsa-miR-302c-3p
5035,hsa-miR-3141
77999,hsa-let-7d-5p
6505803,hsa-miR-1468-5p
3690,hsa-miR-324-5p
448013,hsa-miR-4455
21109,hsa-miR-1915-3p
148124,hsa-miR-4723-3p
636397,hsa-miR-2116-5p
65015,hsa-let-7d-3p
3961,hsa-miR-711
171548,hsa-miR-155-5p
702,hsa-miR-4257
5746,hsa-miR-2117
162282,hsa-miR-135a-3p
3062316,hsa-miR-942-5p
5360373,hsa-miR-1267
9915743,hsa-miR-370-3p
702,hsa-let-7g-5p
53232,hsa-miR-149-5p
9700,hsa-miR-193b-5p
6505803,hsa-miR-1343-3p
44259,hsa-miR-1224-5p
387447,hsa-miR-409-5p
9949648,hsa-miR-1260b
60750,hsa-miR-3196
6013,hsa-miR-365b-3p
6115,hsa-miR-34b-3p
3103,hsa-miR-188-3p
6279,hsa-miR-124-5p
216345,hsa-miR-4791
445858,hsa-miR-585-3p
11556711,hsa-miR-1287-5p
60606,hsa-miR-4638-5p
5951,hsa-miR-140-5p
462382,hsa-miR-300
176870,hsa-miR-873-5p
10621,hsa-miR-125b-2-3p
123596,hsa-let-7b-3p
2733,hsa-miR-181c-3p
10635,hsa-miR-613
2244,hsa-miR-33b-5p
5462222,hsa-miR-1224-3p
452548,hsa-miR-517a-3p
451668,hsa-miR-515-5p
6089,hsa-miR-183-3p
6623,hsa-miR-4722-5p
14888,hsa-miR-23a-5p
5288826,hsa-miR-3186-3p
25183872,hsa-miR-4759
5280448,hsa-miR-637
6037,hsa-miR-513a-5p
37542,hsa-miR-551a
23725625,hsa-miR-4518
5746,hsa-miR-889-3p
65064,hsa-miR-711
60750,hsa-miR-1229-3p
5329102,hsa-miR-583
1176,hsa-miR-1299
5284373,hsa-miR-122-5p
1983,hsa-miR-320d
72304,hsa-miR-133b
6037,hsa-miR-202-5p
445639,hsa-miR-152-3p
41867,hsa-miR-924
45266826,hsa-miR-873-5p
2375,hsa-let-7a-5p
54675776,hsa-miR-361-3p
4624,hsa-miR-342-5p
644241,hsa-miR-765
657237,hsa-miR-520f-3p
644241,hsa-miR-4327
91820602,hsa-miR-4257
712,hsa-miR-4750-5p
141643,hsa-miR-4447
5281708,hsa-miR-4791
1983,hsa-miR-572
4091,hsa-miR-519c-3p
4624,hsa-miR-140-5p
47318,hsa-miR-517c-3p
24288,hsa-miR-145-5p
5959,hsa-miR-498-5p
6857599,hsa-mir-26a-1
445858,hsa-miR-3139
37542,hsa-let-7a-3p
25227436,hsa-miR-133a-3p
9915743,hsa-miR-20b-5p
60838,hsa-miR-1914-5p
1548943,hsa-miR-3681-5p
449171,hsa-miR-122b-5p
253602,hsa-mir-548h-2
38904,hsa-miR-4668-5p
104746,hsa-mir-324
4033,hsa-miR-4653-5p
5280951,hsa-miR-1250-5p
6013,bdo-let-7
216239,hsa-miR-188-3p
9576410,hsa-miR-1236-3p
3071,hsa-mir-770
5288209,hsa-miR-4678
5994,hsa-miR-500a-5p
444732,hsa-miR-320d
1832,hsa-miR-519c-5p
2723601,hsa-miR-377-3p
5757,hsa-miR-3139
56649450,hsa-miR-3187-3p
6037,hsa-miR-203b-3p
15625,hsa-miR-92a-2-5p
104741,hsa-miR-487a-3p
5280961,hsa-miR-628-5p
3657,hsa-miR-891a-5p
3652,hsa-miR-1281
5352624,hsa-miR-4535
54675776,hsa-miR-551a
5959,hsa-miR-106a-3p
11707110,hsa-miR-3195
25244711,hsa-miR-3168
6442177,hsa-miR-181a-2-3p
11953817,hsa-miR-1204
5035,hsa-miR-124-3p
2662,hsa-miR-29b-2-5p
72304,hsa-miR-592
114900,hsa-miR-142-5p
24497,hsa-miR-582-3p
6037,hsa-miR-489-5p
5793,hsa-miR-135a-3p
31401,hsa-mir-29b-1
65110,hsa-miR-210-3p
5951,hsa-miR-643
4624,hsa-miR-4800-3p
5381226,hsa-miR-488-3p
108065,hsa-miR-383-5p
60852,hsa-miR-525-5p
261004,hsa-miR-194-5p
2520,hsa-miR-4298
5282350,hsa-miR-376c-3p
5950,hsa-miR-15b-3p
4891,hsa-miR-23a-5p
2244,hsa-miR-3074-3p
5757,hsa-miR-3960
448013,hsa-miR-518c-5p
60953,hsa-miR-576-3p
5462222,hsa-mir-24-2
6505803,hsa-miR-3154
5360373,hsa-miR-3911
6057,hsa-miR-3940-3p
14888,hsa-miR-181a-2-3p
104741,hsa-miR-150-3p
4641,hsa-miR-24-3p
5361,hsa-miR-4713-5p
36314,hsa-miR-150-5p
54670067,hsa-miR-107
5212,hsa-miR-4289
122724,hsa-miR-543
448013,hsa-miR-374c-5p
439530,hsa-miR-106b-3p
6037,hsa-miR-648
3006531,hsa-miR-889-3p
445858,hsa-miR-520d-3p
1175,hsa-miR-1181
4943,hsa-miR-936
104741,hsa-miR-802
53232,hsa-miR-654-3p
126941,hsa-miR-203a-3p
1110,hsa-miR-583
6253,hsa-miR-3133
2336,hsa-miR-329-3p
24360,hsa-miR-4650-5p
3763,hsa-miR-125a-5p
119104,hsa-miR-4693-5p
47318,hsa-miR-412-3p
446556,hsa-miR-3177-3p
3103,hsa-miR-1288-3p
171548,hsa-miR-591
54670067,hsa-miR-4713-5p
667639,hsa-miR-571
5280343,hsa-miR-889-3p
2767,hsa-miR-507
6623,hsa-miR-296-3p
43815,hsa-miR-29b-2-5p
9949648,hsa-miR-532-3p
13342,hsa-miR-362-5p
455658,hsa-miR-34b-3p
60198,hsa-miR-224-5p
667639,hsa-miR-4778-5p
2353,hsa-let-7b-5p
11226684,hsa-miR-1233-3p
5352624,hsa-miR-216b-5p
208908,hsa-miR-29c-3p
97226,hsa-miR-325
3220,hsa-miR-122-5p
5538,hsa-miR-634
123865,hsa-miR-3153
10635,hsa-miR-4675
644241,hsa-miR-371b-3p
387447,hsa-miR-1206
5361,hsa-miR-29c-3p
60838,hsa-miR-18b-5p
4943,hsa-miR-4716-3p
969516,hsa-miR-4521
6442177,hsa-miR-141-3p
24497,hsa-miR-4653-5p
6857599,hsa-miR-212-3p
2051,hsa-miR-524-3p
30323,hsa-miR-1247-5p
644241,hsa-miR-653-5p
445639,hsa-miR-92b-3p
3397,hsa-miR-30c-1-3p
13089,hsa-miR-106a-5p
60606,hsa-miR-2355-3p
156413,hsa-miR-146a-5p
5755,hsa-miR-4804-5p
216345,hsa-miR-4731-3p
47725,hsa-miR-183-3p
5394,hsa-miR-298
5310940,hsa-miR-4685-5p
25183872,hsa-miR-663a
5284616,hsa-miR-516a-5p
60953,mmu-miR-703
21109,hsa-miR-3127-5p
241,hsa-miR-4763-3p
5280448,hsa-miR-1303
5755,hsa-miR-10b-5p
3345,hsa-miR-623
3763,hsa-miR-301b-3p
2662,hsa-miR-876-3p
5280427,hsa-miR-3660
5361,hsa-miR-655-3p
5280360,hsa-miR-3619-5p
445434,hsa-miR-3679-5p
9804992,hsa-miR-520f-3p
3103,hsa-miR-126-3p
5280448,hsa-mir-1285-1
119307,hsa-miR-891b
77999,hsa-miR-556-5p
60780,hsa-miR-103a-3p
37542,hsa-miR-3163
60953,hsa-miR-551b-3p
1548943,hsa-miR-99b-3p
445154,hsa-mir-548h-2
4763,hsa-miR-4689
28486,hsa-mir-199a-1
6623,hsa-miR-124-3p
2995,hsa-miR-20b-5p
4095,hsa-miR-30a-3p
56842234,hsa-miR-196a-5p
5755,hsa-miR-181d-5p
5746,hsa-miR-4483
4033,hsa-mir-16-2
65064,hsa-miR-144-3p
229455,hsa-miR-875-5p
24978538,hsa-miR-3665
108065,hsa-miR-217-5p
47318,hsa-miR-187-3p
89594,hsa-miR-762
3103,hsa-miR-92a-2-5p
657237,hsa-miR-490-5p
5361,hsa-miR-520g-3p
657237,hsa-miR-181d-5p
1175,hsa-mir-29b-1
97226,hsa-miR-330-3p
445858,hsa-miR-410-5p
9444,hsa-miR-1237-3p
439530,hsa-miR-877-3p
9444,hsa-miR-4685-5p
60780,hsa-miR-3196
216326,hsa-miR-3674
1983,hsa-miR-1913
4033,hsa-miR-4521
104842,hsa-miR-1288-3p
28486,hsa-miR-15a-3p
5222465,hsa-miR-1249-3p
2995,hsa-miR-1539
460612,hsa-miR-503-5p
24759,hsa-miR-628-3p
2995,hsa-miR-4787-5p
5462222,hsa-miR-520d-3p
97226,hsa-mir-1285-1
2187,hsa-miR-323a-3p
126941,hsa-miR-378f
9804992,hsa-miR-1538
4641,hsa-miR-4665-3p
119104,hsa-miR-3660
36462,hsa-mir-125b-2
448013,hsa-miR-3175
60852,hsa-miR-3193
123631,hsa-miR-320d
24288,hsa-miR-875-3p
6857599,hsa-miR-1181
89594,hsa-miR-106b-5p
985,hsa-miR-3180-5p
5790,hsa-miR-29c-5p
712,hsa-miR-670-5p
176870,hsa-miR-519e-3p
442793,hsa-miR-1321
5755,hsa-miR-1911-5p
5361,hsa-mir-24-2
2662,hsa-miR-4735-3p
15,hsa-miR-585-3p
445434,hsa-miR-744-5p
11953817,hsa-miR-1262
5212,hsa-mir-1285-1
77999,hsa-miR-4725-3p
5222465,hsa-miR-216b-5p
644241,hsa-miR-4286
5789,hsa-miR-1255b-5p
25262965,hsa-miR-335-3p
24759,hsa-miR-676-3p
60852,hsa-miR-323a-3p
11226684,hsa-miR-153-3p
3821,hsa-miR-448
3117,hsa-miR-129-1-3p
6057,hsa-miR-198
442972,hsa-miR-516b-3p
445154,hsa-miR-608
2907,hsa-miR-489-3p
162282,hsa-miR-194-3p
448537,hsa-miR-1225-5p
38904,hsa-miR-938
462382,hsa-miR-137-3p
6089,hsa-miR-519d-3p
46843772,hsa-miR-767-3p
2187,hsa-miR-4711-3p
985,hsa-miR-10a-5p
2733,hsa-miR-4655-5p
6857599,hsa-miR-424-5p
644241,hsa-miR-3150b-3p
104758,hsa-miR-4466
10836,hsa-miR-570-3p
261004,hsa-miR-1292-5p
36462,hsa-miR-452-5p
164676,hsa-miR-93-5p
2662,hsa-miR-16-5p
60852,hsa-miR-127-5p
89594,hsa-miR-744-5p
6057,hsa-miR-522-3p
5757,hsa-miR-4530
10184653,hsa-miR-483-3p
5951,hsa-miR-671-5p
5538,hsa-miR-582-3p
25227436,hsa-miR-1255a
119104,hsa-miR-371a-3p
65015,hsa-miR-573
3062316,hsa-miR-185-5p
10836,hsa-miR-520a-3p
15,hsa-miR-126-5p
123596,hsa-miR-139-5p
9949648,hsa-miR-4488
65015,hsa-miR-644a
5793,hsa-miR-378g
5288826,hsa-miR-2861
31101,hsa-miR-374b-3p
25183872,hsa-miR-3174
97226,hsa-miR-4695-3p
4033,hsa-miR-3907
5280427,hsa-miR-4687-5p
446556,hsa-miR-549a-3p
4158,hsa-miR-505-3p
638278,hsa-mir-450a-2
6167,hsa-miR-23a-5p
452548,hsa-miR-106b-3p
31101,hsa-mir-548a-2
104758,hsa-miR-655-3p
5284373,hsa-miR-196a-3p
5284616,hsa-miR-127-5p
47725,hsa-mir-16-2
123631,hsa-miR-658
1983,hsa-miR-4758-3p
176870,hsa-miR-151a-3p
141643,hsa-miR-582-5p
5790,hsa-miR-181c-3p
37542,hsa-miR-758-3p
9700,hsa-miR-199a-5p
445639,hsa-miR-519c-3p
24288,hsa-miR-7-5p
5755,hsa-miR-1206
4891,hsa-miR-4706
9949648,hsa-miR-23b-3p
123596,hsa-miR-4693-5p
216326,hsa-miR-202-5p
6857599,hsa-miR-181b-2-3p
135403648,hsa-miR-3149
41867,hsa-miR-2355-5p
31401,hsa-miR-134-5p
784,hsa-let-7d-3p
171548,hsa-miR-1179
5280343,hsa-miR-34c-5p
667639,hsa-miR-154-5p
6115,hsa-miR-758-3p
5394,hsa-miR-591
702,hsa-miR-1470
64971,hsa-miR-186-3p
3121,hsa-miR-363-3p
3101,hsa-miR-4787-3p
638278,hsa-miR-3198
6106,hsa-mir-1255b-1
439530,hsa-miR-34c-5p
5360373,hsa-miR-126-5p
11707110,hsa-miR-449b-5p
60852,hsa-miR-126-3p
6089,hsa-miR-613
2723601,hsa-miR-4763-3p
47725,hsa-miR-4298
2723601,hsa-let-7i-3p
3117,hsa-miR-4703-5p
104746,hsa-miR-501-5p
89594,hsa-miR-4759
444732,hsa-miR-32-3p
23725625,hsa-miR-422a
2187,hsa-miR-662
445639,hsa-miR-374b-5p
3006531,hsa-miR-196b-5p
7222,hsa-miR-490-5p
784,hsa-miR-199a-5p
42890,hsa-miR-429
387447,hsa-miR-302b-3p
104842,hsa-miR-193a-5p
15625,hsa-miR-1224-3p
9915743,hsa-miR-26a-1-3p
253602,hsa-miR-33b-5p
10635,hsa-miR-3654
126941,hsa-miR-4779
4641,hsa-miR-26a-1-3p
2767,hsa-miR-1260b
77999,hsa-miR-598-5p
5280951,hsa-miR-302b-3p
145858,hsa-miR-4758-3p
2187,hsa-miR-4703-5p
15625,hsa-miR-892a
24497,hsa-miR-564
23973,hsa-miR-3911
11626560,hsa-let-7c-5p
439260,hsa-miR-3917
156413,hsa-mir-324
4943,hsa-miR-4713-5p
10635,hsa-miR-543
6279,hsa-miR-623
6013,hsa-miR-889-5p
135403648,hsa-miR-30c-5p
3229,hsa-miR-493-3p
42611257,hsa-miR-191-5p
449171,hsa-miR-4716-5p
5789,hsa-let-7b-5p
3103,hsa-miR-4447
3121,hsa-miR-378g
1983,hsa-miR-31-5p
3229,hsa-miR-4281
985,hsa-miR-1233-3p
60198,hsa-miR-3139
3652,hsa-miR-592
208908,hsa-miR-192-5p
2723601,hsa-miR-3065-5p
462382,hsa-miR-517b-3p
2336,hsa-miR-302d-3p
60852,hsa-miR-4701-5p
72304,hsa-miR-608
42113,hsa-miR-1283
3006531,hsa-miR-591
5288209,hsa-let-7e-5p
5073,hsa-miR-616-3p
13342,hsa-miR-301b-3p
65110,hsa-miR-3940-3p
5280961,hsa-miR-524-5p
60700,hsa-miR-887-5p
24180719,hsa-miR-4285
1176,hsa-miR-4783-3p
5460341,hsa-miR-302f
5360373,hsa-let-7a-3p
462382,hsa-miR-4286
6089,hsa-miR-494-3p
43815,hsa-miR-553
5311,hsa-miR-584-5p
1176,hsa-miR-4668-5p
60852,hsa-miR-512-5p
2353,hsa-mir-92a-1
56649450,hsa-miR-5703
3345,hsa-miR-432-5p
42611257,hsa-miR-1288-3p
21633059,hsa-miR-3185
442428,hsa-miR-1262
65064,hsa-miR-378f
9444,hsa-miR-181d-3p
644241,hsa-miR-4285
145858,hsa-miR-139-3p
124886,hsa-miR-4765
104842,hsa-miR-3945
5288209,hsa-miR-20a-5p
2336,hsa-miR-324-3p
15625,hsa-miR-518f-3p
3488,hsa-miR-20a-5p
44259,hsa-miR-106b-5p
241,hsa-miR-638
784,hsa-miR-30e-3p
54671203,hsa-miR-18b-3p
3397,hsa-miR-486-3p
6505803,hsa-miR-3074-3p
4641,hsa-miR-939-5p
3101,hsa-miR-518d-5p
689043,hsa-miR-1538
171548,hsa-miR-196a-5p
261000,hsa-miR-4750-5p
5352624,hsa-miR-3154
6279,hsa-miR-212-3p
5283344,hsa-miR-1256
11626560,hsa-miR-875-3p
5959,hsa-miR-578
5329102,hsa-miR-1287-5p
5280951,hsa-miR-346
6041,hsa-mir-199a-1
1983,hsa-miR-3150b-3p
47318,hsa-miR-378f
25183872,hsa-miR-885-5p
712,hsa-miR-624-3p
14403,hsa-miR-34b-5p
3488,hsa-miR-576-3p
4641,hsa-miR-3660
171548,hsa-miR-361-3p
11953817,hsa-miR-515-5p
56649450,hsa-miR-3147
3062316,hsa-miR-297
54670067,hsa-miR-380-3p
60852,hsa-miR-3648
3763,hsa-miR-23a-5p
123596,hsa-miR-4311
9547215,efu-miR-128b
44631912,hsa-miR-544a
24759,hsa-miR-130a-3p
462382,hsa-miR-3911
1832,hsa-miR-2117
4943,hsa-miR-548a-3p
5283344,hsa-miR-579-3p
5280343,hsa-miR-495-3p
1176,hsa-miR-942-5p
72301,hsa-miR-19b-3p
5310940,hsa-mir-19b-1
5284616,hsa-miR-4504
2051,hsa-miR-216b-5p
5310940,hsa-miR-659-3p
5789,hsa-miR-190b-5p
3652,hsa-miR-126-3p
65015,hsa-miR-548h-5p
285033,hsa-miR-31-3p
5291,hsa-miR-4484
5951,hsa-miR-92a-2-5p
387447,hsa-miR-127-5p
3103,hsa-miR-1911-5p
4763,hsa-miR-2114-5p
60838,hsa-miR-4791
11226684,hsa-miR-613
1130,hsa-miR-298
5994,hsa-miR-3679-5p
449171,hsa-miR-3960
9931953,hsa-miR-320d
31401,hsa-miR-605-5p
17754356,hsa-miR-26b-3p
65064,hsa-miR-26a-1-3p
72301,hsa-miR-569
56649450,hsa-miR-1181
14888,hsa-miR-934
4943,hsa-miR-663b
261000,hsa-miR-1910-5p
3101,hsa-miR-222-3p
10635,hsa-miR-181c-3p
60700,hsa-miR-198
4624,hsa-miR-223-3p
5035,hsa-miR-1468-5p
638278,hsa-miR-3065-3p
162282,hsa-miR-4777-5p
123631,hsa-miR-196b-3p
442793,hsa-miR-486-5p
5280795,hsa-miR-518d-5p
24978538,hsa-miR-432-5p
24180719,hsa-miR-3663-3p
1832,hsa-miR-875-3p
5460341,hsa-miR-143-3p
9547215,hsa-miR-621
104758,hsa-miR-449b-5p
122634,hsa-miR-138-5p
135403648,hsa-miR-449a
124886,hsa-miR-378e
2995,hsa-miR-3945
5283344,hsa-mir-125b-2
65015,hsa-mir-450a-2
3062316,hsa-miR-3074-3p
9931953,hsa-miR-584-5p
7222,hsa-miR-4678
445154,hsa-miR-25-5p
5743,hsa-miR-126-5p
4641,hsa-mir-770
5746,hsa-miR-4455
241,hsa-miR-320d
2733526,hsa-miR-3117-3p
3821,hsa-miR-454-3p
2336,hsa-mir-7-3
2353,hsa-miR-331-3p
24978538,hsa-miR-135a-5p
644241,hsa-miR-548f-5p
985,hsa-miR-326
5865,hsa-miR-3658
445434,hsa-miR-374a-5p
5284616,hsa-miR-1914-5p
60780,hsa-miR-4783-3p
17754356,hsa-miR-625-5p
5978,hsa-miR-3937
544,hsa-miR-375-3p
11707110,hsa-miR-1323
9804992,hsa-miR-563
4158,hsa-miR-3660
261004,hsa-miR-509-5p
104746,hsa-miR-891b
1130,hsa-miR-3175
72301,hsa-miR-1260b
15939,hsa-miR-548m
241,hsa-miR-1249-3p
2733526,hsa-miR-4286
60198,hsa-miR-548c-3p
65015,hsa-miR-326
439530,mmu-miR-703
114900,hsa-miR-3611
3821,hsa-miR-339-5p
24497,hsa-miR-661
124886,hsa-miR-4689
45266826,hsa-miR-1538
6089,hsa-miR-548b-3p
54454,hsa-miR-3194-5p
636397,hsa-miR-628-3p
15939,hsa-miR-1321
24180719,hsa-miR-519a-3p
6106,hsa-miR-1290
5329102,hsa-miR-1249-3p
89594,hsa-miR-3133
4624,hsa-miR-519d-3p
445434,hsa-miR-545-3p
439530,hsa-mir-1207
25227436,hsa-miR-639
439260,hsa-miR-15a-5p
969516,hsa-let-7b-3p
3821,hsa-miR-2682-5p
9576410,hsa-miR-936
6279,hsa-mir-125b-2
5310940,hsa-miR-711
5959,hsa-miR-670-5p
5793,hsa-miR-380-5p
4158,hsa-miR-126-5p
285033,hsa-miR-188-3p
77999,hsa-miR-382-5p
107985,hsa-miR-1281
2767,hsa-miR-4749-3p
5959,hsa-miR-1827
3071,hsa-miR-606
5288826,hsa-miR-516a-5p
104746,hsa-miR-125b-1-3p
3652,hsa-miR-1262
31101,hsa-miR-568
123865,hsa-miR-3183
77999,hsa-miR-1275
702,hsa-miR-378d
3690,hsa-miR-3917
5994,hsa-miR-142-3p
5789,hsa-miR-4298
3121,hsa-miR-629-3p
5997,hsa-miR-1973
216239,hsa-miR-16-5p
5743,hsa-miR-4668-5p
5280951,hsa-mir-196a-2
5959,hsa-let-7f-1
3229,hsa-miR-199b-3p
5381226,hsa-miR-19b-3p
3121,hsa-miR-1304-5p
9547215,hsa-miR-618
442972,hsa-let-7c-5p
5280795,hsa-miR-25-3p
5743,hsa-miR-550a-3p
104758,hsa-miR-340-5p
56649450,hsa-miR-4453
444732,hsa-miR-618
5280448,hsa-miR-449c-5p
442428,hsa-miR-548f-5p
64971,hsa-miR-3659
3071,hsa-miR-432-5p
31101,hsa-miR-32-3p
141643,hsa-miR-221-3p
5222465,hsa-miR-1283
3006531,hsa-miR-454-5p
445858,hsa-miR-1253
3652,hsa-miR-4763-3p
208908,hsa-miR-3133
9804992,hsa-miR-95-5p
54675776,hsa-miR-628-5p
5978,hsa-miR-223-3p
3101,hsa-miR-892a
5283344,hsa-miR-4315
3397,hsa-miR-4652-5p
104741,hsa-miR-891b
6057,hsa-miR-1288-3p
47725,hsa-miR-4327
448013,hsa-miR-3161
54671203,hsa-miR-337-5p
455658,hsa-miR-4713-5p
2907,hsa-miR-373-3p
3657,hsa-miR-1197
445580,hsa-miR-589-5p
445154,hsa-miR-489-3p
4033,hsa-miR-374b-5p
60838,hsa-miR-487b-3p
6106,hsa-miR-4703-5p
455658,hsa-miR-1296-5p
208908,hsa-miR-4467
448537,hsa-miR-216a-5p
3488,hsa-miR-523-3p
5280453,hsa-mir-409
60852,hsa-miR-635
5816,hsa-miR-4725-3p
126941,hsa-miR-636
985,hsa-miR-4787-3p
5310940,hsa-miR-1825
24978538,hsa-miR-618
30323,hsa-mir-1207
5394,hsa-miR-4685-5p
25262965,hsa-miR-891b
6106,hsa-miR-183-3p
448537,hsa-miR-520c-3p
1175,hsa-miR-487b-3p
123596,hsa-miR-365a-3p
261000,hsa-miR-30c-2-3p
24978538,hsa-miR-1271-5p
445154,hsa-miR-106b-3p
31401,hsa-miR-1299
444795,hsa-miR-608
1130,hsa-miR-3161
5959,hsa-miR-188-3p
25244711,hsa-miR-26b-5p
21633059,hsa-miR-1257
452548,hsa-miR-518c-3p
4033,hsa-miR-338-5p
104758,hsa-miR-204-5p
44259,hsa-miR-155-5p
216345,hsa-miR-3620-3p
6106,hsa-miR-154-5p
3071,hsa-mir-365a
11707110,hsa-miR-219b-3p
5280795,hsa-miR-662
445858,hsa-miR-4463
15625,hsa-miR-1258
6442177,hsa-miR-3126-5p
46843772,hsa-miR-1307-3p
45266826,hsa-miR-4501
72304,hsa-miR-767-3p
445639,hsa-miR-4655-5p
2051,hsa-miR-579-3p
896,hsa-miR-4735-3p
23973,hsa-miR-885-3p
24360,hsa-miR-618
37542,hsa-miR-302b-3p
442793,hsa-miR-302a-3p
9915743,hsa-miR-595
91820602,hsa-miR-1248
3028194,hsa-miR-517b-3p
162282,hsa-miR-548f-5p
1548943,hsa-miR-617
1176,hsa-miR-432-5p
6115,hsa-miR-663b
5816,hsa-miR-126-5p
5462222,hsa-mir-365a
444795,hsa-miR-550a-5p
5881,hsa-miR-484
145858,hsa-miR-149-5p
6167,hsa-miR-4427
123865,hsa-let-7a-2
37542,hsa-miR-3198
6623,hsa-let-7a-3p
21633059,hsa-miR-4765
446220,hsa-miR-4716-3p
65348,hsa-miR-1268a
2187,hsa-miR-15a-5p
9915743,hsa-miR-3134
442793,hsa-miR-4633-5p
2733,hsa-miR-124-3p
5282350,hsa-miR-4635
53232,hsa-miR-143-5p
25183872,hsa-miR-2278
60823,hsa-miR-4706
6442177,hsa-miR-4464
444795,hsa-miR-92b-3p
30323,hsa-miR-4727-3p
442793,hsa-miR-107
122724,hsa-miR-522-3p
91820602,hsa-miR-371b-3p
4763,hsa-miR-522-3p
5460341,hsa-miR-1202
439260,hsa-miR-4687-3p
445434,hsa-miR-34c-3p
445580,hsa-miR-3654
114900,hsa-miR-4485-3p
5282350,hsa-miR-582-5p
387447,hsa-miR-346
462382,hsa-miR-139-3p
7222,hsa-miR-1972
25244711,hsa-miR-210-3p
21633059,hsa-miR-1321
3220,hsa-miR-449b-3p
15625,hsa-miR-662
72301,hsa-miR-22-5p
171548,hsa-miR-603
72304,hsa-miR-1267
2733,hsa-miR-4676-5p
65015,hsa-miR-148b-3p
5757,hsa-miR-578
6106,hsa-let-7f-2-3p
439260,hsa-miR-429
5789,hsa-miR-4707-5p
2767,hsa-miR-939-5p
156413,hsa-miR-609
445858,hsa-miR-184
11556711,hsa-miR-1200
141643,hsa-miR-205-5p
47318,hsa-miR-4695-3p
65348,hsa-miR-202-3p
104741,hsa-miR-651-5p
104741,hsa-let-7b-5p
44631912,hsa-miR-4448
5281708,hsa-miR-142-5p
2995,hsa-miR-30a-5p
445639,hsa-miR-222-5p
60838,hsa-miR-492
6442177,hsa-miR-320d
5280343,hsa-miR-624-3p
56842234,hsa-mir-1207
442972,hsa-miR-4711-3p
5280453,hsa-miR-758-3p
3657,hsa-miR-29a-3p
104746,hsa-miR-410-3p
2375,hsa-miR-548m
2907,hsa-miR-513c-5p
2520,hsa-miR-211-5p
9915743,hsa-miR-154-5p
5757,hsa-miR-197-3p
5790,hsa-miR-139-3p
30323,hsa-miR-609
5284616,hsa-miR-106a-5p
5280951,hsa-miR-877-5p
141643,hsa-miR-339-5p
156413,hsa-miR-4721
2336,hsa-miR-492
114900,hsa-miR-3144-5p
5951,hsa-miR-335-3p
2733526,hsa-miR-101-3p
2733526,hsa-miR-122b-5p
261000,hsa-miR-374a-5p
6013,hsa-miR-325
5311,hsa-miR-449c-5p
41867,hsa-mir-92a-2
65015,hsa-miR-892b
4095,hsa-miR-361-3p
60953,hsa-miR-489-3p
5280427,hsa-miR-4288
7222,hsa-miR-3187-3p
3121,hsa-miR-130a-3p
123596,hsa-miR-4650-5p
9915743,hsa-miR-1181
2662,hsa-miR-324-3p
2733526,hsa-miR-625-3p
7222,hsa-miR-181a-5p
3902,hsa-miR-1183
119104,hsa-miR-1244
31401,hsa-miR-127-3p
4641,hsa-miR-125b-1-3p
2187,hsa-miR-485-3p
439530,hsa-miR-629-5p
4891,hsa-miR-1914-5p
2375,hsa-miR-525-3p
21109,hsa-miR-1275
445580,hsa-miR-490-3p
5212,hsa-miR-548d-3p
216345,hsa-miR-4426
122724,hsa-miR-134-5p
445434,hsa-miR-21-3p
5282350,hsa-miR-1914-5p
15939,hsa-miR-668-3p
5288209,hsa-miR-216a-5p
6041,hsa-miR-548f-5p
9444,hsa-miR-517c-3p
5755,hsa-miR-451a
2520,hsa-miR-4713-5p
387447,hsa-miR-3668
122634,hsa-miR-1275
14403,hsa-miR-4478
5280360,hsa-miR-645
261000,hsa-miR-4465
9949648,hsa-miR-3141
5394,hsa-mir-7-3
56842234,hsa-miR-1291
4641,hsa-miR-3692-5p
2733526,hsa-miR-1226-3p
784,hsa-miR-518e-3p
104741,hsa-miR-4777-5p
10635,hsa-miR-4640-5p
4095,hsa-miR-618
216326,hsa-miR-23a-3p
5950,hsa-miR-924
4943,hsa-miR-520d-3p
119104,hsa-miR-196a-3p
3397,hsa-miR-4285
462382,hsa-miR-138-5p
636397,hsa-miR-1226-5p
460612,hsa-miR-2682-5p
25227436,hsa-miR-16-2-3p
89594,hsa-miR-509-5p
5329102,hsa-miR-30e-3p
108065,hsa-miR-4739
4763,hsa-miR-515-3p
36314,hsa-miR-4749-3p
28486,hsa-miR-124-3p
47318,hsa-miR-1225-5p
37542,hsa-miR-378g
37542,hsa-let-7a-5p
4943,hsa-miR-518f-3p
790,hsa-miR-7-1-3p
5329102,hsa-miR-374b-3p
54670067,hsa-miR-1234-3p
462382,hsa-miR-518d-5p
5865,hsa-miR-561-3p
3386,hsa-miR-151a-3p
444795,hsa-miR-891a-5p
6037,hsa-miR-222-5p
5816,hsa-miR-4675
644241,hsa-miR-1286
5757,hsa-miR-4685-5p
3652,hsa-miR-942-5p
6057,hsa-miR-708-5p
4943,hsa-miR-376b-3p
2051,hsa-miR-489-5p
164676,hsa-miR-3187-3p
544,hsa-miR-184
446556,hsa-miR-613
54671203,hsa-miR-374c-5p
1832,hsa-miR-24-3p
3121,hsa-miR-4257
24978538,hsa-miR-490-3p
1110,hsa-miR-1268a
6279,hsa-miR-193a-3p
156413,hsa-miR-21-5p
2767,hsa-miR-1253
5394,hsa-miR-877-5p
6253,hsa-miR-629-3p
38904,hsa-miR-103a-3p
2733,hsa-miR-1233-3p
3690,hsa-miR-598-5p
30323,hsa-miR-650
24759,hsa-miR-129-1-3p
2662,hsa-let-7a-5p
5816,hsa-miR-4768-5p
122724,hsa-miR-1908-5p
5950,hsa-miR-583
164676,hsa-miR-1206
5757,hsa-miR-1206
5282350,hsa-miR-548h-5p
5222465,hsa-miR-3135a
126941,hsa-miR-4674
2187,hsa-miR-1260a
44259,hsa-miR-3135a
3071,hsa-miR-589-5p
784,hsa-miR-33b-5p
657237,hsa-miR-4723-3p
14888,hsa-miR-769-5p
439260,hsa-miR-331-5p
54670067,hsa-mir-26a-1
23725625,hsa-miR-193a-3p
5280427,hsa-miR-619-3p
10621,hsa-miR-449a
544,hsa-miR-938
3488,hsa-miR-4473
13342,hsa-mir-24-2
60953,hsa-miR-628-3p
60606,hsa-miR-615-3p
261004,hsa-miR-508-3p
442793,hsa-miR-662
3103,hsa-miR-877-5p
60700,hsa-miR-3654
54670067,hsa-miR-4765
3345,hsa-miR-648
4158,hsa-miR-378i
24180719,hsa-miR-676-3p
54670067,hsa-miR-4258
460612,hsa-miR-601
25227436,hsa-miR-1914-5p
24180719,hsa-miR-581
5035,hsa-miR-3192-5p
15,hsa-miR-1250-5p
60852,hsa-miR-22-5p
442972,hsa-miR-34c-3p
6013,hsa-miR-193a-5p
985,hsa-miR-802
6468,hsa-miR-3606-5p
123865,hsa-miR-486-3p
25262965,hsa-miR-4467
123631,hsa-miR-4804-5p
1130,hsa-miR-342-3p
11228183,hsa-miR-22-3p
13342,hsa-mir-548a-1
60700,hsa-miR-485-3p
1110,hsa-miR-518e-3p
5881,hsa-miR-4716-3p
43815,hsa-miR-1206
25183872,hsa-miR-3125
446220,hsa-miR-4488
5280951,hsa-miR-197-3p
2995,hsa-miR-9-3p
3652,hsa-miR-551a
455658,hsa-miR-455-5p
5360373,hsa-miR-92b-3p
5816,hsa-miR-18b-3p
3763,hsa-miR-661
6505803,hsa-miR-665
241,hsa-miR-3668
64971,hsa-miR-378f
5222465,hsa-miR-4693-5p
442793,hsa-miR-4252
6037,hsa-miR-1913
31401,hsa-miR-1306-3p
216326,hsa-miR-513a-5p
56842234,hsa-miR-376a-3p
107985,hsa-miR-611
10621,hsa-miR-196a-1-3p
21109,hsa-miR-346
449171,hsa-miR-4518
5361,hsa-miR-452-5p
9064,hsa-miR-196a-3p
5280360,hsa-miR-380-3p
784,hsa-miR-3660
5280961,hsa-miR-485-5p
444795,hsa-miR-542-3p
89594,hsa-miR-193a-3p
455658,hsa-miR-331-3p
253602,hsa-miR-517b-3p
712,hsa-miR-622
2336,hsa-miR-1275
60198,hsa-miR-4476
104842,hsa-miR-4487
77999,hsa-miR-4484
216326,hsa-miR-484
65015,hsa-miR-18a-5p
5790,hsa-miR-92a-1-5p
54675776,hsa-miR-17-5p
54675776,hsa-miR-10a-5p
3103,hsa-miR-570-3p
31101,hsa-miR-103a-3p
5538,hsa-miR-146b-5p
4891,hsa-miR-181a-5p
5790,hsa-miR-1202
171548,hsa-miR-95-3p
702,hsa-miR-568
439260,hsa-miR-520d-3p
3345,hsa-miR-3130-5p
10635,hsa-miR-3663-3p
25262965,hsa-miR-4722-5p
42113,hsa-miR-34c-3p
5789,hsa-miR-1228-3p
2051,hsa-miR-1225-5p
5816,hsa-mir-125b-1
6089,hsa-miR-130a-3p
2578,hsa-miR-4311
5212,hsa-miR-217-5p
644241,hsa-miR-488-3p
145858,hsa-miR-509-3p
65348,hsa-miR-2277-3p
2723601,hsa-miR-516a-5p
24759,hsa-miR-1291
119104,hsa-miR-4745-3p
229455,hsa-miR-216a-5p
5757,hsa-miR-4640-5p
229455,hsa-miR-4430
446556,hsa-miR-330-5p
985,hsa-miR-578
448537,hsa-miR-451a
60953,hsa-miR-571
3220,hsa-miR-10a-5p
6167,hsa-miR-489-3p
65110,hsa-miR-3621
2733526,hsa-miR-302b-3p
4624,hsa-miR-4427
261000,hsa-miR-340-5p
5284373,hsa-miR-551a
5462222,hsa-miR-371b-3p
46843772,hsa-miR-494-3p
145858,hsa-miR-516b-5p
6089,hsa-miR-506-3p
97226,hsa-miR-513a-3p
124886,hsa-miR-769-3p
3117,hsa-miR-152-3p
5280453,hsa-miR-665
16197265,hsa-miR-520d-3p
3386,hsa-miR-4701-5p
6442177,hsa-miR-1277-3p
9915743,hsa-miR-3192-5p
5283344,hsa-miR-654-3p
5280795,hsa-miR-4720-3p
445858,hsa-miR-223-3p
5282350,hsa-miR-520e-3p
60700,hsa-mir-24-1
3657,hsa-miR-4711-3p
44259,hsa-miR-3175
5462222,hsa-miR-3907
2051,hsa-miR-762
2187,hsa-miR-552-3p
1548943,hsa-miR-550a-5p
43815,hsa-miR-486-3p
60750,hsa-miR-504-5p
5311,hsa-miR-4716-3p
104842,hsa-miR-30c-5p
448013,hsa-miR-642a-5p
56649450,hsa-miR-331-5p
208908,hsa-miR-4735-3p
2662,hsa-miR-92a-2-5p
208908,hsa-miR-520g-3p
54454,hsa-miR-3146
439530,hsa-miR-3681-5p
15939,hsa-miR-3192-5p
6468,hsa-miR-892b
171548,hsa-miR-222-5p
9700,hsa-miR-203a-3p
13342,hsa-miR-1258
5280961,hsa-miR-581
5291,hsa-miR-574-5p
444795,hsa-miR-630
10621,hsa-miR-99a-5p
444732,hsa-miR-95-3p
3652,hsa-miR-373-3p
445154,hsa-miR-3679-5p
14888,hsa-miR-106b-5p
5280795,hsa-miR-4735-3p
42113,hsa-miR-106b-3p
72301,hsa-miR-3133
9547215,hsa-miR-412-3p
5743,hsa-miR-320c
4158,hsa-miR-4638-5p
3961,hsa-miR-3168
449171,hsa-miR-1200
3763,hsa-miR-410-3p
5284373,hsa-miR-4270
42890,hsa-mir-548a-1
9444,hsa-miR-1264
689043,hsa-miR-373-5p
3220,hsa-miR-197-3p
442793,hsa-miR-3175
4763,hsa-miR-1228-3p
790,hsa-miR-374a-5p
445639,hsa-miR-503-5p
72304,hsa-miR-571
5284616,hsa-miR-500a-5p
5329102,hsa-miR-130b-3p
15,hsa-miR-29c-3p
43815,hsa-miR-133a-3p
24978538,hsa-miR-4759
65348,hsa-miR-512-5p
1673,hsa-miR-218-5p
2995,hsa-miR-1202
108065,hsa-miR-657
122724,hsa-miR-4453
3121,hsa-miR-18a-5p
3028194,hsa-miR-181b-2-3p
9700,hsa-miR-1236-3p
44631912,hsa-miR-21-3p
10635,hsa-miR-767-3p
21633059,hsa-miR-4650-5p
896,hsa-mir-1285-1
5280343,hsa-miR-196a-5p
638278,hsa-mir-7-3
37542,hsa-mir-16-2
11556711,hsa-miR-92a-2-5p
60780,hsa-miR-1224-3p
25183872,hsa-miR-885-3p
123631,hsa-miR-4297
5280961,hsa-miR-320a-3p
5352624,hsa-miR-3147
72304,hsa-miR-383-5p
6013,hsa-miR-126-3p
2578,hsa-miR-4779
216345,hsa-miR-597-5p
38904,hsa-miR-92b-3p
24360,hsa-miR-1204
60953,hsa-miR-513a-5p
5311,hsa-miR-331-3p
64971,hsa-miR-1277-3p
2051,hsa-miR-2116-3p
1175,hsa-miR-1247-5p
5994,hsa-miR-548a-3p
4641,hsa-miR-147a
21633059,hsa-miR-1229-3p
3961,hsa-miR-4270
15,hsa-mir-19b-1
4943,hsa-miR-190a-5p
107985,hsa-miR-4319
15,hsa-miR-3074-3p
689043,hsa-miR-4455
171548,hsa-miR-515-5p
2907,hsa-miR-493-3p
446556,hsa-miR-1470
126941,hsa-miR-3663-3p
6167,hsa-miR-4448
123631,hsa-miR-920
3121,hsa-miR-549a-3p
5462222,hsa-miR-147a
14888,hsa-miR-515-5p
2336,hsa-miR-609
3961,hsa-miR-489-5p
5790,hsa-miR-4745-3p
657237,hsa-miR-3065-5p
261004,hsa-miR-1268a
5462222,hsa-miR-595
4763,hsa-miR-378a-5p
156413,hsa-miR-125a-5p
5997,hsa-miR-920
4158,hsa-miR-4297
2767,hsa-miR-3907
36314,hsa-miR-1258
162282,hsa-miR-7-5p
23973,hsa-miR-618
54675776,hsa-miR-3168
9949648,hsa-miR-30b-3p
11626560,hsa-miR-642a-5p
5311,hsa-miR-3168
3121,hsa-mir-19b-1
445639,hsa-miR-491-5p
445154,hsa-miR-876-3p
6468,hsa-miR-130b-3p
11556711,hsa-miR-518c-3p
5035,hsa-miR-940
657237,hsa-miR-4464
896,hsa-miR-1307-3p
21109,hsa-miR-708-5p
3386,hsa-mir-548a-1
164676,hsa-miR-744-5p
91466,hsa-miR-29a-3p
10836,hsa-miR-379-5p
30323,hsa-miR-509-3p
3229,hsa-miR-329-3p
3386,hsa-miR-3188
54670067,hsa-miR-296-3p
790,hsa-miR-4777-5p
5280795,hsa-miR-3960
145858,hsa-miR-2355-5p
1832,hsa-miR-1200
784,hsa-miR-626
985,hsa-miR-409-3p
9444,hsa-miR-296-3p
451668,hsa-miR-1237-3p
1130,hsa-miR-578
60606,hsa-miR-767-5p
969516,hsa-mir-153-2
65348,hsa-miR-125b-1-3p
4095,hsa-miR-548c-5p
444732,hsa-miR-939-5p
41867,hsa-miR-219b-3p
6857599,hsa-miR-623
3062316,hsa-miR-4731-3p
54675776,hsa-miR-15b-3p
4641,hsa-miR-1304-5p
1983,hsa-miR-342-3p
4033,hsa-miR-25-5p
122724,hsa-miR-597-5p
54671203,hsa-miR-936
11226684,hsa-miR-662
448537,hsa-miR-4659b-5p
4641,hsa-miR-4723-3p
3101,hsa-miR-329-3p
5318517,hsa-miR-28-5p
5288209,hsa-miR-103a-3p
65015,hsa-miR-518c-3p
104746,hsa-miR-4470
896,hsa-miR-4763-3p
3652,hsa-miR-302b-5p
3071,hsa-miR-128-3p
448537,hsa-miR-4426
5280795,hsa-miR-323a-3p
9915743,hsa-miR-3185
2353,hsa-miR-515-3p
1175,hsa-miR-4804-5p
2767,hsa-miR-548c-5p
9064,hsa-miR-199b-3p
6857599,hsa-miR-487a-3p
5280343,hsa-miR-1234-3p
638278,hsa-mir-125b-1
14403,hsa-miR-3134
644241,hsa-mir-199a-1
1176,hsa-miR-92a-1-5p
60953,hsa-miR-450b-5p
3763,hsa-miR-563
446556,hsa-miR-4455
42113,hsa-miR-125b-1-3p
60700,hsa-miR-1291
5291,hsa-miR-662
21109,hsa-miR-4720-3p
3763,hsa-miR-4723-3p
24497,hsa-miR-4284
5035,hsa-miR-18b-5p
2187,hsa-miR-148a-3p
3071,hsa-miR-642a-5p
5951,hsa-miR-4258
60823,hsa-mir-196a-1
3345,hsa-miR-1283
5994,hsa-miR-34b-5p
47318,hsa-mir-92a-1
23973,hsa-miR-4311
445434,hsa-miR-921
77999,hsa-miR-3945
3117,hsa-miR-3917
11626560,hsa-miR-4772-5p
5280343,hsa-miR-324-5p
11226684,hsa-miR-1343-3p
91820602,hsa-miR-548m
56842234,hsa-miR-663a
285033,hsa-miR-2467-3p
5283344,hsa-miR-181d-5p
4624,hsa-miR-450b-5p
53232,hsa-miR-145-5p
6253,hsa-mir-1255b-1
4943,hsa-miR-4695-3p
2578,hsa-miR-504-5p
5280427,hsa-miR-4655-5p
56649450,hsa-miR-4324
31401,hsa-miR-181c-3p
9804992,hsa-miR-95-3p
5288209,hsa-miR-3188
9826528,hsa-miR-342-5p
41867,hsa-miR-99b-5p
15,hsa-miR-670-5p
65348,hsa-miR-938
4641,hsa-miR-196b-5p
1832,hsa-miR-638
6253,hsa-mir-24-2
448537,hsa-miR-1291
3488,hsa-miR-647
6468,hsa-miR-642a-5p
6167,hsa-miR-199a-3p
445580,hsa-miR-620
5280448,hsa-miR-370-3p
5538,hsa-miR-105-5p
5212,hsa-miR-516a-5p
3386,hsa-miR-150-3p
4095,hsa-miR-2277-3p
5978,hsa-miR-1270
462382,hsa-miR-920
1130,hsa-miR-3126-5p
5222465,hsa-mir-409
446220,hsa-miR-1260a
689043,hsa-miR-3168
5222465,hsa-miR-4745-5p
6468,hsa-miR-548m
3821,hsa-miR-216b-5p
162282,hsa-miR-339-3p
4033,hsa-miR-582-3p
9931953,hsa-miR-1234-3p
442972,hsa-miR-1973
5329102,hsa-miR-432-5p
4095,hsa-miR-4777-5p
896,hsa-miR-584-5p
4624,hsa-miR-34b-5p
25183872,hsa-miR-4319
5212,hsa-miR-4774-5p
24180719,hsa-miR-1913
60700,hsa-miR-3144-5p
60852,hsa-miR-892a
54454,hsa-miR-130b-5p
2907,hsa-mir-548a-2
24180719,hsa-miR-3180-5p
104758,hsa-miR-484
5035,hsa-miR-4725-3p
13342,hsa-miR-2116-5p
444732,hsa-miR-936
171548,hsa-miR-1292-5p
5462222,hsa-miR-4723-5p
638278,hsa-miR-126-3p
6037,hsa-miR-34c-5p
5865,hsa-miR-610
91820602,hsa-miR-544a
3763,hsa-miR-200b-3p
446220,hsa-miR-504-5p
15939,hsa-miR-634
5997,hsa-miR-4474-3p
44259,hsa-miR-628-5p
10635,hsa-miR-1273c
4624,hsa-miR-1181
3345,hsa-miR-410-5p
97226,hsa-miR-3065-3p
445154,hsa-miR-302d-3p
2578,hsa-mir-29b-1
5280427,hsa-let-7i-3p
53232,hsa-miR-302c-3p
445639,hsa-miR-4787-3p
3006531,hsa-miR-151a-3p
60953,hsa-miR-641
208908,hsa-miR-374c-5p
449171,hsa-miR-148b-3p
1673,hsa-miR-433-3p
56842234,hsa-miR-30b-5p
2733,hsa-miR-373-5p
5280453,hsa-miR-3186-3p
7222,hsa-miR-29c-3p
5793,hsa-miR-484
104842,hsa-miR-584-5p
5361,hsa-miR-4783-3p
9064,hsa-miR-4635
162282,hsa-miR-885-3p
4641,hsa-miR-938
65015,hsa-miR-520h
444795,hsa-miR-4796-3p
442793,hsa-miR-191-5p
702,hsa-miR-4777-5p
89594,hsa-miR-339-5p
1983,hsa-miR-3611
229455,hsa-miR-4758-5p
6106,hsa-mir-92a-1
2375,hsa-miR-1287-5p
5460341,hsa-miR-4521
73581,hsa-miR-1915-3p
5394,hsa-miR-885-5p
9804992,hsa-miR-4501
54454,hsa-miR-21-5p
45266826,hsa-miR-921
5280453,hsa-miR-2467-3p
11228183,hsa-miR-30e-5p
60700,hsa-miR-558
108065,hsa-miR-433-3p
2578,hsa-miR-598-5p
1130,hsa-mir-24-1
2733,hsa-miR-920
5462222,hsa-miR-581
5746,hsa-miR-4675
1548943,hsa-miR-3180
5284373,hsa-miR-1224-3p
5280951,hsa-miR-548a-3p
5282350,hsa-miR-423-3p
445434,hsa-miR-3065-5p
5282350,hsa-miR-662
689043,hsa-miR-29c-5p
60750,hsa-miR-5703
6013,hsa-miR-1321
9547215,hsa-miR-423-3p
14403,hsa-miR-378i
10635,hsa-miR-708-5p
16197265,hsa-miR-337-3p
5280961,hsa-miR-191-5p
6037,hsa-miR-4779
5283344,hsa-miR-219a-2-3p
156413,hsa-miR-29b-1-5p
6623,hsa-miR-520h
3657,hsa-miR-21-3p
446220,hsa-miR-125a-5p
6279,hsa-miR-325
60198,hsa-miR-569
6057,hsa-miR-330-3p
17754356,hsa-miR-340-5p
11953817,hsa-miR-34a-3p
24288,hsa-miR-490-3p
60823,hsa-miR-1229-3p
6253,hsa-miR-4772-5p
5280448,hsa-miR-99b-5p
114900,hsa-miR-4453
104741,hsa-miR-498-5p
5755,hsa-miR-491-5p
11226684,hsa-miR-1197
452548,hsa-miR-3167
124886,hsa-miR-4487
65015,hsa-miR-3127-5p
442428,hsa-miR-130b-3p
11707110,hsa-miR-124-5p
72301,hsa-miR-95-5p
444795,hsa-miR-3146
176870,hsa-let-7f-2-3p
148124,hsa-miR-181d-3p
3488,hsa-miR-510-5p
6279,hsa-miR-2117
5329102,hsa-miR-3173-3p
5352624,hsa-miR-24-1-5p
285033,hsa-miR-4774-5p
5311,hsa-miR-765
3103,hsa-miR-574-3p
65348,hsa-miR-29c-3p
15625,hsa-miR-1229-3p
11953817,hsa-miR-589-3p
439260,hsa-miR-107
47725,hsa-miR-621
3397,hsa-let-7g-5p
452548,hsa-miR-4315
445154,hsa-miR-1200
5462222,hsa-miR-193b-5p
2187,hsa-miR-18b-5p
10184653,hsa-miR-498-5p
439530,hsa-miR-509-3p
5746,hsa-miR-1539
1673,hsa-miR-645
445580,hsa-miR-610
17754356,hsa-miR-1470
445580,hsa-miR-2117
1832,hsa-miR-3620-3p
208908,hsa-miR-632
544,hsa-miR-553
3657,hsa-miR-16-5p
46843772,hsa-miR-4474-3p
77999,hsa-miR-4662a-3p
3117,hsa-miR-186-3p
3397,hsa-miR-363-3p
3652,hsa-miR-378a-5p
3657,hsa-miR-3648
2995,hsa-miR-224-5p
5360373,hsa-miR-92a-2-5p
11707110,hsa-miR-526b-5p
72304,hsa-miR-20a-5p
3821,hsa-miR-3907
31401,hsa-miR-34a-5p
5280795,hsa-mir-450a-2
119104,hsa-miR-1247-5p
4158,hsa-miR-578
2733,hsa-miR-193a-3p
123865,hsa-miR-1468-5p
5329102,hsa-miR-654-5p
104746,hsa-miR-3679-5p
969516,hsa-miR-34c-3p
6037,hsa-miR-409-3p
108065,hsa-miR-9-3p
5288209,hsa-miR-1251-5p
10836,hsa-miR-4324
10635,hsa-miR-3135a
216326,hsa-mir-128-2
5280343,hsa-miR-548c-5p
60606,hsa-miR-487a-3p
3220,hsa-miR-4285
4091,hsa-miR-1343-3p
5793,hsa-miR-671-5p
37542,hsa-miR-586
56842234,hsa-miR-363-5p
24360,hsa-miR-632
3397,hsa-miR-519d-3p
5283344,hsa-miR-634
3961,hsa-miR-657
5318517,hsa-miR-512-5p
97226,hsa-miR-767-5p
5280343,hsa-miR-1286
16197265,hsa-miR-548h-5p
3071,hsa-miR-601
3961,hsa-miR-921
387447,hsa-miR-1269a
6041,hsa-miR-34c-5p
3690,hsa-let-7g-5p
25183872,hsa-miR-490-3p
9547215,hsa-miR-4722-5p
42611257,hsa-miR-219a-1-3p
3386,hsa-miR-422a
451668,hsa-miR-1-3p
23973,hsa-miR-373-3p
2353,hsa-miR-218-5p
445639,hsa-miR-181b-5p
42611257,hsa-miR-24-3p
896,hsa-miR-23a-5p
285033,hsa-miR-192-5p
104741,hsa-miR-23a-3p
11556711,hsa-miR-1976
5281708,hsa-miR-513c-5p
54671203,hsa-miR-637
1175,hsa-miR-512-3p
5816,hsa-miR-639
30323,hsa-miR-762
156413,hsa-miR-1273c
4212,hsa-miR-106b-3p
119307,hsa-miR-570-3p
60838,hsa-miR-16-2-3p
5280795,hsa-miR-548c-3p
65110,hsa-miR-363-5p
17754356,hsa-miR-634
60953,hsa-miR-3679-5p
25262965,hsa-miR-517c-3p
4891,hsa-miR-17-5p
2353,hsa-miR-222-3p
790,hsa-miR-2114-5p
2907,hsa-miR-509-5p
108065,hsa-miR-555
5288826,hsa-miR-507
5746,hsa-miR-342-5p
77999,hsa-miR-3173-3p
4158,hsa-miR-618
2187,hsa-miR-516b-3p
9576410,hsa-miR-520b-3p
4763,hsa-miR-125a-3p
5291,hsa-let-7g-5p
216345,hsa-miR-25-3p
387447,hsa-mir-16-2
11707110,hsa-miR-149-3p
5959,hsa-miR-3144-5p
60953,hsa-miR-149-3p
712,hsa-miR-184
104746,hsa-miR-497-5p
11226684,hsa-miR-20b-5p
54675776,hsa-miR-4652-5p
5284373,hsa-miR-592
104746,hsa-miR-1277-3p
5283344,hsa-miR-411-3p
2244,hsa-miR-193a-5p
216239,hsa-miR-4661-3p
216239,hsa-miR-613
15939,hsa-miR-191-5p
896,hsa-miR-3153
6167,hsa-miR-1178-3p
5360373,hsa-miR-517b-3p
2336,hsa-miR-3064-5p
2187,hsa-miR-1538
5746,hsa-miR-542-3p
4095,hsa-miR-1911-5p
9804992,hsa-miR-183-3p
5881,hsa-miR-1253
452548,hsa-miR-4765
3229,hsa-miR-3150b-3p
3071,hsa-miR-526b-5p
208908,hsa-miR-1306-3p
122724,hsa-miR-412-3p
445154,hsa-mir-1285-1
1176,hsa-miR-3658
6857599,hsa-miR-3945
6505803,hsa-miR-609
3763,hsa-miR-487b-3p
45266826,hsa-miR-500b-5p
123596,hsa-miR-200c-3p
2353,hsa-miR-106a-3p
31101,hsa-miR-767-5p
4943,hsa-miR-3153
784,hsa-miR-512-5p
10836,hsa-miR-520h
285033,hsa-miR-219a-5p
253602,hsa-miR-1226-3p
285033,hsa-miR-4487
445580,hsa-miR-487b-3p
3117,hsa-miR-18a-3p
54454,hsa-miR-601
2336,hsa-miR-25-5p
47318,hsa-miR-363-5p
6041,hsa-miR-3151-5p
5881,hsa-miR-15b-3p
122724,hsa-miR-448
3763,hsa-miR-378f
5743,hsa-miR-497-5p
126941,hsa-miR-518a-5p
1983,hsa-miR-181c-5p
11228183,hsa-miR-4796-3p
644241,hsa-miR-202-5p
73581,hsa-miR-4289
445434,hsa-miR-31-5p
636397,hsa-miR-18a-5p
6115,hsa-miR-4484
42611257,hsa-miR-106b-3p
2187,hsa-miR-4466
9444,hsa-miR-3167
6037,hsa-miR-4765
56842234,hsa-miR-127-3p
3071,hsa-miR-337-3p
5394,hsa-miR-744-5p
5280360,hsa-miR-3665
60198,hsa-miR-494-3p
6041,hsa-miR-3134
9915743,hsa-miR-367-3p
124886,hsa-miR-765
4943,hsa-miR-193a-3p
387447,hsa-miR-4258
2767,hsa-miR-2113
6057,hsa-miR-34c-3p
13342,hsa-miR-4735-3p
462382,hsa-miR-1301-3p
442428,hsa-miR-611
241,hsa-miR-602
44259,hsa-miR-23a-3p
2375,hsa-miR-29c-5p
3961,hsa-miR-299-3p
44259,hsa-miR-550a-3p
5291,hsa-miR-149-5p
6106,hsa-miR-325
104758,hsa-mir-548a-2
216345,hsa-miR-3917
5073,hsa-miR-142-3p
790,hsa-miR-1264
123865,hsa-miR-1253
790,hsa-miR-513a-3p
64971,hsa-miR-1286
969516,hsa-miR-297
5284373,hsa-miR-522-3p
104842,hsa-miR-487a-3p
5361,hsa-miR-4689
2187,hsa-miR-579-3p
702,hsa-miR-100-5p
5360373,hsa-miR-520b-3p
24759,hsa-miR-22-5p
969516,hsa-miR-193a-5p
444795,hsa-miR-211-5p
5959,hsa-miR-22-3p
42611257,hsa-miR-130a-5p
104741,hsa-miR-4466
5789,hsa-miR-652-3p
65110,hsa-miR-182-5p
123865,hsa-miR-744-5p
446556,hsa-miR-1224-3p
9931953,hsa-miR-4315
119104,hsa-miR-378d
216326,hsa-miR-181b-2-3p
16197265,hsa-miR-339-3p
123596,hsa-miR-586
5310940,hsa-miR-875-3p
9804992,hsa-miR-3163
5746,hsa-miR-619-3p
261004,hsa-miR-556-5p
21109,hsa-miR-1912-3p
5291,hsa-miR-4633-5p
387447,hsa-miR-1248
65015,hsa-miR-516a-5p
5073,hsa-miR-4252
43815,hsa-miR-181b-3p
2995,hsa-miR-423-5p
1832,hsa-miR-105-5p
9064,hsa-miR-4324
72304,hsa-miR-589-5p
644241,hsa-miR-518a-5p
2995,hsa-miR-570-3p
6167,hsa-miR-500b-5p
5288826,hsa-miR-4777-5p
3397,hsa-miR-466
1130,hsa-miR-4675
11228183,hsa-let-7f-5p
229455,hsa-mir-24-1
3397,hsa-miR-10b-5p
1673,hsa-miR-190b-5p
9576410,hsa-miR-362-5p
56649450,hsa-miR-506-3p
5284373,hsa-miR-4427
5881,hsa-mir-1255b-1
10621,hsa-miR-216b-5p
1175,hsa-miR-1268a
126941,hsa-miR-193b-5p
896,hsa-miR-4297
15,hsa-miR-378g
5951,hsa-miR-3614-3p
3690,hsa-miR-4638-5p
657237,hsa-miR-548a-3p
25244711,hsa-miR-130a-5p
3652,hsa-miR-625-3p
45266826,mmu-miR-703
60838,hsa-miR-4721
462382,hsa-miR-3147
5994,hsa-miR-3178
985,hsa-miR-337-3p
1832,hsa-miR-518d-5p
2051,hsa-miR-378c
5280961,hsa-miR-4492
65110,hsa-miR-3196
5789,hsa-miR-4427
2907,hsa-miR-193b-5p
6057,hsa-miR-1226-3p
91820602,hsa-miR-4279
176870,hsa-miR-95-3p
126941,hsa-miR-196a-3p
4943,hsa-miR-4474-3p
3386,hsa-miR-4693-5p
6505803,hsa-miR-3188
25262965,hsa-miR-4281
5816,hsa-miR-875-5p
10635,hsa-miR-431-5p
9064,hsa-miR-125b-1-3p
442793,hsa-miR-3173-3p
10621,hsa-miR-138-2-3p
73581,hsa-miR-4777-5p
5881,hsa-let-7c-5p
445434,hsa-miR-100-5p
104758,hsa-miR-875-5p
985,hsa-miR-1237-3p
5310940,hsa-miR-641
442972,hsa-mir-7-3
5743,hsa-mir-1285-1
91466,hsa-miR-3198
5222465,hsa-miR-455-3p
5950,hsa-miR-147b-3p
208908,hsa-miR-4478
5280795,hsa-miR-4521
5311,hsa-miR-4635
156413,hsa-miR-4455
104842,hsa-miR-3187-3p
91820602,hsa-miR-92a-1-5p
445154,hsa-miR-214-3p
6857599,hsa-miR-557
5460341,hsa-miR-4476
97226,hsa-mir-125b-2
31101,hsa-miR-1260b
42890,hsa-miR-30d-5p
13089,hsa-miR-1976
24978538,hsa-miR-181a-3p
91820602,hsa-miR-1268a
5280343,hsa-miR-3193
37542,hsa-miR-564
73581,hsa-miR-518c-5p
9444,hsa-miR-4427
208908,hsa-miR-873-5p
790,hsa-miR-609
104741,hsa-mir-29b-1
13342,hsa-miR-376a-3p
65064,hsa-miR-299-5p
38904,hsa-miR-514a-3p
5865,hsa-miR-154-5p
14888,hsa-miR-122b-5p
216239,hsa-miR-4258
162282,hsa-miR-676-3p
11626560,hsa-miR-609
462382,hsa-miR-516a-3p
702,hsa-miR-4732-5p
444732,hsa-miR-4633-5p
2767,hsa-miR-586
77999,hsa-miR-346
1673,hsa-miR-323a-3p
6623,hsa-miR-3167
969516,pny-miR-19c
445154,hsa-miR-1269a
3101,hsa-miR-1299
667639,hsa-miR-346
896,hsa-miR-193b-5p
23973,hsa-miR-639
638278,hsa-miR-376a-3p
1110,hsa-miR-148b-3p
445639,hsa-miR-1179
21633059,hsa-miR-9-5p
65015,hsa-miR-30b-5p
54671203,hsa-miR-191-5p
4624,hsa-miR-1261
9700,hsa-miR-518e-3p
2723601,hsa-miR-199b-5p
5318517,hsa-miR-4464
119104,hsa-miR-375-3p
4091,hsa-miR-196b-5p
229455,hsa-miR-3183
387447,hsa-miR-520c-3p
5755,hsa-miR-1255a
9444,hsa-miR-335-5p
2520,hsa-miR-518a-5p
2995,hsa-miR-3173-3p
451668,hsa-miR-4460
5280951,hsa-miR-216a-5p
6505803,hsa-miR-4703-5p
42890,hsa-miR-9-5p
60852,hsa-miR-933
60852,hsa-miR-26b-3p
5283344,hsa-miR-3144-5p
5288209,hsa-miR-151a-5p
261000,hsa-miR-196a-5p
10635,hsa-miR-15b-3p
1673,hsa-miR-4750-5p
119307,hsa-miR-643
104741,hsa-miR-4455
2375,hsa-miR-194-3p
6115,hsa-miR-17-5p
9826528,hsa-miR-421
689043,hsa-miR-583
445639,hsa-miR-1256
5997,hsa-miR-2467-3p
6279,hsa-miR-517b-3p
442793,hsa-miR-2355-3p
104741,hsa-miR-371a-3p
216345,hsa-miR-382-5p
45266826,hsa-miR-378a-5p
7222,hsa-miR-520e-3p
60780,hsa-miR-202-5p
229455,hsa-miR-451a
5280951,hsa-miR-935
60838,hsa-miR-647
135403648,hsa-mir-196a-2
5997,hsa-miR-520a-3p
644241,hsa-miR-362-5p
5462222,hsa-miR-10b-5p
97226,hsa-miR-513b-5p
5381226,hsa-mir-548a-1
5352624,hsa-miR-518a-5p
145858,hsa-miR-4464
56649450,hsa-miR-548f-5p
42113,hsa-miR-516a-3p
135403648,hsa-miR-4655-5p
5755,hsa-miR-297
11556711,hsa-miR-550a-3p
442972,hsa-miR-4787-3p
6041,hsa-miR-25-5p
5288209,hsa-miR-3910
5280951,hsa-miR-4521
24497,hsa-miR-34a-3p
77999,hsa-miR-2116-5p
162282,hsa-miR-4659b-5p
5816,hsa-miR-188-5p
5073,hsa-miR-519a-3p
156413,hsa-miR-378f
6505803,hsa-miR-335-5p
6089,hsa-miR-4644
5959,hsa-miR-1270
56649450,hsa-miR-1262
2733,hsa-mir-153-2
2907,hsa-miR-30b-5p
135403648,hsa-miR-4703-5p
15625,hsa-miR-18a-5p
122724,hsa-miR-1287-5p
702,hsa-miR-103a-3p
6106,hsa-miR-1206
2662,hsa-miR-126-3p
104758,hsa-miR-4721
6279,hsa-miR-185-5p
24497,hsa-miR-424-5p
5881,hsa-miR-128-3p
285033,hsa-miR-3184-5p
3103,hsa-miR-4727-3p
6279,hsa-miR-19a-3p
2578,hsa-miR-155-5p
446556,hsa-miR-1304-5p
3763,hsa-miR-649
253602,hsa-miR-593-3p
156413,hsa-miR-297
107985,hsa-miR-27a-5p
3006531,hsa-let-7e-5p
1130,hsa-miR-549a-3p
15,hsa-miR-30a-3p
9064,hsa-miR-1255b-5p
6041,hsa-miR-1204
42890,hsa-miR-3141
5997,hsa-miR-1229-3p
445434,hsa-miR-548b-5p
42611257,hsa-miR-576-5p
123865,hsa-miR-125a-5p
23725625,hsa-miR-3621
2723601,hsa-miR-889-3p
544,hsa-miR-4676-5p
216345,hsa-miR-510-5p
89594,hsa-miR-624-3p
53232,hsa-miR-939-5p
6057,hsa-miR-200c-3p
60606,hsa-miR-4311
5329102,hsa-miR-421
9444,hsa-miR-3186-3p
5212,hsa-miR-487b-3p
2578,hsa-miR-510-5p
455658,hsa-miR-99b-3p
636397,hsa-miR-219a-1-3p
712,hsa-miR-4463
5361,hsa-mir-196a-1
5978,hsa-miR-186-3p
1175,hsa-miR-576-3p
3028194,hsa-miR-588
442428,hsa-miR-431-5p
60823,hsa-miR-513a-3p
3397,hsa-miR-655-3p
445858,hsa-miR-640
119307,hsa-miR-106a-5p
7222,hsa-miR-181d-3p
5381226,hsa-miR-1181
44259,hsa-miR-374b-5p
30323,hsa-miR-4703-5p
442428,hsa-miR-382-5p
60838,hsa-miR-30a-3p
2520,hsa-miR-222-3p
6041,hsa-miR-486-5p
6442177,hsa-miR-4447
145858,hsa-miR-933
6167,hsa-miR-193a-5p
5284373,hsa-miR-125b-5p
6468,hsa-miR-4669
6279,hsa-miR-181c-3p
1110,hsa-miR-643
11228183,hsa-let-7a-5p
3062316,hsa-miR-877-3p
3103,hsa-miR-569
3121,hsa-miR-27a-3p
54670067,hsa-miR-520d-3p
445639,hsa-miR-26b-3p
2578,hsa-miR-3663-3p
124886,hsa-miR-381-3p
24360,hsa-miR-1976
24180719,hsa-miR-27b-5p
446220,hsa-miR-4661-3p
969516,hsa-miR-3658
6167,hsa-miR-504-5p
5950,hsa-miR-1267
5280961,hsa-miR-3682-3p
445639,hsa-miR-652-3p
13089,hsa-miR-16-2-3p
445858,hsa-miR-379-5p
644241,hsa-miR-149-5p
208908,hsa-miR-202-3p
460612,hsa-miR-2355-3p
689043,hsa-miR-609
5865,hsa-miR-211-5p
7222,hsa-miR-3175
123596,hsa-miR-1973
5881,hsa-miR-934
6013,hsa-miR-1260b
4624,hsa-mir-1285-1
448537,hsa-miR-1275
5978,hsa-miR-608
65015,hsa-miR-200b-3p
5280448,hsa-miR-2355-5p
5280343,hsa-mir-125b-2
126941,hsa-miR-302c-3p
5280453,hsa-miR-1281
6442177,hsa-miR-3184-5p
3961,hsa-miR-1275
5280343,hsa-miR-19b-3p
11953817,hsa-miR-378e
448537,hsa-miR-4800-3p
65015,hsa-miR-663a
13089,hsa-miR-345-5p
171548,hsa-miR-542-5p
54670067,hsa-miR-4797-5p
3821,hsa-miR-518a-5p
5790,hsa-miR-888-5p
455658,hsa-miR-4271
446556,hsa-miR-335-3p
5310940,hsa-miR-302f
9915743,hsa-miR-4720-3p
89594,hsa-miR-199b-3p
60852,hsa-miR-935
689043,hsa-miR-519c-3p
122724,hsa-miR-524-3p
60852,hsa-miR-558
38904,hsa-miR-200a-3p
53232,hsa-miR-651-5p
712,hsa-miR-654-3p
46843772,hsa-miR-551b-3p
25183872,hsa-miR-4662a-3p
65015,hsa-miR-4298
104842,hsa-miR-4497
123631,hsa-miR-4652-5p
4943,hsa-miR-588
5212,hsa-miR-568
638278,hsa-miR-1301-3p
25244711,hsa-miR-4735-3p
11626560,hsa-miR-4653-5p
54671203,hsa-miR-520h
5281708,hsa-miR-770-5p
261004,hsa-miR-4722-5p
3385,hsa-miR-325
6505803,hsa-miR-2277-3p
36314,hsa-miR-520g-3p
164676,hsa-miR-132-3p
21109,hsa-miR-4758-3p
60606,hsa-miR-34c-5p
3062316,hsa-miR-1914-5p
985,hsa-miR-542-3p
10621,hsa-miR-4463
1176,hsa-miR-875-5p
28486,hsa-miR-4443
162282,hsa-miR-489-5p
15625,hsa-miR-449b-5p
2375,hsa-mir-7-3
5280453,hsa-miR-125b-2-3p
5035,hsa-miR-576-3p
448013,hsa-miR-346
24978538,mmu-miR-703
5978,hsa-miR-143-5p
2336,hsa-miR-133b
31101,efu-miR-128b
43815,hsa-miR-1253
119104,hsa-miR-4783-3p
5361,hsa-miR-619-3p
3103,hsa-miR-325
2353,hsa-miR-34a-5p
5789,hsa-miR-4484
10836,hsa-miR-3144-5p
54675776,hsa-miR-1304-5p
45266826,hsa-miR-409-3p
5959,hsa-miR-5703
73581,hsa-miR-106b-3p
6041,hsa-miR-3162-5p
216239,hsa-miR-449a
1130,hsa-miR-331-3p
11707110,hsa-miR-222-5p
11626560,hsa-miR-4685-5p
104758,hsa-miR-3126-5p
5329102,hsa-miR-3161
91820602,hsa-miR-301b-3p
2907,hsa-miR-4711-3p
985,hsa-miR-4706
24759,hsa-miR-609
164676,hsa-miR-933
5743,hsa-miR-605-5p
445639,hsa-miR-493-3p
4158,hsa-miR-3606-5p
3690,hsa-miR-200b-3p
4891,hsa-miR-337-5p
60852,hsa-miR-181a-5p
5284373,hsa-miR-200c-3p
4158,hsa-miR-887-5p
5978,hsa-miR-190b-5p
5282350,hsa-miR-99a-5p
657237,hsa-miR-1343-3p
5865,hsa-miR-29a-3p
89594,hsa-miR-105-5p
97226,hsa-miR-512-3p
2733,hsa-miR-379-5p
657237,hsa-miR-502-3p
544,hsa-miR-3131
4158,hsa-miR-147a
444795,hsa-miR-1286
60823,hsa-miR-296-5p
6468,hsa-miR-503-5p
5035,hsa-miR-1291
444732,hsa-miR-2113
969516,hsa-miR-96-5p
44631912,hsa-miR-4739
65015,hsa-miR-140-3p
54671203,hsa-miR-4720-3p
442428,hsa-miR-3692-5p
10184653,hsa-miR-1281
11707110,hsa-miR-505-3p
42611257,hsa-miR-4783-3p
5381226,hsa-miR-632
5881,hsa-mir-24-1
2578,hsa-miR-346
3690,hsa-miR-4665-3p
452548,hsa-miR-22-3p
5462222,hsa-miR-889-3p
6857599,hsa-miR-496
5746,hsa-miR-4521
5283344,hsa-miR-215-5p
5959,hsa-miR-3937
208908,hsa-miR-526a-5p
1176,hsa-miR-412-3p
638278,hsa-miR-193a-5p
2244,hsa-miR-4466
45266826,hsa-miR-34b-5p
171548,hsa-miR-4745-5p
6037,hsa-miR-320a-3p
2723601,hsa-miR-1285-3p
1673,hsa-miR-34b-5p
1130,hsa-miR-147b-3p
41867,hsa-miR-4298
261004,hsa-miR-3945
60606,hsa-miR-551b-3p
5311,hsa-miR-1301-3p
6089,hsa-miR-3161
1673,hsa-miR-625-5p
30323,hsa-miR-512-5p
5318517,hsa-miR-330-5p
91820602,hsa-miR-101-5p
104842,hsa-miR-520b-3p
104758,hsa-miR-4473
445858,hsa-miR-466
45266826,hsa-miR-3162-5p
13089,hsa-miR-296-3p
6468,hsa-miR-1247-5p
5790,hsa-miR-1285-3p
60953,hsa-miR-24-1-5p
9915743,hsa-miR-1915-3p
452548,hsa-miR-641
444795,hsa-miR-1307-3p
36462,hsa-let-7g-3p
2353,hsa-miR-4725-3p
104746,hsa-miR-506-3p
702,hsa-miR-193b-5p
5311,hsa-mir-196a-2
104741,hsa-miR-4297
6106,hsa-miR-1244
638278,hsa-mir-196a-2
21633059,hsa-miR-323b-5p
162282,hsa-miR-490-5p
9444,hsa-miR-181a-3p
439260,hsa-miR-195-5p
124886,hsa-miR-149-3p
5757,hsa-miR-365b-3p
5280795,hsa-miR-363-5p
1983,hsa-miR-29b-1-5p
60852,hsa-miR-3196
9576410,hsa-miR-28-5p
16197265,hsa-miR-4652-5p
25227436,hsa-miR-643
9949648,hsa-miR-17-5p
124886,hsa-miR-3185
5073,hsa-miR-921
77999,hsa-miR-484
148124,hsa-miR-4501
5997,hsa-miR-634
3121,hsa-miR-27a-5p
5757,hsa-miR-330-3p
164676,hsa-miR-4289
5746,hsa-miR-7-1-3p
4212,hsa-miR-337-3p
9931953,hsa-miR-1178-3p
445154,hsa-miR-223-3p
216239,hsa-miR-3134
3028194,hsa-mir-548a-1
5280795,hsa-miR-181b-3p
969516,hsa-miR-30a-3p
54671203,hsa-miR-602
6468,hsa-miR-1236-3p
91820602,hsa-miR-29c-5p
5283344,hsa-miR-325
47318,hsa-miR-4450
452548,hsa-miR-193a-5p
135403648,hsa-miR-4723-5p
72301,hsa-miR-181c-3p
9826528,hsa-mir-1255b-1
148124,hsa-miR-202-5p
5281708,hsa-miR-676-3p
2723601,hsa-miR-378f
5757,hsa-miR-3154
14403,hsa-miR-657
25244711,hsa-miR-4635
25244711,hsa-miR-4653-5p
5462222,hsa-miR-18a-5p
2723601,hsa-miR-150-3p
124886,hsa-miR-29b-2-5p
5212,hsa-miR-181a-2-3p
45266826,hsa-miR-181b-3p
23973,hsa-miR-106b-3p
216326,hsa-miR-520c-3p
123865,hsa-miR-664a-3p
162282,hsa-miR-762
636397,hsa-miR-3674
657237,hsa-miR-4722-5p
162282,hsa-miR-3139
445580,hsa-miR-1297
89594,hsa-miR-337-3p
712,hsa-miR-4693-5p
4033,hsa-miR-2114-5p
73581,hsa-miR-659-3p
7222,hsa-miR-651-5p
122724,hsa-miR-7-1-3p
5816,hsa-miR-636
45266826,hsa-miR-892b
2244,hsa-miR-4662a-3p
455658,hsa-miR-518c-5p
60606,hsa-miR-484
3229,hsa-miR-3131
6505803,hsa-miR-203a-3p
451668,hsa-miR-4509
229455,hsa-miR-1288-3p
444795,hsa-miR-1225-5p
216345,hsa-miR-1182
544,hsa-miR-380-3p
171548,hsa-miR-411-5p
91820602,hsa-miR-486-3p
439260,hsa-miR-4319
667639,hsa-miR-3150b-3p
123865,hsa-miR-4768-5p
2244,hsa-miR-26a-1-3p
3690,hsa-miR-200a-3p
9547215,hsa-miR-523-3p
21633059,hsa-miR-26a-5p
38904,hsa-miR-4271
56842234,hsa-miR-1304-5p
60750,hsa-miR-22-5p
65064,hsa-miR-4474-3p
261004,hsa-miR-4675
13342,hsa-miR-3195
5288826,hsa-miR-3614-3p
452548,hsa-miR-708-5p
65064,hsa-miR-3065-5p
42890,hsa-miR-629-3p
25244711,hsa-miR-3147
5538,hsa-miR-4635
11626560,hsa-miR-921
65348,hsa-miR-652-3p
5462222,hsa-miR-17-5p
126941,hsa-miR-25-3p
9444,hsa-miR-4788
91466,hsa-miR-4504
37542,hsa-miR-1249-3p
3902,hsa-miR-611
2723601,hsa-miR-581
4763,hsa-miR-454-5p
5284373,hsa-miR-424-5p
60852,hsa-miR-4285
47318,hsa-miR-139-5p
5284373,hsa-miR-506-3p
2995,hsa-miR-495-3p
3062316,hsa-miR-568
3103,hsa-miR-4252
3028194,hsa-miR-586
126941,hsa-miR-363-3p
5394,hsa-miR-1265
5280448,hsa-miR-4707-5p
4641,hsa-miR-449c-5p
5743,hsa-miR-522-3p
148124,hsa-miR-4311
3652,hsa-miR-30e-3p
6106,hsa-mir-409
5360373,hsa-miR-3679-5p
2723601,hsa-miR-4650-5p
5793,hsa-miR-503-5p
53232,hsa-let-7a-5p
122634,hsa-miR-323b-5p
25227436,hsa-miR-572
2733,hsa-miR-602
5280427,hsa-miR-1283
65110,hsa-let-7g-3p
72304,hsa-miR-9-3p
54671203,hsa-miR-635
6041,hsa-miR-16-1-3p
445154,hsa-miR-19b-1-5p
15,hsa-miR-23a-3p
5755,hsa-miR-583
60780,hsa-miR-4463
5329102,hsa-miR-125b-1-3p
5460341,hsa-miR-762
4943,hsa-miR-486-3p
3220,hsa-miR-576-3p
462382,hsa-miR-1252-5p
42890,hsa-miR-658
24180719,hsa-miR-135a-3p
104842,hsa-miR-142-5p
119307,hsa-let-7b-3p
1548943,hsa-miR-589-5p
72301,hsa-miR-891b
5757,hsa-miR-373-5p
5352624,hsa-miR-4678
445580,hsa-miR-129-2-3p
5280453,hsa-miR-548d-3p
108065,hsa-miR-216a-5p
3385,hsa-miR-523-3p
5978,hsa-miR-29c-5p
445639,hsa-miR-4311
5283344,hsa-miR-526b-5p
9915743,hsa-miR-4252
65064,hsa-miR-3174
3652,hsa-miR-3192-5p
4212,hsa-miR-4640-5p
2353,hsa-miR-22-5p
156413,hsa-miR-133b
16197265,hsa-miR-934
14403,hsa-miR-1224-3p
23725625,hsa-miR-645
5035,hsa-miR-520e-3p
216345,hsa-mir-548h-2
42611257,hsa-miR-653-5p
4943,hsa-miR-1-3p
644241,hsa-miR-1249-3p
3345,hsa-miR-335-3p
91820602,hsa-miR-3174
1548943,hsa-miR-224-5p
5280360,hsa-miR-412-3p
97226,hsa-miR-4324
89594,hsa-miR-487a-3p
60953,hsa-miR-23b-3p
65064,hsa-miR-579-3p
15939,hsa-miR-329-3p
1673,hsa-miR-711
4212,hsa-miR-378a-5p
460612,hsa-miR-4662a-3p
44631912,hsa-miR-147b-3p
4158,hsa-miR-933
5360373,hsa-miR-573
5280961,hsa-miR-451a
3961,hsa-miR-1238-3p
439530,hsa-miR-4297
60750,hsa-miR-767-5p
6057,hsa-miR-451a
9826528,hsa-miR-4465
3657,hsa-miR-223-3p
6442177,hsa-miR-301a-3p
452548,hsa-miR-4665-3p
9931953,hsa-miR-302c-3p
126941,hsa-miR-16-1-3p
119104,hsa-miR-922
2578,hsa-miR-3960
6468,hsa-miR-296-5p
10621,hsa-miR-1285-3p
5280448,hsa-miR-3620-3p
60838,hsa-miR-147a
65348,hsa-miR-1233-3p
145858,hsa-miR-15b-3p
91466,hsa-miR-18b-5p
446556,hsa-miR-1252-5p
4158,hsa-miR-4285
3117,hsa-miR-548d-5p
544,hsa-miR-1307-3p
4891,hsa-miR-103a-3p
5360373,hsa-miR-4478
28486,hsa-miR-641
208908,hsa-miR-4464
216239,hsa-miR-202-3p
5280343,hsa-miR-3937
445580,hsa-miR-657
3488,hsa-miR-670-5p
10635,hsa-miR-518b
9804992,hsa-miR-30e-5p
77999,hsa-let-7a-3p
5280951,hsa-miR-4783-3p
7222,hsa-miR-299-5p
638278,hsa-miR-4723-5p
21633059,hsa-miR-378g
5757,hsa-miR-22-5p
6089,hsa-miR-593-3p
451668,hsa-miR-1468-5p
2578,hsa-miR-141-3p
1176,hsa-miR-29b-1-5p
1983,hsa-miR-1255b-5p
28486,hsa-miR-758-3p
10635,hsa-miR-549a-3p
56842234,hsa-miR-379-5p
24360,hsa-miR-519a-3p
17754356,hsa-miR-556-5p
896,hsa-miR-642a-5p
46843772,hsa-miR-4700-5p
3690,hsa-miR-647
2907,hsa-miR-219a-1-3p
5789,hsa-miR-3168
446220,hsa-miR-585-3p
44259,hsa-miR-195-5p
3821,hsa-miR-34b-5p
5462222,hsa-miR-3937
3961,hsa-miR-4706
3821,hsa-miR-4687-3p
2520,hsa-miR-3187-3p
3229,hsa-miR-378b
9700,hsa-miR-106b-5p
6857599,hsa-miR-3163
446556,hsa-miR-2113
896,hsa-miR-188-3p
451668,hsa-miR-642a-5p
2375,hsa-miR-635
64971,hsa-mir-548h-2
2051,hsa-miR-96-5p
14403,hsa-miR-26b-3p
2907,hsa-miR-4450
4641,hsa-miR-520c-3p
6013,hsa-miR-4787-5p
5381226,hsa-miR-4693-5p
54454,hsa-miR-3192-5p
3028194,hsa-miR-9-3p
5222465,hsa-miR-4476
2995,hsa-miR-135b-5p
5280795,hsa-miR-423-3p
135403648,hsa-miR-143-3p
5222465,hsa-miR-18a-5p
9547215,hsa-miR-920
47725,hsa-miR-205-5p
3101,hsa-miR-320c
24497,hsa-miR-3178
3006531,hsa-miR-498-5p
164676,hsa-miR-502-3p
1175,hsa-miR-1297
2767,hsa-miR-28-5p
445580,hsa-miR-502-5p
5746,hsa-miR-549a-3p
5959,hsa-miR-4685-3p
4095,hsa-miR-4271
60606,hsa-miR-19b-3p
21633059,hsa-miR-887-3p
444795,hsa-miR-3184-5p
60953,hsa-miR-31-3p
3103,hsa-miR-4680-3p
689043,hsa-miR-631
4158,hsa-miR-629-3p
2723601,hsa-miR-125a-5p
25244711,hsa-miR-324-3p
636397,hsa-miR-30d-5p
24288,hsa-miR-920
30323,hsa-miR-519c-3p
5329102,hsa-miR-4678
2995,hsa-miR-3074-3p
30323,hsa-miR-532-5p
5284616,hsa-miR-769-3p
122724,hsa-miR-485-5p
104842,hsa-miR-552-3p
156413,hsa-miR-4297
667639,hsa-miR-302a-3p
11707110,hsa-miR-29b-1-5p
122634,hsa-miR-124-3p
3103,hsa-miR-199a-3p
3690,hsa-miR-545-3p
969516,hsa-miR-378b
985,hsa-miR-3192-5p
5816,hsa-miR-148b-3p
2244,hsa-miR-92a-1-5p
54670067,hsa-miR-4426
2187,hsa-miR-1246
10836,hsa-miR-186-5p
3657,hsa-miR-124-5p
5950,hsa-miR-2355-5p
544,hsa-miR-4467
5460341,hsa-miR-151a-5p
448013,hsa-miR-4685-5p
60606,hsa-miR-3192-5p
241,hsa-mir-1285-1
1110,hsa-miR-718
636397,hsa-miR-450a-5p
216326,hsa-miR-520b-3p
5361,hsa-miR-627-5p
73581,hsa-miR-3154
5281708,hsa-let-7d-5p
42890,hsa-miR-4271
3117,hsa-miR-1825
253602,hsa-miR-876-3p
644241,hsa-miR-29c-3p
3062316,hsa-miR-383-5p
969516,bdo-let-7
712,hsa-miR-526a-5p
446220,hsa-miR-4501
9949648,hsa-miR-548c-5p
462382,hsa-miR-4669
1176,hsa-miR-4453
5743,hsa-miR-328-3p
135403648,hsa-miR-4676-5p
25227436,hsa-miR-200a-3p
3062316,hsa-miR-4289
5361,hsa-miR-182-5p
2375,hsa-miR-622
5280360,hsa-miR-2278
65064,hsa-miR-552-3p
108065,hsa-miR-519c-5p
123865,hsa-miR-3692-5p
91820602,hsa-miR-137-3p
2723601,hsa-miR-1286
3488,hsa-miR-4509
10635,hsa-miR-191-3p
5816,hsa-miR-4664-3p
460612,hsa-miR-361-3p
5283344,hsa-miR-1260a
2733,hsa-miR-34c-5p
11953817,hsa-miR-103a-2-5p
24759,hsa-miR-382-5p
216239,hsa-miR-218-5p
445580,hsa-miR-1273c
460612,hsa-miR-563
9804992,hsa-miR-611
1110,hsa-miR-224-3p
60852,hsa-miR-765
1175,hsa-miR-16-5p
164676,hsa-miR-155-5p
5950,hsa-miR-138-2-3p
1983,hsa-miR-146b-5p
285033,hsa-miR-1275
5280343,hsa-let-7f-1
3821,hsa-miR-4763-3p
23973,hsa-miR-27a-5p
208908,hsa-miR-4661-3p
60780,hsa-miR-342-3p
43815,hsa-mir-125b-1
5352624,hsa-miR-4315
638278,hsa-miR-4772-5p
253602,hsa-miR-320c
176870,hsa-miR-362-3p
23725625,hsa-miR-3198
445580,hsa-miR-148a-3p
208908,hsa-miR-30b-3p
896,hsa-miR-3660
123865,hsa-miR-933
261004,hsa-miR-609
439530,hsa-miR-129-2-3p
23973,hsa-let-7i-3p
15625,hsa-miR-487a-3p
37542,hsa-miR-4727-3p
171548,hsa-miR-4474-3p
6106,hsa-miR-4668-5p
5394,hsa-miR-190a-5p
3229,hsa-miR-4685-5p
6089,hsa-miR-34a-3p
3657,hsa-miR-1277-3p
5280961,hsa-miR-582-3p
11707110,hsa-miR-561-3p
3902,hsa-miR-4467
14888,hsa-miR-1257
5280795,hsa-miR-29a-5p
9804992,hsa-miR-199a-3p
45266826,hsa-miR-4745-5p
3763,hsa-miR-548b-5p
5997,hsa-miR-4258
11707110,hsa-miR-3651
446556,hsa-miR-1207-5p
10621,hsa-miR-767-5p
2723601,hsa-miR-299-3p
636397,hsa-miR-621
24978538,hsa-miR-18a-3p
60700,hsa-miR-4685-3p
97226,hsa-miR-30c-2-3p
60750,hsa-miR-1255b-5p
1110,hsa-miR-499a-5p
1673,hsa-miR-875-3p
5994,hsa-miR-4720-3p
37542,hsa-miR-1267
47318,hsa-miR-542-3p
5280343,hsa-miR-3200-3p
10621,hsa-miR-3161
5959,hsa-miR-3665
6167,hsa-miR-4680-3p
5212,hsa-miR-7-5p
13089,hsa-miR-26b-3p
6089,hsa-miR-93-5p
9444,hsa-miR-16-1-3p
11707110,hsa-miR-302f
176870,hsa-miR-328-3p
261000,hsa-miR-222-3p
9064,hsa-miR-216b-5p
5280360,hsa-miR-373-5p
5280795,hsa-miR-374a-5p
3229,hsa-miR-320e
216239,hsa-miR-4768-5p
6167,hsa-miR-101-3p
14403,hsa-miR-4758-5p
25262965,hsa-miR-4668-5p
5280427,hsa-miR-618
11226684,hsa-miR-4319
10635,hsa-miR-151a-5p
5284373,hsa-miR-4428
5538,hsa-miR-9-3p
25227436,hsa-miR-30e-5p
171548,hsa-miR-532-5p
5288209,hsa-miR-639
45266826,hsa-miR-27b-5p
445434,hsa-miR-1179
6037,hsa-miR-1912-3p
9949648,hsa-miR-516a-3p
3121,hsa-miR-23a-5p
45266826,hsa-miR-487a-3p
171548,hsa-miR-516b-5p
638278,hsa-miR-4675
65110,hsa-miR-4261
1673,hsa-miR-548m
2733526,hsa-miR-450b-5p
104842,hsa-miR-377-3p
4212,hsa-miR-4464
23973,hsa-miR-3692-5p
5994,hsa-miR-532-3p
145858,hsa-miR-518a-5p
141643,hsa-miR-19b-1-5p
5360373,hsa-miR-139-5p
460612,hsa-miR-449b-5p
65110,hsa-miR-4521
6057,hsa-miR-520a-3p
10635,hsa-miR-500b-5p
5360373,hsa-miR-499a-5p
3101,hsa-miR-504-5p
44631912,hsa-miR-4669
5284616,hsa-miR-122-5p
2995,hsa-miR-198
3071,hsa-miR-1269a
985,hsa-miR-548b-3p
42890,hsa-miR-181d-3p
4033,hsa-miR-3185
5283344,hsa-miR-1911-5p
3657,hsa-miR-4518
3385,hsa-miR-15b-3p
6857599,hsa-miR-659-3p
2051,hsa-miR-337-3p
3101,hsa-miR-431-5p
135403648,hsa-miR-297
54675776,hsa-miR-1827
445434,hsa-miR-331-3p
387447,hsa-miR-639
208908,hsa-miR-574-3p
5288209,hsa-miR-342-3p
3062316,hsa-miR-3064-5p
3902,hsa-miR-339-5p
9915743,hsa-miR-664a-3p
162282,hsa-miR-626
445434,hsa-miR-4735-3p
176870,hsa-miR-196b-5p
54671203,hsa-miR-551b-3p
97226,hsa-miR-4516
644241,hsa-miR-939-5p
77999,hsa-miR-138-1-3p
1175,hsa-miR-609
5311,hsa-miR-4450
60700,hsa-miR-510-5p
123596,hsa-miR-571
969516,hsa-miR-4327
689043,hsa-miR-494-3p
636397,hsa-miR-363-5p
31401,hsa-miR-378f
60852,hsa-miR-181a-2-3p
73581,hsa-miR-4674
442428,hsa-miR-1286
3006531,hsa-mir-1207
2767,hsa-miR-124-3p
5790,hsa-miR-1227-3p
141643,hsa-miR-505-3p
638278,hsa-miR-200c-3p
5460341,hsa-miR-506-3p
445434,hsa-miR-570-3p
9444,hsa-miR-206
3652,hsa-miR-2116-5p
25244711,hsa-miR-3654
3657,hsa-miR-20a-5p
6468,hsa-miR-370-3p
30323,hsa-miR-3194-5p
2733,hsa-miR-192-5p
985,hsa-miR-651-5p
5280448,hsa-miR-24-3p
91820602,hsa-miR-29a-5p
60823,hsa-miR-663b
2051,hsa-miR-4695-3p
3006531,hsa-miR-3606-5p
2353,hsa-miR-662
122634,hsa-miR-3183
4095,hsa-miR-374b-3p
446220,hsa-miR-222-5p
60953,hsa-miR-218-5p
5881,hsa-miR-98-5p
3763,hsa-miR-152-3p
387447,hsa-miR-598-5p
2662,hsa-miR-486-3p
60852,hsa-miR-769-5p
6057,hsa-miR-607
5280427,hsa-miR-892a
5381226,hsa-miR-552-3p
1548943,hsa-miR-6134
10635,hsa-miR-1323
53232,hsa-miR-4297
5360373,hsa-miR-589-3p
145858,hsa-miR-15a-3p
60198,hsa-miR-204-5p
89594,hsa-miR-147b-3p
6041,hsa-miR-1257
47318,hsa-miR-577
969516,hsa-miR-920
41867,hsa-miR-4476
126941,hsa-miR-484
56842234,hsa-miR-202-3p
2353,hsa-miR-107
4763,hsa-miR-378d
9064,hsa-miR-147b-3p
13089,hsa-miR-1183
3006531,hsa-miR-525-3p
5460341,hsa-miR-4475
455658,hsa-miR-1255b-5p
42890,hsa-miR-553
3488,hsa-mir-199a-1
60198,hsa-miR-2052
448013,hsa-miR-532-3p
108065,hsa-miR-3945
60780,hsa-miR-4644
5280961,hsa-miR-3173-3p
1832,hsa-miR-186-3p
5743,hsa-miR-133a-3p
5757,hsa-miR-3674
54671203,hsa-miR-194-3p
5281708,hsa-miR-522-3p
2187,hsa-miR-27b-5p
6167,hsa-miR-4700-5p
24288,hsa-miR-95-3p
5816,hsa-miR-152-3p
4763,hsa-miR-3193
17754356,hsa-miR-485-5p
104746,hsa-miR-4659b-5p
10621,hsa-miR-4443
2353,hsa-miR-34b-3p
2187,hsa-miR-125b-1-3p
3961,hsa-miR-138-1-3p
5311,hsa-miR-614
5352624,hsa-miR-539-5p
42611257,hsa-miR-760
23973,hsa-miR-101-5p
5997,hsa-miR-891a-5p
445858,hsa-miR-96-5p
5318517,hsa-miR-181c-3p
119307,hsa-miR-139-5p
65015,hsa-miR-301b-3p
5978,hsa-miR-1257
6468,hsa-miR-144-3p
9826528,hsa-miR-1538
5950,hsa-miR-29b-2-5p
65348,hsa-miR-4460
5881,hsa-miR-643
5997,hsa-miR-711
124886,hsa-miR-632
6167,hsa-miR-1469
216239,hsa-miR-4788
135403648,hsa-miR-1224-5p
5460341,hsa-miR-1207-5p
3103,hsa-miR-598-3p
97226,hsa-miR-130a-3p
23973,hsa-miR-92b-3p
667639,hsa-miR-450a-5p
104842,hsa-miR-3162-5p
2662,hsa-miR-557
5310940,hsa-miR-27a-5p
2051,hsa-miR-573
969516,hsa-miR-626
790,hsa-miR-625-3p
5360373,hsa-miR-622
3220,hsa-miR-4450
124886,hsa-miR-143-3p
1130,hsa-miR-552-3p
216326,hsa-miR-1910-5p
13342,hsa-miR-629-5p
3386,hsa-miR-520e-3p
9949648,hsa-miR-3074-3p
10635,hsa-miR-769-5p
123865,hsa-miR-374b-3p
446220,hsa-miR-484
896,hsa-miR-492
42611257,hsa-miR-339-5p
6041,hsa-miR-194-5p
11228183,hsa-miR-328-3p
2907,hsa-miR-802
42611257,hsa-miR-3907
3229,hsa-miR-106b-3p
41867,hsa-miR-1275
45266826,hsa-miR-181b-2-3p
2995,hsa-let-7a-5p
3071,hsa-miR-133b
9064,hsa-miR-1257
5283344,hsa-miR-106b-5p
261000,hsa-miR-410-3p
3071,hsa-miR-3660
72304,hsa-mir-1207
4891,hsa-miR-378b
65110,hsa-miR-596
9064,hsa-let-7i-5p
5280360,hsa-miR-4454
54671203,hsa-miR-1265
42113,hsa-miR-513a-5p
5352624,hsa-miR-1290
3652,hsa-miR-654-5p
5222465,hsa-mir-770
6253,hsa-miR-181d-3p
43815,hsa-miR-4745-5p
36314,hsa-miR-24-1-5p
6041,hsa-miR-96-5p
1175,hsa-miR-10b-3p
3028194,hsa-miR-767-5p
37542,hsa-miR-558
21109,hsa-miR-3163
439260,hsa-miR-875-5p
5280961,hsa-miR-583
10836,hsa-miR-4668-5p
21109,hsa-miR-4777-5p
24288,hsa-miR-122-5p
91820602,hsa-miR-892a
126941,hsa-miR-3621
25227436,hsa-miR-1258
6279,hsa-miR-129-2-3p
3071,hsa-miR-338-3p
4158,hsa-miR-1224-3p
122724,hsa-miR-2682-5p
47318,hsa-miR-561-3p
4212,hsa-miR-4285
24288,hsa-miR-125b-2-3p
6089,hsa-miR-1301-3p
3006531,hsa-miR-9-3p
5280961,hsa-miR-626
2244,mmu-miR-878-3p
65015,hsa-miR-218-1-3p
462382,hsa-miR-4728-3p
21109,hsa-miR-502-3p
54675776,hsa-miR-342-5p
1175,hsa-miR-532-3p
72301,hsa-miR-361-3p
439530,hsa-miR-498-5p
6857599,hsa-let-7f-5p
60750,hsa-miR-376c-3p
24288,hsa-miR-337-5p
91466,hsa-miR-3648
5881,hsa-miR-4311
119307,hsa-miR-606
164676,hsa-miR-2277-3p
2187,hsa-miR-1273c
3028194,hsa-miR-3917
442972,hsa-miR-15b-3p
4095,hsa-miR-125b-1-3p
445858,hsa-miR-3150b-3p
14403,hsa-miR-647
5352624,hsa-mir-324
53232,hsa-miR-1260a
5280427,hsa-miR-190b-5p
442428,hsa-miR-4668-5p
42611257,hsa-miR-224-5p
261000,hsa-miR-449a
43815,hsa-miR-583
25183872,hsa-miR-708-5p
7222,hsa-miR-3193
261004,hsa-miR-365a-3p
1673,hsa-miR-641
5394,hsa-miR-4640-5p
176870,hsa-miR-487b-3p
91466,hsa-miR-4535
5816,hsa-miR-335-5p
5950,hsa-miR-196a-5p
10836,hsa-miR-614
9915743,hsa-miR-1299
790,hsa-miR-1469
10184653,hsa-miR-603
5280343,hsa-miR-4258
171548,hsa-miR-3910
4212,hsa-miR-409-5p
176870,hsa-miR-1251-5p
11226684,hsa-miR-31-5p
123631,hsa-miR-487a-3p
5538,hsa-miR-4504
455658,hsa-miR-6134
3006531,hsa-miR-1265
5950,hsa-miR-448
24288,hsa-miR-181d-3p
162282,hsa-miR-1227-3p
689043,hsa-miR-219b-3p
4641,hsa-miR-889-5p
42611257,hsa-miR-4646-3p
104746,hsa-miR-4635
54671203,hsa-miR-523-3p
387447,hsa-miR-640
1673,hsa-miR-524-3p
208908,hsa-miR-32-5p
9700,hsa-miR-324-5p
30323,hsa-miR-181c-3p
2353,hsa-miR-455-5p
229455,hsa-miR-449c-5p
657237,hsa-miR-215-5p
107985,hsa-miR-32-5p
11556711,hsa-miR-551b-3p
9915743,hsa-miR-3139
1176,hsa-miR-4492
24360,hsa-miR-4635
5865,hsa-miR-1277-3p
9064,hsa-miR-186-3p
25262965,hsa-miR-613
11626560,hsa-miR-518c-3p
5950,hsa-miR-450b-5p
72301,hsa-miR-331-5p
104746,hsa-miR-3619-5p
2767,hsa-miR-1233-3p
5462222,hsa-miR-1297
46843772,hsa-miR-130a-5p
5790,hsa-miR-182-5p
64971,hsa-miR-3974
5212,hsa-miR-3153
10836,hsa-mir-125b-2
42113,hsa-miR-568
1548943,hsa-miR-582-3p
9444,hsa-miR-125a-3p
5311,hsa-miR-153-3p
73581,hsa-miR-4680-3p
3690,hsa-miR-766-3p
10836,hsa-miR-802
6468,hsa-miR-4728-3p
5881,hsa-mir-770
54671203,hsa-miR-181d-3p
123596,hsa-miR-361-5p
148124,hsa-miR-616-3p
24497,hsa-miR-377-3p
6253,hsa-miR-4685-3p
31703,hsa-miR-3651
107985,hsa-miR-516b-3p
445154,hsa-miR-513c-5p
442428,hsa-miR-4750-5p
11707110,hsa-mir-196a-1
5311,hsa-miR-933
5073,hsa-miR-4676-5p
4641,hsa-miR-1321
11228183,hsa-miR-596
15625,hsa-miR-3164
123865,hsa-miR-193a-5p
4158,hsa-miR-495-3p
176870,hsa-miR-1301-3p
6505803,hsa-mir-26a-2
2995,hsa-miR-4693-5p
444732,hsa-miR-4768-5p
123865,hsa-miR-596
60700,hsa-miR-187-3p
5994,hsa-miR-670-5p
5757,hsa-miR-199b-5p
122724,hsa-let-7c-5p
9949648,hsa-miR-877-3p
43815,hsa-mir-92a-1
13089,hsa-mir-196a-2
4624,hsa-miR-3174
42113,hsa-miR-1253
6505803,hsa-mir-24-1
2995,hsa-miR-935
2662,hsa-miR-1261
9700,hsa-miR-362-5p
123865,hsa-miR-525-5p
689043,hsa-miR-320e
15939,hsa-miR-659-3p
21109,hsa-miR-492
442793,hsa-miR-22-5p
5394,hsa-miR-335-5p
445154,hsa-miR-532-5p
2244,hsa-miR-363-3p
28486,hsa-miR-637
448537,hsa-miR-1238-3p
9700,hsa-miR-4787-5p
17754356,hsa-miR-411-5p
31401,hsa-miR-1265
261004,hsa-miR-551b-3p
5035,hsa-miR-29b-1-5p
11228183,hsa-miR-3153
6253,hsa-miR-642a-5p
3902,hsa-miR-877-5p
451668,hsa-miR-409-5p
54454,hsa-miR-4750-5p
11626560,hsa-miR-3651
445580,hsa-miR-346
25262965,hsa-miR-1-3p
460612,hsa-miR-3960
5280427,hsa-miR-15b-3p
2733,hsa-miR-378e
1176,hsa-miR-4508
5288826,hsa-miR-181a-5p
5757,hsa-miR-26a-5p
6505803,hsa-miR-3133
5282350,hsa-miR-630
241,hsa-miR-767-3p
2578,hsa-miR-637
5288209,hsa-let-7i-5p
460612,hsa-miR-638
5280360,hsa-miR-10a-5p
24360,hsa-miR-2682-5p
24180719,hsa-miR-26a-5p
2187,hsa-miR-105-5p
9064,hsa-miR-219a-5p
5462222,hsa-miR-33a-5p
5284616,hsa-miR-483-3p
3763,hsa-miR-573
1110,hsa-miR-3074-3p
3821,hsa-miR-1255b-5p
216239,hsa-miR-34a-3p
5291,hsa-miR-3198
24360,hsa-miR-1321
24978538,hsa-miR-23b-3p
451668,hsa-miR-4706
5994,hsa-miR-93-5p
9949648,hsa-miR-133b
44259,hsa-miR-130a-5p
2723601,hsa-miR-15a-3p
3121,hsa-miR-4797-5p
5538,hsa-miR-338-3p
56842234,hsa-miR-1238-3p
119104,hsa-miR-505-3p
56649450,hsa-miR-21-5p
6442177,hsa-miR-769-3p
5284373,hsa-miR-31-5p
6279,hsa-miR-4720-3p
60852,hsa-miR-3131
2051,hsa-miR-4640-5p
241,hsa-miR-139-3p
25227436,hsa-miR-199a-3p
444795,hsa-miR-19b-3p
6505803,hsa-miR-514a-3p
30323,hsa-miR-548c-3p
689043,hsa-miR-125a-3p
6505803,hsa-miR-4745-5p
2995,hsa-miR-579-3p
13089,hsa-miR-4787-5p
104842,hsa-miR-3133
107985,hsa-mir-125b-1
2336,hsa-miR-1299
5035,hsa-miR-29c-5p
5816,hsa-miR-3682-3p
9949648,hsa-miR-652-3p
14888,hsa-miR-106b-3p
135403648,hsa-miR-578
439260,hsa-miR-138-2-3p
6468,hsa-mir-125b-2
6089,hsa-miR-558
4091,hsa-miR-510-5p
5281708,hsa-miR-4680-3p
25183872,hsa-miR-630
5959,hsa-miR-486-3p
3763,hsa-miR-519e-3p
47725,hsa-miR-449c-5p
445858,hsa-miR-4774-5p
636397,hsa-miR-328-3p
6115,hsa-miR-181b-5p
5994,hsa-miR-181a-5p
3220,hsa-miR-4504
119104,hsa-miR-4430
60700,hsa-miR-15a-3p
24497,hsa-miR-2117
25183872,hsa-miR-127-5p
5951,hsa-miR-338-5p
15,hsa-miR-376a-3p
208908,hsa-miR-1538
446556,hsa-miR-217-5p
5757,hsa-miR-1228-3p
2662,hsa-miR-765
5280427,hsa-miR-4453
42113,hsa-miR-361-5p
54671203,hsa-miR-24-2-5p
11953817,hsa-miR-574-3p
31401,hsa-miR-1264
449171,hsa-miR-181a-5p
65110,hsa-miR-4257
9826528,hsa-miR-503-5p
5280448,hsa-miR-875-3p
5361,hsa-miR-4659b-5p
5757,hsa-miR-4655-5p
3902,hsa-miR-17-5p
46843772,hsa-miR-202-5p
3101,hsa-miR-802
445639,hsa-miR-627-5p
5538,hsa-miR-95-3p
3690,hsa-miR-770-5p
445434,hsa-miR-622
5280427,hsa-miR-4270
712,hsa-miR-382-5p
3652,hsa-miR-582-3p
6013,hsa-miR-151a-3p
5280360,hsa-miR-1296-5p
104746,hsa-miR-4501
135403648,hsa-miR-450a-5p
4763,hsa-miR-576-3p
439260,hsa-mir-92a-1
54670067,hsa-miR-30d-5p
5994,hsa-miR-3147
104842,hsa-miR-1914-5p
9826528,hsa-mir-7-3
5746,hsa-miR-3146
10184653,hsa-miR-16-5p
5394,hsa-miR-487b-3p
285033,hsa-miR-576-3p
261000,hsa-miR-607
442972,hsa-miR-337-5p
10836,hsa-miR-132-3p
5959,hsa-miR-3960
1673,hsa-miR-182-5p
24978538,hsa-miR-193b-5p
5280961,hsa-miR-125b-1-3p
5282350,hsa-miR-93-5p
3488,hsa-miR-378d
4624,hsa-miR-9-5p
5978,hsa-miR-1204
5460341,hsa-miR-769-5p
11953817,hsa-miR-423-5p
5460341,hsa-miR-640
5538,hsa-miR-32-5p
2907,hsa-miR-559
11707110,hsa-miR-548d-5p
45266826,hsa-miR-3654
2051,hsa-miR-23a-3p
72304,hsa-miR-16-5p
11226684,hsa-miR-4492
5743,hsa-miR-3910
45266826,hsa-miR-519b-3p
6279,hsa-miR-496
229455,hsa-miR-891b
2244,hsa-miR-27b-5p
3006531,hsa-miR-3648
216345,hsa-miR-573
1110,hsa-miR-342-5p
2733526,hsa-miR-3074-3p
3229,hsa-let-7b-3p
60780,hsa-miR-548h-5p
10836,hsa-miR-495-3p
11626560,hsa-miR-222-5p
23725625,hsa-miR-548b-5p
261004,hsa-miR-488-3p
2578,hsa-miR-198
5073,hsa-miR-22-5p
442793,hsa-miR-95-3p
11953817,hsa-miR-939-5p
124886,hsa-miR-590-3p
122634,hsa-mir-365a
171548,hsa-miR-454-5p
10836,hsa-miR-632
123631,hsa-miR-1285-3p
3071,hsa-miR-643
31101,hsa-miR-651-5p
644241,hsa-miR-4474-3p
73581,hsa-miR-4474-3p
455658,hsa-miR-1914-5p
42611257,hsa-let-7c-5p
446220,hsa-miR-4727-3p
285033,hsa-miR-3065-5p
9700,hsa-miR-1224-3p
9700,hsa-miR-132-3p
4641,hsa-miR-1268a
65110,hsa-miR-4448
3763,hsa-miR-154-5p
5352624,hsa-miR-621
544,hsa-miR-637
65348,hsa-miR-33a-5p
442972,hsa-miR-122-5p
702,hsa-miR-516b-5p
2733,hsa-miR-363-3p
4212,bdo-let-7
6115,hsa-miR-1204
5329102,hsa-miR-1910-5p
47725,hsa-miR-744-3p
6115,hsa-miR-4749-3p
644241,hsa-miR-4787-5p
4095,hsa-miR-29b-1-5p
3821,mmu-miR-465b-5p
9064,hsa-miR-4497
452548,hsa-miR-149-3p
253602,hsa-miR-15a-3p
44631912,hsa-miR-518f-3p
5073,hsa-miR-361-3p
38904,hsa-miR-4721
5381226,hsa-miR-4530
449171,hsa-miR-485-5p
5394,hsa-miR-450a-5p
5755,hsa-miR-4465
123865,hsa-miR-654-3p
4158,hsa-miR-563
5073,hsa-miR-185-5p
5222465,hsa-miR-4732-5p
5310940,hsa-miR-549a-3p
5950,hsa-mir-409
5288826,hsa-miR-1255b-5p
14403,hsa-miR-362-3p
3397,hsa-miR-548m
3071,hsa-miR-425-5p
24180719,hsa-miR-620
4095,hsa-miR-135b-5p
253602,hsa-miR-30c-1-3p
3006531,hsa-miR-644a
47725,hsa-miR-4465
97226,hsa-miR-1277-3p
123865,hsa-miR-4261
208908,hsa-miR-542-3p
6279,hsa-miR-665
5743,hsa-miR-217-5p
65064,hsa-miR-190b-5p
3961,hsa-miR-1304-5p
253602,hsa-miR-4745-3p
11707110,hsa-miR-3940-3p
689043,hsa-mir-92a-2
2995,hsa-miR-520c-3p
5284616,hsa-miR-510-5p
13342,hsa-miR-128-3p
11556711,hsa-miR-373-5p
28486,hsa-miR-376a-3p
3229,hsa-miR-324-3p
2578,hsa-miR-1265
164676,hsa-miR-4767
77999,hsa-miR-4297
4943,hsa-miR-4723-5p
3902,hsa-miR-3974
3345,hsa-let-7i-5p
1175,hsa-miR-1323
439260,hsa-let-7c-5p
4943,hsa-miR-214-3p
3386,hsa-miR-637
11226684,hsa-miR-549a-3p
15625,hsa-miR-516a-5p
6013,hsa-miR-3192-5p
65348,hsa-mir-548a-2
5288209,hsa-miR-1228-3p
60750,hsa-miR-126-5p
5865,hsa-miR-127-5p
31401,hsa-miR-525-5p
2995,hsa-miR-130b-3p
10621,hsa-miR-4787-3p
24180719,hsa-miR-330-3p
5280961,hsa-miR-149-5p
261000,hsa-miR-1236-3p
3821,hsa-miR-4464
702,hsa-miR-377-3p
65348,hsa-miR-30e-5p
5997,hsa-miR-4327
448013,hsa-miR-335-5p
5280360,hsa-miR-617
11953817,hsa-miR-371a-5p
1110,hsa-miR-4795-5p
3103,hsa-miR-1248
77999,hsa-miR-1287-5p
5329102,hsa-miR-619-3p
5997,efu-miR-128b
60606,hsa-miR-219a-2-3p
104746,hsa-miR-219a-5p
1110,hsa-miR-516a-3p
5283344,hsa-mir-365a
2662,hsa-miR-1973
3062316,hsa-miR-487b-3p
31703,hsa-miR-1307-3p
21109,hsa-miR-26b-5p
5743,hsa-miR-3937
9915743,hsa-miR-34c-3p
5288826,hsa-miR-206
31401,hsa-miR-501-5p
56842234,hsa-miR-1908-5p
122724,hsa-miR-183-3p
241,hsa-miR-640
5329102,hsa-miR-4288
6037,hsa-miR-616-3p
5311,hsa-miR-521
11226684,hsa-mir-196a-2
6089,hsa-miR-27a-5p
3062316,hsa-miR-3937
3961,hsa-miR-1265
171548,hsa-miR-4687-3p
5978,hsa-miR-518a-3p
3763,hsa-mir-770
5381226,hsa-miR-518a-5p
5352624,hsa-miR-642a-5p
60838,hsa-miR-4306
5462222,hsa-miR-3658
6253,hsa-miR-3654
123596,hsa-miR-889-5p
47318,hsa-miR-3196
6106,hsa-miR-517b-3p
6279,hsa-miR-149-3p
6057,hsa-miR-518d-5p
229455,hsa-miR-509-5p
60823,hsa-miR-711
448013,hsa-miR-29b-2-5p
445639,hsa-miR-29c-3p
5951,hsa-miR-3194-5p
4943,hsa-miR-383-5p
123865,hsa-miR-4787-5p
56842234,hsa-miR-27b-3p
445858,hsa-miR-3180-5p
5291,hsa-miR-34b-5p
445434,hsa-miR-2113
2723601,hsa-miR-485-5p
10184653,hsa-miR-648
9547215,hsa-miR-1469
11707110,hsa-miR-513a-5p
5538,hsa-miR-525-5p
253602,hsa-miR-585-3p
5790,hsa-miR-3654
6013,hsa-miR-4261
5361,hsa-miR-9-5p
7222,hsa-miR-487a-3p
2353,hsa-let-7e-5p
11707110,hsa-miR-199a-5p
6115,hsa-miR-6134
1176,hsa-miR-572
28486,hsa-miR-4773
3345,hsa-miR-4727-3p
6857599,hsa-miR-4716-3p
2520,hsa-miR-4633-5p
148124,hsa-miR-4758-5p
3690,hsa-miR-3151-5p
31401,hsa-miR-770-5p
439260,hsa-miR-374c-5p
636397,hsa-miR-449b-5p
449171,hsa-miR-2278
5280795,hsa-miR-1538
216326,hsa-miR-485-5p
46843772,hsa-miR-101-5p
3117,hsa-miR-647
42113,hsa-miR-1269b
1673,hsa-miR-181a-5p
285033,hsa-miR-106a-5p
455658,hsa-miR-1267
5790,hsa-miR-4661-3p
60780,hsa-miR-4727-3p
253602,hsa-miR-613
13342,hsa-miR-1303
53232,hsa-miR-150-5p
42890,hsa-miR-4706
3006531,hsa-miR-126-3p
5360373,hsa-miR-4281
3652,hsa-miR-197-3p
4641,hsa-mir-7-3
104758,hsa-miR-20b-5p
9804992,hsa-miR-1293
30323,hsa-miR-431-5p
969516,hsa-miR-1303
10836,hsa-miR-369-3p
4943,hsa-miR-1257
6279,hsa-miR-515-3p
77999,hsa-miR-582-5p
2733526,hsa-miR-369-3p
4033,hsa-miR-520e-3p
216326,hsa-miR-631
4891,hsa-miR-130a-5p
54671203,hsa-miR-185-5p
462382,hsa-miR-24-2-5p
114900,hsa-miR-7-1-3p
3101,hsa-miR-432-5p
1832,hsa-miR-193b-3p
25227436,hsa-miR-1260a
123631,hsa-miR-362-3p
164676,hsa-miR-1976
1673,hsa-miR-513a-3p
72304,hsa-miR-23b-5p
2336,hsa-miR-1207-5p
156413,hsa-miR-1825
89594,hsa-miR-301b-3p
790,hsa-miR-10a-5p
107985,hsa-miR-374b-3p
5310940,hsa-mir-26a-2
455658,hsa-mir-24-1
11707110,hsa-miR-518c-5p
24180719,hsa-miR-3144-5p
9700,hsa-miR-551a
657237,hsa-miR-588
60852,hsa-miR-602
5212,hsa-miR-98-5p
2375,hsa-miR-16-2-3p
3220,hsa-miR-2113
42611257,hsa-miR-553
3006531,hsa-miR-4644
445154,hsa-miR-521
60852,hsa-miR-221-3p
5865,hsa-miR-3196
10635,hsa-miR-1237-3p
285033,hsa-miR-4324
3229,hsa-miR-373-5p
3397,hsa-miR-133b
2187,hsa-miR-181c-3p
3071,hsa-miR-1287-5p
