36462,hsa-miR-330-3p
216239,hsa-miR-548a-3p
2733526,hsa-miR-873-5p
712,hsa-miR-106a-5p
5994,hsa-miR-513a-5p
3229,hsa-miR-181a-5p
5978,hsa-miR-532-5p
24360,hsa-miR-124-3p
36314,hsa-miR-1275
5310940,hsa-mir-196a-1
5746,hsa-miR-27b-3p
60750,hsa-miR-1237-3p
3385,hsa-miR-3188
60750,hsa-miR-224-5p
5280795,hsa-miR-26a-5p
2767,hsa-miR-25-3p
3385,hsa-miR-376c-3p
3385,hsa-miR-330-3p
2767,hsa-miR-1908-5p
60750,hsa-miR-542-3p
2733526,hsa-miR-10a-5p
969516,hsa-miR-210-3p
5757,hsa-let-7g-5p
135403648,hsa-miR-193b-3p
36462,hsa-miR-382-5p
60750,hsa-miR-429
36462,hsa-let-7i-5p
60750,hsa-miR-125a-5p
5994,hsa-miR-487b-3p
31703,hsa-mir-324
689043,hsa-miR-30c-1-3p
10621,hsa-miR-128-3p
14888,hsa-miR-126-3p
4033,hsa-miR-196a-5p
3229,hsa-miR-139-5p
2767,hsa-miR-135a-5p
31703,hsa-miR-302a-3p
9064,hsa-miR-197-3p
229455,hsa-miR-199a-5p
31703,hsa-miR-520c-3p
2767,hsa-miR-374c-5p
5310940,hsa-miR-611
60750,hsa-miR-1246
60750,hsa-miR-589-5p
445434,hsa-miR-211-5p
60750,hsa-miR-132-3p
56649450,hsa-miR-126-3p
5381226,hsa-miR-379-5p
47725,hsa-miR-125b-5p
97226,hsa-miR-770-5p
5291,hsa-miR-486-5p
60750,hsa-miR-205-5p
97226,hsa-miR-429
31703,hsa-miR-601
5757,hsa-miR-30c-5p
5310940,hsa-miR-130b-5p
31703,hsa-miR-195-5p
712,hsa-miR-130a-3p
97226,hsa-miR-503-5p
31703,hsa-miR-557
208908,hsa-miR-630
3385,hsa-miR-3180
9064,hsa-miR-487b-3p
36314,hsa-miR-877-5p
148124,hsa-miR-502-5p
31703,hsa-miR-33b-5p
5757,hsa-miR-103a-3p
97226,hsa-miR-424-5p
969516,hsa-miR-200a-3p
5329102,hsa-miR-199a-5p
5978,hsa-miR-1247-5p
31703,hsa-miR-30e-5p
5310940,hsa-miR-320a-3p
5978,hsa-miR-3183
148124,hsa-miR-30d-5p
216326,hsa-miR-378a-5p
444732,hsa-miR-106b-5p
5865,hsa-miR-1256
15625,hsa-miR-92a-3p
36314,hsa-miR-3150b-3p
119307,hsa-miR-4281
10635,hsa-miR-375-3p
6623,hsa-miR-146a-5p
60750,hsa-miR-423-3p
31703,hsa-miR-1911-5p
5978,hsa-miR-425-5p
47725,hsa-miR-99a-5p
2520,hsa-miR-769-5p
60750,hsa-miR-4689
126941,hsa-miR-27b-3p
60750,hsa-miR-26a-5p
3385,hsa-miR-624-3p
216239,hsa-miR-217-5p
43815,hsa-miR-486-5p
5310940,hsa-miR-338-3p
31703,hsa-miR-361-5p
452548,hsa-miR-21-5p
5310940,hsa-miR-125b-5p
36314,hsa-miR-933
43815,hsa-miR-328-3p
5310940,hsa-miR-585-3p
2767,hsa-miR-371a-3p
5291,hsa-miR-25-3p
2767,hsa-miR-18a-5p
60780,hsa-miR-517b-3p
6253,hsa-miR-146a-5p
448537,hsa-miR-553
2767,hsa-miR-1307-3p
119307,hsa-miR-3180-5p
6623,hsa-miR-638
31703,hsa-miR-193a-3p
60750,hsa-miR-337-3p
31703,hsa-miR-100-5p
2767,hsa-miR-381-3p
5291,hsa-miR-27b-3p
5793,hsa-miR-329-3p
60750,hsa-miR-323a-3p
2375,hsa-miR-143-5p
97226,hsa-miR-892b
2520,hsa-miR-30a-5p
60750,hsa-miR-6134
2733526,hsa-miR-935
216239,hsa-miR-206
5291,hsa-miR-181c-5p
5291,hsa-miR-130a-3p
97226,hsa-miR-29b-1-5p
60750,hsa-miR-148a-3p
31703,hsa-miR-495-3p
442972,hsa-miR-29b-3p
2767,hsa-let-7c-5p
104741,hsa-miR-145-5p
5793,hsa-miR-330-5p
31703,hsa-miR-542-3p
31703,hsa-miR-555
2520,hsa-miR-517b-3p
712,hsa-miR-137-3p
3385,hsa-miR-629-5p
24497,hsa-miR-16-5p
31703,hsa-miR-137-3p
14888,hsa-miR-98-5p
451668,hsa-miR-193a-3p
60750,hsa-miR-199a-3p
5310940,hsa-miR-224-5p
36314,hsa-miR-182-5p
5757,hsa-miR-146a-5p
31703,hsa-miR-802
2767,hsa-let-7g-5p
2767,hsa-miR-4311
4624,hsa-miR-668-3p
2767,hsa-miR-3175
5280795,hsa-miR-339-5p
3385,hsa-let-7b-5p
47725,hsa-miR-429
5793,hsa-miR-135b-5p
60750,hsa-miR-4731-3p
451668,hsa-miR-145-5p
3385,hsa-miR-520a-3p
36462,hsa-miR-326
208908,hsa-miR-210-3p
6857599,hsa-miR-26b-5p
31703,hsa-miR-571
3385,hsa-miR-548f-5p
36314,hsa-miR-3127-5p
135403648,hsa-miR-423-3p
5755,hsa-miR-625-5p
5311,hsa-miR-34a-5p
60953,hsa-miR-196b-5p
5793,hsa-miR-129-5p
60750,hsa-miR-128-3p
3385,hsa-miR-3146
442972,hsa-miR-10a-5p
36462,hsa-miR-9-5p
6857599,hsa-miR-32-5p
2767,hsa-miR-449c-5p
148124,hsa-miR-126-3p
108065,hsa-miR-17-5p
5755,hsa-miR-199b-5p
5978,hsa-miR-146b-5p
387447,hsa-miR-192-5p
5280453,hsa-miR-98-5p
712,hsa-let-7d-5p
60750,hsa-miR-708-5p
145858,hsa-miR-298
145858,hsa-miR-532-5p
148124,hsa-miR-7-5p
60780,hsa-miR-517c-3p
5280795,hsa-miR-331-3p
3385,hsa-miR-216a-5p
60750,hsa-miR-324-5p
5793,hsa-miR-582-3p
5978,hsa-miR-200c-3p
3385,hsa-miR-671-5p
5280795,hsa-miR-203a-3p
31703,hsa-miR-1246
24180719,hsa-miR-503-5p
216326,hsa-miR-145-5p
3385,hsa-miR-4455
31703,hsa-miR-135b-5p
2375,hsa-miR-1-3p
31703,hsa-miR-194-5p
2733526,hsa-miR-34a-5p
6253,hsa-miR-181a-5p
5743,hsa-miR-27a-3p
36314,hsa-miR-451a
6623,hsa-miR-21-5p
3385,hsa-miR-34a-5p
5793,hsa-miR-302b-3p
60750,hsa-miR-3619-5p
6857599,hsa-miR-146a-5p
5329102,hsa-miR-324-3p
969516,hsa-miR-92a-1-5p
36314,hsa-miR-19a-3p
5291,hsa-miR-15b-5p
3385,hsa-miR-708-5p
6857599,hsa-miR-215-5p
54670067,hsa-miR-614
126941,hsa-miR-378a-3p
3385,hsa-mir-128-2
216239,hsa-miR-21-5p
36314,hsa-miR-128-3p
5310940,hsa-miR-24-3p
3385,hsa-miR-130a-3p
31703,hsa-miR-297
2375,hsa-miR-663a
5280453,hsa-miR-181c-5p
3385,hsa-miR-363-3p
43815,hsa-miR-4315
5950,hsa-miR-210-3p
3385,hsa-miR-16-5p
216239,hsa-miR-93-5p
60750,hsa-miR-301b-3p
31703,hsa-miR-4427
60750,hsa-miR-191-5p
216239,hsa-miR-222-3p
123631,hsa-miR-100-5p
2767,hsa-miR-520b-3p
60750,hsa-miR-371a-3p
5793,hsa-miR-450b-5p
31703,hsa-miR-380-3p
2733526,hsa-miR-141-3p
31703,hsa-miR-206
216326,hsa-miR-98-5p
119307,hsa-miR-16-5p
702,hsa-miR-26b-3p
216239,hsa-miR-1290
31703,hsa-miR-922
2767,hsa-miR-1224-3p
36462,hsa-miR-188-5p
60823,hsa-miR-892a
31703,hsa-miR-592
60750,hsa-miR-424-5p
97226,hsa-miR-328-3p
5394,hsa-miR-193b-3p
36314,hsa-let-7e-5p
9547215,hsa-miR-181a-5p
5793,hsa-miR-296-5p
91820602,hsa-miR-296-5p
148124,hsa-miR-190b-5p
60750,hsa-miR-4279
25244711,hsa-miR-1226-5p
119307,hsa-miR-486-5p
6857599,hsa-miR-125b-5p
24180719,hsa-let-7c-5p
2767,hsa-miR-183-5p
36314,hsa-miR-127-3p
3397,hsa-miR-200b-3p
3385,hsa-miR-140-5p
31703,hsa-miR-410-3p
60750,hsa-miR-675-5p
2767,hsa-miR-29c-3p
6857599,hsa-miR-501-5p
3385,hsa-miR-4778-5p
444732,hsa-miR-19a-3p
36462,hsa-miR-342-3p
2767,hsa-miR-766-3p
31703,hsa-miR-149-5p
36462,hsa-miR-455-5p
5310940,hsa-miR-107
448537,hsa-miR-126-3p
31703,hsa-miR-593-3p
44631912,hsa-miR-126-3p
5310940,hsa-miR-181b-5p
2767,hsa-miR-153-3p
3385,hsa-miR-939-5p
5793,hsa-miR-148a-3p
123631,hsa-miR-181a-3p
31703,hsa-miR-211-5p
3229,hsa-miR-96-5p
2767,hsa-miR-520h
712,hsa-miR-99a-5p
2767,hsa-miR-147a
47725,hsa-miR-135a-5p
5978,hsa-miR-187-3p
5394,hsa-miR-603
3385,hsa-miR-26a-5p
31703,hsa-miR-181d-5p
5310940,hsa-miR-449b-5p
36314,hsa-miR-301a-3p
2767,hsa-miR-187-3p
3385,hsa-miR-1260b
2767,hsa-miR-206
3652,hsa-miR-21-5p
2767,hsa-miR-454-3p
451668,hsa-let-7g-5p
5978,hsa-miR-190a-5p
442972,hsa-miR-200c-3p
2767,hsa-miR-4297
5291,hsa-miR-29c-3p
60700,hsa-miR-502-5p
216239,hsa-miR-30a-5p
444732,hsa-miR-641
24180719,hsa-miR-449c-5p
5310940,hsa-miR-1224-3p
667639,hsa-miR-183-5p
2767,hsa-miR-27a-3p
5310940,hsa-miR-1207-5p
60750,hsa-miR-4685-3p
36462,hsa-miR-218-5p
60838,hsa-miR-24-3p
712,hsa-miR-425-5p
91820602,hsa-miR-377-3p
451668,hsa-miR-494-3p
119307,hsa-miR-188-5p
60838,hsa-miR-145-5p
5291,hsa-miR-26a-5p
5222465,hsa-miR-145-5p
31703,hsa-miR-200a-3p
148124,hsa-miR-200c-3p
91820602,hsa-miR-199a-5p
60780,hsa-miR-197-3p
60750,hsa-miR-4443
3385,hsa-miR-4674
36462,hsa-miR-184
2733526,hsa-miR-125b-5p
36462,hsa-miR-155-5p
5793,hsa-miR-597-5p
108065,hsa-miR-671-5p
123631,hsa-miR-505-3p
60750,hsa-miR-378a-5p
4091,hsa-miR-23a-3p
60750,hsa-miR-4258
5793,hsa-miR-589-3p
2767,hsa-miR-20b-5p
6857599,hsa-miR-185-5p
123631,hsa-miR-92a-3p
6857599,hsa-miR-331-3p
3385,hsa-miR-320a-3p
5997,hsa-miR-155-5p
5757,hsa-miR-200a-3p
60750,hsa-miR-7-5p
2767,hsa-miR-449b-3p
5329102,hsa-miR-1825
5311,hsa-miR-106b-5p
444732,hsa-let-7c-5p
2767,hsa-miR-675-5p
54670067,hsa-miR-516a-3p
5280360,hsa-miR-146a-5p
2520,hsa-miR-582-5p
148124,hsa-miR-221-3p
448537,hsa-miR-93-5p
5310940,hsa-miR-494-3p
2767,hsa-miR-875-3p
5310940,hsa-miR-92a-3p
148124,hsa-miR-200a-3p
445580,hsa-miR-30c-5p
24497,hsa-miR-27a-3p
2767,hsa-miR-134-5p
6041,hsa-miR-145-5p
3385,hsa-miR-98-5p
2520,hsa-let-7i-5p
5746,hsa-miR-30c-5p
60750,hsa-miR-31-5p
54670067,hsa-miR-1268a
5280961,hsa-miR-151a-3p
5280453,hsa-miR-411-5p
60750,hsa-miR-4732-5p
119307,hsa-miR-328-3p
5310940,hsa-miR-128-3p
5394,hsa-miR-23b-3p
387447,hsa-miR-19a-3p
36314,hsa-miR-221-3p
123631,hsa-miR-99a-5p
24978538,hsa-miR-1233-3p
6279,hsa-miR-23a-3p
36314,hsa-miR-376a-3p
444732,hsa-miR-544a
5310940,hsa-miR-769-5p
6857599,hsa-miR-151a-5p
31703,hsa-miR-93-5p
5291,hsa-miR-210-3p
56649450,hsa-miR-326
162282,hsa-miR-16-5p
148124,hsa-miR-320d
47725,hsa-miR-301a-3p
41867,hsa-let-7b-5p
5394,hsa-miR-9-5p
3385,hsa-miR-1226-3p
31703,hsa-miR-634
24180719,hsa-miR-409-3p
5311,hsa-miR-93-5p
31703,hsa-miR-202-3p
13342,bdo-let-7
3229,hsa-miR-101-3p
7222,hsa-miR-101-5p
91820602,hsa-miR-498-5p
60823,hsa-miR-194-5p
5978,hsa-miR-133b
2733526,hsa-miR-517c-3p
36314,hsa-miR-126-3p
5311,hsa-miR-140-5p
14888,hsa-miR-10a-5p
444732,hsa-miR-519c-5p
5462222,hsa-miR-802
702,hsa-miR-24-3p
5360373,hsa-miR-21-5p
5280961,hsa-miR-155-5p
4943,hsa-miR-21-5p
54670067,hsa-miR-197-3p
30323,hsa-miR-199b-5p
36314,hsa-miR-4288
387447,hsa-miR-939-5p
31703,hsa-miR-451a
148124,hsa-miR-141-3p
6253,hsa-miR-21-5p
5311,hsa-miR-382-5p
5280795,hsa-miR-151a-3p
60750,hsa-miR-1202
176870,hsa-miR-301a-3p
5793,hsa-miR-219a-1-3p
2375,hsa-miR-375-3p
3229,hsa-miR-16-5p
36314,hsa-miR-219a-2-3p
24180719,hsa-miR-30d-5p
5283344,hsa-miR-202-3p
448537,hsa-miR-106b-5p
31703,hsa-miR-302c-3p
3385,hsa-miR-19b-3p
969516,hsa-miR-95-5p
5280453,hsa-miR-510-5p
2520,hsa-miR-32-5p
3385,hsa-miR-3200-3p
5881,hsa-miR-15b-5p
60750,hsa-miR-320c
2375,hsa-miR-204-5p
2520,hsa-miR-181a-5p
216239,hsa-miR-222-5p
5978,hsa-miR-455-5p
60780,hsa-miR-582-5p
5793,hsa-miR-187-3p
148124,hsa-miR-34a-5p
14888,hsa-miR-181c-5p
2767,hsa-miR-542-3p
444732,hsa-miR-494-3p
446556,hsa-miR-145-5p
5310940,hsa-miR-591
119307,hsa-miR-590-5p
5994,hsa-miR-146b-5p
451668,hsa-miR-16-5p
36462,hsa-miR-92a-3p
446220,hsa-miR-328-3p
36314,hsa-miR-135a-5p
3385,hsa-miR-129-5p
60750,hsa-miR-299-3p
2375,hsa-miR-376c-3p
444795,hsa-miR-15b-5p
448537,hsa-miR-409-5p
969516,hsa-miR-216a-5p
2995,hsa-miR-18a-5p
2907,hsa-miR-187-3p
3220,hsa-miR-34a-5p
5311,hsa-miR-127-3p
5978,hsa-miR-3162-5p
15,hsa-miR-32-5p
31703,hsa-let-7f-5p
31703,hsa-miR-497-5p
148124,hsa-miR-650
60750,hsa-let-7a-3
2520,hsa-miR-568
31703,hsa-miR-635
2767,hsa-miR-340-5p
36314,hsa-miR-145-5p
31703,hsa-miR-138-1-3p
36314,hsa-miR-149-5p
2733526,hsa-miR-429
60750,hsa-miR-766-3p
36314,hsa-miR-195-5p
60750,hsa-miR-670-5p
31703,hsa-miR-182-5p
108065,hsa-miR-486-5p
123631,hsa-miR-374a-5p
5865,hsa-miR-1236-3p
2733526,hsa-miR-425-5p
31703,hsa-miR-675-5p
2767,hsa-miR-411-5p
31401,hsa-miR-181d-5p
31703,hsa-miR-662
6013,hsa-miR-134-5p
5978,hsa-miR-582-5p
135403648,hsa-miR-339-5p
3385,hsa-miR-425-5p
60750,hsa-miR-557
3385,hsa-miR-3940-3p
3062316,hsa-miR-217-5p
2767,hsa-miR-522-3p
3385,hsa-miR-331-3p
444732,hsa-miR-181a-5p
5978,hsa-miR-497-5p
60700,hsa-miR-431-5p
2767,hsa-mir-29b-1
36462,hsa-miR-15b-5p
43815,hsa-miR-206
5311,hsa-miR-31-5p
2520,hsa-miR-613
5793,hsa-miR-302c-3p
3229,hsa-miR-128-3p
6106,hsa-miR-17-5p
31703,hsa-miR-4508
5310940,hsa-miR-1183
2733526,hsa-miR-625-5p
6857599,hsa-miR-205-5p
60750,hsa-miR-10a-5p
2520,hsa-miR-301b-3p
60750,hsa-miR-373-5p
97226,hsa-miR-658
2733526,hsa-miR-185-5p
3385,hsa-miR-29b-2-5p
36314,hsa-miR-218-5p
229455,hsa-miR-367-3p
969516,hsa-miR-186-3p
3385,hsa-miR-4298
451668,hsa-miR-191-5p
2520,hsa-miR-214-3p
5793,hsa-miR-486-3p
5310940,hsa-let-7a-2
2187,hsa-miR-128-3p
24180719,hsa-miR-584-5p
114900,hsa-miR-335-5p
5978,hsa-miR-122-5p
448537,hsa-miR-653-5p
14888,hsa-miR-221-3p
3385,hsa-miR-4518
60750,hsa-miR-3130-5p
60750,hsa-miR-1972
5746,hsa-miR-630
3385,hsa-miR-652-3p
5310940,hsa-miR-214-3p
6253,hsa-miR-32-5p
38904,hsa-miR-495-3p
3385,hsa-miR-125b-5p
448537,hsa-miR-196a-5p
60750,hsa-miR-24-2-5p
36314,hsa-miR-15b-5p
2767,hsa-miR-16-5p
60823,hsa-miR-548d-5p
31703,hsa-miR-135a-5p
5361,hsa-miR-122-5p
31703,hsa-miR-20a-5p
444732,hsa-miR-373-3p
43815,hsa-miR-485-3p
119307,hsa-miR-137-3p
6857599,hsa-miR-29a-3p
5311,hsa-miR-1246
5310940,hsa-miR-20a-5p
451668,hsa-miR-125a-3p
5793,hsa-miR-629-5p
3385,hsa-miR-320d
5310940,hsa-miR-1202
36462,hsa-miR-375-3p
148124,hsa-miR-191-5p
14888,hsa-miR-16-5p
3385,hsa-miR-27b-3p
451668,hsa-miR-214-3p
6857599,hsa-miR-652-3p
60750,hsa-miR-34c-5p
60750,hsa-miR-4488
60750,hsa-miR-320a-3p
38904,hsa-miR-194-5p
5865,hsa-miR-146a-5p
5994,hsa-miR-27b-5p
444795,hsa-miR-612
60750,hsa-miR-3917
3220,hsa-miR-301a-3p
442972,hsa-miR-125b-5p
5288826,hsa-miR-103a-3p
123631,hsa-miR-200a-3p
31703,hsa-miR-342-3p
60750,hsa-miR-665
5310940,hsa-miR-876-3p
3385,hsa-miR-2355-5p
5978,hsa-miR-4701-5p
123631,hsa-miR-548b-3p
5310940,hsa-miR-593-3p
24180719,hsa-miR-184
2520,hsa-miR-146a-5p
91820602,hsa-miR-654-5p
60750,hsa-miR-4739
5394,hsa-miR-584-5p
123631,hsa-miR-181d-5p
60750,hsa-miR-4447
21633059,hsa-let-7a-5p
36462,hsa-miR-135a-5p
3220,hsa-miR-32-3p
5310940,hsa-miR-26a-5p
2520,hsa-miR-33b-5p
148124,hsa-miR-767-5p
36314,hsa-miR-10a-5p
5291,hsa-miR-1224-5p
2767,hsa-miR-19a-3p
72304,hsa-miR-92a-3p
135403648,hsa-miR-543
60750,hsa-miR-29a-3p
60750,hsa-miR-1290
47318,hsa-miR-199a-5p
14888,hsa-let-7g-5p
2375,hsa-miR-210-3p
31703,hsa-miR-204-5p
5978,hsa-miR-138-1-3p
148124,hsa-miR-27a-3p
5978,hsa-miR-31-5p
37542,hsa-miR-122-5p
36314,bdo-let-7
123631,hsa-miR-375-3p
712,hsa-miR-26a-5p
31703,hsa-miR-152-3p
9064,hsa-miR-30b-3p
2767,hsa-miR-30b-5p
42890,hsa-miR-181a-5p
3220,hsa-miR-141-3p
9915743,hsa-miR-630
5288826,hsa-miR-23a-3p
2520,hsa-miR-26a-5p
448537,hsa-miR-20a-5p
5394,hsa-miR-497-5p
3385,hsa-miR-3937
5310940,hsa-miR-206
5291,hsa-miR-126-3p
5757,hsa-let-7b-5p
5284616,hsa-miR-142-5p
6115,hsa-miR-100-5p
31703,hsa-miR-326
5746,hsa-miR-146b-5p
60750,hsa-let-7f-5p
2767,hsa-miR-4659b-5p
5978,hsa-miR-25-3p
16197265,hsa-miR-29b-3p
2767,hsa-miR-1271-5p
31703,hsa-miR-4488
5978,hsa-miR-378a-3p
24180719,hsa-miR-21-5p
14888,hsa-miR-22-3p
60750,hsa-miR-4640-5p
451668,hsa-miR-210-3p
31703,hsa-miR-25-3p
2767,hsa-miR-30d-5p
5311,hsa-miR-200b-3p
36314,hsa-miR-676-3p
60750,hsa-let-7b-5p
5310940,hsa-miR-320c
4624,hsa-miR-323a-3p
148124,hsa-miR-195-5p
36462,hsa-miR-150-5p
3385,hsa-miR-1249-3p
24180719,hsa-miR-660-5p
702,hsa-miR-219a-5p
5793,hsa-miR-129-2-3p
5310940,hsa-miR-634
442972,hsa-miR-30c-5p
31703,hsa-miR-485-5p
1983,hsa-miR-370-3p
36462,hsa-miR-128-3p
5793,hsa-miR-375-3p
31703,hsa-miR-328-3p
3385,hsa-miR-487b-3p
5746,hsa-miR-223-3p
3385,hsa-miR-3665
14888,hsa-miR-215-5p
6857599,hsa-miR-29b-3p
3385,hsa-miR-204-5p
5865,hsa-miR-455-5p
30323,hsa-miR-125b-5p
31703,hsa-miR-134-5p
5394,hsa-miR-381-3p
36314,hsa-miR-1250-5p
38904,hsa-miR-485-3p
148124,hsa-miR-125a-5p
60750,hsa-miR-142-5p
5394,hsa-miR-125b-5p
47725,hsa-miR-128-3p
2520,hsa-miR-320a-3p
148124,hsa-miR-105-5p
43815,hsa-miR-500a-5p
13089,hsa-miR-15b-5p
3385,hsa-let-7d-5p
36314,hsa-let-7i-5p
5743,hsa-miR-15a-5p
9804992,hsa-miR-19b-3p
2733526,hsa-miR-512-3p
3385,hsa-miR-30c-2-3p
969516,hsa-miR-25-3p
9700,hsa-let-7e-5p
60780,hsa-miR-1908-5p
3385,hsa-miR-205-5p
123631,hsa-miR-423-3p
5997,hsa-miR-320a-3p
60750,hsa-miR-30c-1-3p
14888,hsa-let-7f-5p
36314,hsa-miR-1291
446220,hsa-miR-153-3p
2520,hsa-miR-10b-5p
36462,hsa-miR-548d-3p
712,hsa-miR-24-1-5p
5329102,hsa-miR-362-5p
3385,hsa-miR-222-3p
31703,hsa-miR-106a-5p
43815,hsa-miR-212-3p
2733526,hsa-miR-451a
14888,hsa-miR-200c-3p
445580,hsa-miR-143-3p
702,hsa-miR-152-3p
4624,hsa-let-7d-3p
3385,hsa-miR-665
30323,hsa-miR-629-5p
5746,hsa-miR-485-3p
148124,hsa-miR-146a-5p
5291,hsa-miR-30c-5p
5310940,hsa-miR-581
14888,hsa-let-7d-5p
3385,hsa-miR-34c-3p
31703,hsa-miR-3162-5p
5994,hsa-miR-30c-1-3p
148124,hsa-miR-452-5p
36314,hsa-let-7g-5p
5755,hsa-miR-126-3p
119307,hsa-miR-574-5p
60750,hsa-miR-17-5p
2520,hsa-miR-643
31703,hsa-miR-23b-3p
2520,hsa-miR-101-3p
712,hsa-miR-21-5p
2733526,hsa-miR-182-5p
31703,hsa-miR-148a-3p
2767,hsa-let-7b-5p
5311,hsa-miR-92a-3p
60823,hsa-miR-487a-3p
5329102,hsa-miR-629-5p
2520,hsa-miR-758-3p
38904,hsa-miR-26b-5p
5790,hsa-miR-501-5p
31703,hsa-miR-1256
24497,hsa-miR-31-5p
14888,hsa-miR-34c-5p
451668,hsa-miR-28-5p
31703,hsa-miR-128-3p
9444,hsa-miR-125b-5p
31703,hsa-miR-486-5p
31703,hsa-miR-376c-3p
2767,hsa-miR-300
3385,hsa-miR-3668
60700,hsa-miR-20a-5p
31703,hsa-miR-383-5p
3385,hsa-miR-4773
3385,hsa-miR-1469
2375,hsa-miR-23b-3p
36314,hsa-miR-363-3p
216326,hsa-miR-143-3p
14888,hsa-miR-218-5p
3229,hsa-miR-124-3p
3385,hsa-miR-522-3p
31703,hsa-miR-30d-5p
148124,hsa-miR-4284
2767,hsa-miR-495-3p
31703,hsa-miR-379-5p
448537,hsa-miR-26a-5p
3385,hsa-miR-149-5p
5283344,hsa-miR-199b-5p
5994,hsa-miR-212-3p
123631,hsa-miR-125a-5p
5291,hsa-miR-130b-3p
60750,hsa-miR-3940-3p
2767,hsa-miR-223-3p
119307,hsa-let-7c-5p
30323,hsa-miR-141-3p
3385,hsa-miR-1914-5p
2767,hsa-miR-92a-3p
31703,hsa-miR-219a-5p
969516,hsa-miR-503-5p
712,hsa-miR-101-3p
5329102,hsa-miR-302c-3p
2767,hsa-miR-99b-5p
38904,hsa-let-7d-5p
148124,hsa-miR-342-3p
36314,hsa-miR-191-5p
5978,hsa-miR-181d-5p
123596,hsa-miR-150-5p
5394,hsa-miR-21-5p
445580,hsa-miR-193b-3p
5310940,hsa-miR-301a-3p
2767,hsa-miR-125b-2-3p
60780,hsa-miR-374a-5p
60750,hsa-miR-660-5p
148124,hsa-miR-192-5p
5073,hsa-miR-346
38904,hsa-miR-300
969516,hsa-miR-135b-5p
60750,hsa-let-7c-5p
444732,hsa-miR-20a-5p
5994,hsa-miR-1229-3p
5311,hsa-miR-574-3p
31703,hsa-miR-10b-5p
229455,hsa-miR-372-3p
5757,hsa-miR-526b-5p
14888,hsa-miR-183-5p
5280795,hsa-let-7a-5p
3385,hsa-miR-1-3p
5284616,hsa-miR-125b-5p
176870,hsa-miR-200a-3p
60750,hsa-miR-518b
5311,hsa-miR-132-3p
253602,hsa-let-7c-5p
5978,hsa-miR-1915-3p
5311,hsa-miR-197-3p
65110,hsa-miR-23a-3p
36462,hsa-miR-638
2767,hsa-miR-1304-5p
3961,hsa-miR-155-5p
3385,hsa-miR-519a-3p
24180719,hsa-miR-340-5p
969516,hsa-miR-510-5p
2767,hsa-miR-574-3p
3902,hsa-miR-128-3p
148124,hsa-miR-500a-5p
31703,hsa-miR-99b-5p
14888,hsa-miR-9-5p
5280961,hsa-miR-200b-3p
6623,hsa-let-7f-5p
31703,hsa-miR-4454
24360,hsa-miR-17-5p
6623,hsa-miR-376c-3p
2520,hsa-miR-431-5p
36314,hsa-miR-515-3p
5280795,hsa-miR-146a-5p
444732,hsa-miR-181d-5p
2767,hsa-miR-146b-5p
10621,hsa-miR-370-3p
91820602,hsa-miR-199b-5p
3385,hsa-miR-146b-5p
2767,hsa-miR-520e-3p
60750,hsa-miR-222-3p
451668,hsa-miR-126-3p
5994,hsa-miR-454-5p
36314,hsa-miR-1204
36314,hsa-miR-205-5p
36462,hsa-miR-503-5p
5288826,hsa-miR-15b-5p
31703,hsa-miR-664a-3p
6857599,hsa-miR-221-3p
3385,hsa-miR-106a-5p
3385,hsa-miR-4521
91820602,hsa-miR-345-5p
5793,hsa-miR-16-5p
119307,hsa-miR-138-5p
97226,hsa-miR-193b-5p
31703,hsa-miR-4701-5p
2733526,hsa-miR-324-5p
448537,hsa-miR-611
5793,hsa-miR-139-3p
448537,hsa-miR-559
6037,hsa-miR-21-5p
91820602,hsa-miR-182-5p
60750,hsa-miR-515-5p
2767,hsa-miR-519b-3p
2767,hsa-miR-125a-5p
3385,hsa-miR-500b-5p
6857599,hsa-miR-141-3p
9064,hsa-miR-200c-3p
3690,hsa-miR-99b-5p
6013,hsa-miR-135a-3p
119307,hsa-let-7d-5p
3385,hsa-miR-1913
216326,hsa-miR-874-3p
2767,hsa-miR-362-5p
24180719,hsa-miR-664a-3p
3385,hsa-miR-210-3p
5283344,hsa-miR-125a-3p
444732,hsa-miR-215-5p
2520,hsa-miR-502-5p
6623,hsa-miR-15b-5p
3385,hsa-miR-195-5p
60780,hsa-miR-519a-3p
14888,hsa-miR-128-3p
5311,hsa-miR-425-5p
135403648,hsa-miR-20a-5p
3385,hsa-miR-410-3p
216239,hsa-miR-126-3p
3385,hsa-miR-4804-5p
31703,hsa-miR-2116-5p
5978,hsa-miR-3149
31703,hsa-miR-508-3p
123631,hsa-miR-30b-5p
2520,hsa-miR-429
2520,hsa-miR-93-5p
2767,hsa-miR-130b-3p
442428,hsa-miR-671-5p
148124,hsa-miR-515-5p
31703,hsa-miR-3679-5p
164676,hsa-miR-328-3p
24180719,hsa-miR-769-5p
5311,hsa-miR-760
445580,hsa-miR-181a-5p
135403648,hsa-miR-107
3385,hsa-miR-424-5p
5394,hsa-mir-125b-2
31703,hsa-miR-181b-5p
60823,hsa-miR-770-5p
14888,hsa-miR-210-3p
36462,hsa-miR-20a-5p
5757,hsa-let-7a-5p
9064,hsa-miR-133a-3p
3385,hsa-miR-3149
444795,hsa-miR-145-5p
36314,hsa-miR-133a-3p
31703,hsa-miR-412-3p
14888,hsa-miR-149-5p
44631912,hsa-miR-326
3385,hsa-miR-1246
31703,hsa-let-7e-5p
3385,hsa-miR-421
442972,hsa-miR-34a-5p
145858,hsa-miR-450a-5p
31703,hsa-miR-491-5p
3902,hsa-let-7f-5p
9444,hsa-miR-19a-3p
60852,hsa-miR-19a-3p
119307,hsa-miR-664a-3p
712,hsa-miR-660-5p
5310940,hsa-miR-122-5p
31703,hsa-miR-23a-3p
36314,hsa-miR-875-3p
969516,hsa-miR-598-5p
5311,hsa-miR-744-3p
3385,hsa-miR-432-5p
712,hsa-let-7b-5p
24180719,hsa-miR-23b-3p
119307,hsa-miR-3648
5997,hsa-miR-205-5p
3385,hsa-miR-3154
712,hsa-miR-450a-5p
2733526,hsa-miR-196a-5p
119307,hsa-miR-1290
444795,hsa-miR-22-3p
451668,hsa-miR-129-5p
442972,hsa-miR-138-5p
3385,hsa-miR-3126-5p
36462,hsa-miR-19a-3p
60750,hsa-miR-365a-3p
5291,hsa-miR-21-5p
31703,hsa-miR-568
2767,hsa-miR-125a-3p
3385,hsa-miR-4428
969516,hsa-miR-217-5p
2733526,hsa-miR-522-3p
5284373,hsa-miR-106b-5p
25244711,hsa-miR-501-5p
3385,hsa-miR-23b-3p
444795,hsa-let-7a-5p
24180719,hsa-miR-335-5p
5329102,hsa-miR-636
25183872,hsa-miR-29b-3p
2733526,hsa-miR-519d-3p
702,hsa-miR-182-5p
387447,hsa-miR-762
2767,hsa-miR-186-5p
5793,hsa-miR-127-5p
3385,hsa-miR-302b-3p
5310940,hsa-miR-1468-5p
91820602,hsa-miR-152-3p
702,hsa-miR-125b-2-3p
2767,hsa-miR-106b-5p
5329102,hsa-miR-204-5p
3385,hsa-miR-4735-3p
97226,hsa-miR-4327
36314,hsa-miR-130a-3p
60750,hsa-miR-99b-5p
60838,hsa-miR-323a-3p
3385,hsa-miR-423-3p
3385,hsa-miR-4286
31703,hsa-miR-621
5291,hsa-miR-29b-3p
2520,hsa-miR-376c-3p
5310940,hsa-miR-324-5p
31703,hsa-miR-130b-3p
5310940,hsa-miR-219a-5p
3763,hsa-miR-21-5p
5994,hsa-miR-30b-5p
2767,hsa-miR-518c-3p
444732,hsa-miR-182-5p
31703,hsa-miR-1234-3p
36314,hsa-miR-1244
60780,hsa-miR-585-3p
36462,hsa-miR-93-5p
5280951,hsa-miR-18a-5p
2520,hsa-miR-373-3p
2520,hsa-miR-767-5p
31703,hsa-miR-122-5p
60750,hsa-miR-30c-2-3p
2767,hsa-miR-492
60750,hsa-miR-155-5p
444732,hsa-miR-651-5p
5394,hsa-miR-219a-1-3p
5746,hsa-miR-30b-5p
2733526,hsa-miR-877-5p
445858,hsa-miR-196b-5p
5310940,hsa-miR-1264
2767,hsa-miR-638
36462,hsa-miR-769-3p
969516,hsa-miR-16-5p
36314,hsa-miR-514a-3p
5291,hsa-miR-15a-5p
2767,hsa-miR-1258
3385,hsa-miR-4475
31703,hsa-miR-1228-3p
60700,hsa-miR-874-3p
60780,hsa-miR-523-3p
60823,hsa-miR-1827
2520,hsa-miR-601
5746,hsa-miR-4258
31703,hsa-miR-3149
439260,hsa-miR-338-3p
60750,hsa-miR-146a-5p
5310940,hsa-miR-155-5p
4624,hsa-miR-425-5p
6253,hsa-miR-10b-5p
969516,hsa-miR-451a
60750,hsa-miR-1825
11226684,hsa-miR-200a-3p
444795,hsa-miR-107
2767,hsa-miR-515-5p
2520,hsa-miR-542-5p
36462,hsa-miR-21-5p
451668,hsa-miR-125b-5p
5329102,hsa-miR-193a-3p
448537,hsa-miR-488-3p
2520,hsa-miR-200c-3p
14888,hsa-miR-122-5p
2907,hsa-miR-200b-3p
2733526,hsa-miR-342-3p
77999,hsa-miR-145-5p
60750,hsa-miR-221-3p
2733526,hsa-miR-23a-3p
241,hsa-miR-423-5p
2767,hsa-miR-149-5p
3385,hsa-miR-4701-5p
451668,hsa-miR-106b-5p
2733526,hsa-miR-18b-5p
4091,hsa-let-7a-5p
3385,hsa-miR-224-5p
5288826,hsa-miR-638
91820602,hsa-miR-99b-5p
702,hsa-miR-183-3p
123631,hsa-miR-7-5p
451668,hsa-miR-30b-5p
2767,hsa-miR-15a-5p
24180719,hsa-miR-128-3p
5790,hsa-miR-454-3p
31703,hsa-miR-22-3p
3385,hsa-miR-26b-5p
122724,hsa-miR-326
5288826,hsa-miR-23b-3p
387447,hsa-miR-146a-5p
60750,hsa-miR-133b
36314,hsa-miR-30a-5p
5994,hsa-miR-32-5p
123631,hsa-miR-181b-3p
2767,hsa-miR-934
14888,hsa-miR-363-3p
135403648,hsa-miR-210-3p
5291,hsa-miR-320a-3p
5329102,hsa-miR-484
5310940,hsa-miR-618
6857599,hsa-miR-27b-3p
3385,hsa-miR-346
445580,hsa-miR-192-5p
31703,hsa-miR-578
31703,hsa-let-7d-5p
5394,hsa-miR-93-5p
2767,hsa-miR-297
2520,hsa-miR-519b-3p
60823,hsa-miR-147a
969516,hsa-miR-106b-3p
969516,hsa-miR-30c-5p
2733526,hsa-miR-200c-3p
36314,hsa-miR-200a-3p
2733526,hsa-miR-203a-3p
3385,hsa-miR-3606-5p
2520,hsa-miR-592
5311,hsa-miR-877-3p
25262965,hsa-miR-9-5p
31703,hsa-miR-30b-5p
5280961,hsa-miR-143-3p
60838,hsa-miR-650
712,hsa-miR-125a-3p
31703,hsa-miR-218-5p
31703,hsa-miR-32-5p
60750,hsa-miR-141-3p
5291,hsa-miR-1228-3p
5329102,hsa-miR-30e-5p
31703,hsa-miR-587
5757,hsa-miR-520d-3p
5394,hsa-miR-181b-2-3p
119307,hsa-miR-106b-5p
2733526,hsa-miR-29b-3p
148124,hsa-miR-328-3p
712,hsa-miR-192-5p
60750,hsa-miR-542-5p
445580,hsa-miR-141-3p
5311,hsa-miR-450a-5p
3385,hsa-miR-3065-5p
448537,hsa-miR-518d-5p
5994,hsa-miR-21-5p
3385,hsa-miR-25-3p
47725,hsa-miR-200a-3p
72301,hsa-miR-200c-3p
9064,hsa-miR-451a
60750,hsa-miR-939-5p
119307,hsa-miR-135a-5p
135403648,hsa-miR-19a-3p
31703,hsa-miR-1233-3p
31703,hsa-miR-339-5p
5310940,hsa-miR-30e-5p
712,hsa-let-7i-5p
36462,hsa-miR-424-5p
14888,hsa-miR-181a-5p
2767,hsa-miR-590-5p
3385,hsa-miR-429
5291,hsa-miR-134-5p
5288826,hsa-miR-423-5p
216239,hsa-miR-629-5p
2767,hsa-miR-615-3p
31703,hsa-miR-150-5p
5310940,hsa-miR-335-5p
2520,hsa-miR-216b-5p
42611257,hsa-miR-145-5p
60750,hsa-miR-4758-5p
387447,hsa-miR-92b-3p
10621,hsa-miR-188-5p
60750,hsa-miR-378c
216239,hsa-miR-194-3p
3385,hsa-miR-3914
712,hsa-miR-582-5p
5310940,hsa-miR-423-3p
123631,hsa-miR-155-5p
97226,hsa-miR-1973
15,hsa-miR-148a-3p
5310940,hsa-miR-424-5p
3385,hsa-miR-206
119307,hsa-miR-181c-5p
2662,hsa-miR-149-3p
135403648,hsa-miR-222-3p
60750,hsa-miR-597-5p
36314,hsa-miR-1973
123631,hsa-miR-181a-5p
3385,hsa-miR-4530
3385,hsa-miR-96-5p
3385,hsa-miR-1908-5p
36462,hsa-miR-196b-5p
5288826,hsa-miR-128-3p
3385,hsa-miR-3186-3p
2520,hsa-miR-181d-5p
2375,hsa-miR-381-3p
5793,hsa-miR-29a-3p
54671203,hsa-miR-34a-5p
2520,hsa-miR-196a-5p
5310940,hsa-miR-182-5p
2767,hsa-miR-491-5p
5755,hsa-miR-141-3p
31703,hsa-miR-935
2767,hsa-miR-302d-3p
5329102,hsa-miR-370-3p
784,hsa-miR-200c-3p
6623,hsa-let-7c-5p
60750,hsa-miR-605-5p
5793,hsa-miR-874-3p
60750,hsa-miR-494-3p
36314,hsa-miR-29a-3p
2733526,hsa-miR-374a-5p
3385,hsa-miR-4463
31703,hsa-miR-106b-5p
31703,hsa-miR-18b-5p
123631,hsa-miR-572
5757,hsa-miR-524-3p
2995,hsa-miR-328-3p
31703,hsa-miR-569
5978,hsa-miR-3141
9064,hsa-miR-296-5p
712,hsa-miR-501-5p
36314,hsa-miR-302d-3p
123631,hsa-miR-181c-5p
54670067,hsa-miR-2117
5978,hsa-miR-186-5p
31703,hsa-miR-4426
38904,hsa-miR-181d-5p
216239,hsa-miR-146b-5p
5790,hsa-miR-323a-3p
122724,hsa-miR-200b-3p
60750,hsa-miR-4800-3p
60750,hsa-miR-3180
107985,hsa-miR-21-5p
2767,hsa-let-7a-5p
60750,hsa-miR-92a-3p
5283344,hsa-miR-378a-3p
30323,hsa-miR-9-5p
2767,hsa-miR-760
5311,hsa-miR-1227-3p
41867,hsa-miR-378a-3p
14888,hsa-miR-199a-3p
460612,hsa-miR-15a-5p
30323,hsa-miR-21-5p
2767,hsa-miR-145-5p
31703,hsa-miR-335-5p
5310940,hsa-miR-877-5p
60953,hsa-miR-126-3p
36314,hsa-miR-3146
5310940,hsa-miR-198
5310940,hsa-miR-513a-5p
60750,hsa-miR-18b-5p
97226,hsa-miR-4257
60750,hsa-miR-378f
5793,hsa-miR-502-3p
5790,hsa-miR-650
3385,hsa-miR-374b-5p
3385,hsa-miR-122-5p
123631,hsa-miR-221-3p
11626560,hsa-miR-150-5p
2767,hsa-miR-423-3p
2375,hsa-miR-106a-5p
148124,hsa-miR-203a-3p
5757,hsa-let-7f-5p
5291,hsa-miR-214-3p
216239,hsa-miR-660-5p
2520,hsa-miR-590-5p
31703,hsa-miR-877-5p
10184653,hsa-miR-630
216239,hsa-miR-483-3p
444732,hsa-miR-500a-5p
43815,hsa-miR-181c-5p
2767,hsa-miR-205-5p
6013,hsa-miR-1181
60852,hsa-miR-133a-3p
9949648,hsa-miR-4758-3p
2520,hsa-miR-605-5p
3385,hsa-miR-4476
36314,hsa-miR-27b-3p
2767,hsa-miR-302b-3p
216239,hsa-miR-193b-3p
9949648,hsa-miR-4732-5p
5288826,hsa-miR-1915-3p
60838,hsa-miR-500a-5p
241,hsa-miR-133a-3p
5310940,hsa-miR-1910-5p
784,hsa-miR-1-3p
448537,hsa-miR-518b
60750,hsa-miR-622
3385,hsa-miR-151a-3p
3385,hsa-miR-3195
123631,hsa-miR-34a-5p
3220,hsa-miR-1268a
5757,hsa-miR-200c-3p
2520,hsa-miR-374a-5p
60780,hsa-miR-515-5p
6623,hsa-miR-29a-3p
60750,hsa-miR-4783-3p
119307,hsa-miR-3651
2767,hsa-miR-877-3p
54671203,hsa-miR-93-5p
60823,hsa-miR-647
442428,hsa-miR-188-5p
54670067,hsa-miR-1246
5310940,hsa-miR-383-5p
5755,hsa-miR-34a-5p
3385,hsa-miR-1234-3p
3220,hsa-miR-135a-5p
13089,hsa-miR-21-5p
2767,hsa-miR-204-5p
5994,hsa-miR-513b-5p
14888,hsa-miR-125a-5p
442972,hsa-miR-18a-5p
3657,hsa-miR-27a-3p
2767,hsa-miR-876-3p
60750,hsa-miR-377-3p
6857599,hsa-miR-107
448537,hsa-miR-22-3p
5310940,hsa-miR-29a-3p
445580,hsa-let-7f-5p
60823,hsa-miR-539-5p
5310940,hsa-miR-658
5310940,hsa-miR-10a-5p
712,hsa-miR-33a-5p
60750,hsa-miR-4646-3p
5291,hsa-let-7i-5p
451668,hsa-miR-24-3p
5793,hsa-miR-449b-5p
5310940,hsa-miR-34a-5p
3220,hsa-let-7a-3p
2733526,hsa-miR-21-5p
135403648,hsa-miR-652-3p
31703,hsa-miR-16-5p
712,hsa-miR-215-5p
442428,hsa-miR-374a-5p
2767,hsa-miR-1973
5997,hsa-miR-145-5p
119307,hsa-miR-221-3p
60750,hsa-miR-4284
444732,hsa-miR-1-3p
21109,hsa-miR-21-5p
3385,hsa-miR-3163
3385,hsa-miR-1304-5p
6857599,hsa-miR-20a-5p
2733526,hsa-miR-107
60823,hsa-miR-323b-5p
3385,hsa-miR-221-3p
2767,hsa-miR-663a
104741,hsa-miR-200b-3p
10621,hsa-miR-1224-5p
108065,hsa-miR-335-3p
3397,hsa-miR-34c-5p
123631,hsa-miR-146a-5p
24180719,hsa-miR-4664-3p
657237,hsa-miR-222-3p
31703,hsa-miR-1224-3p
448537,hsa-miR-642a-5p
2375,hsa-miR-345-5p
5793,hsa-miR-502-5p
5978,hsa-miR-221-3p
5310940,hsa-miR-375-3p
60750,hsa-miR-4745-5p
123631,hsa-miR-655-3p
5310940,hsa-miR-23b-3p
6857599,hsa-miR-10a-5p
31703,hsa-miR-519b-3p
36314,hsa-miR-181a-3p
3385,hsa-miR-365a-3p
3385,hsa-miR-1307-3p
3385,hsa-let-7a-5p
5978,hsa-miR-27b-3p
119307,hsa-miR-424-5p
123631,hsa-miR-133b
5743,hsa-miR-323a-3p
54670067,hsa-miR-345-5p
60750,hsa-miR-378a-3p
5280360,hsa-miR-143-3p
60750,hsa-miR-614
119307,hsa-let-7e-5p
135403648,hsa-miR-324-3p
36314,hsa-miR-20b-5p
2767,hsa-miR-520a-3p
126941,hsa-miR-149-5p
38904,hsa-miR-671-5p
3385,hsa-miR-3679-5p
3385,hsa-miR-219a-5p
148124,hsa-miR-431-5p
3385,hsa-miR-525-3p
712,hsa-miR-20b-5p
10621,hsa-miR-24-1-5p
122634,hsa-miR-146a-5p
3385,hsa-miR-520d-3p
3385,hsa-miR-935
3385,hsa-miR-223-3p
176870,hsa-miR-429
2578,hsa-miR-221-3p
3385,hsa-miR-133a-3p
31703,hsa-miR-590-5p
2767,hsa-miR-455-5p
5757,hsa-miR-1-3p
5310940,hsa-miR-9-5p
31401,hsa-miR-552-3p
451668,hsa-miR-31-5p
3385,hsa-miR-21-5p
5746,hsa-miR-4311
2767,hsa-miR-636
3385,hsa-miR-874-3p
5329102,hsa-miR-20a-5p
60750,hsa-miR-143-3p
31703,hsa-let-7g-5p
60750,hsa-miR-4483
5284616,hsa-miR-29c-3p
31703,hsa-miR-369-3p
2767,hsa-miR-517a-3p
123631,hsa-miR-181a-2-3p
36314,hsa-miR-376b-3p
2336,hsa-miR-16-5p
229455,hsa-let-7c-5p
2520,hsa-miR-299-3p
3385,hsa-miR-4729
60750,hsa-miR-4723-5p
3385,hsa-miR-494-3p
36462,hsa-miR-24-3p
36462,hsa-miR-23b-3p
10621,hsa-miR-133b
36314,hsa-miR-206
444732,hsa-miR-559
790,hsa-miR-155-5p
60750,hsa-miR-1-3p
2662,hsa-miR-98-5p
36314,hsa-miR-885-5p
60750,hsa-miR-513a-5p
216239,hsa-miR-34a-5p
45266826,hsa-miR-200c-3p
451668,hsa-miR-302c-3p
2767,hsa-miR-202-3p
4212,hsa-miR-519c-3p
3229,hsa-let-7b-5p
36314,hsa-miR-93-5p
445580,hsa-miR-658
135403648,hsa-miR-148b-3p
229455,hsa-miR-200c-3p
5793,hsa-miR-135a-5p
2767,hsa-miR-23a-3p
3385,hsa-miR-4765
2520,hsa-miR-151a-3p
2767,hsa-miR-181a-2-3p
5283344,hsa-miR-575
14888,hsa-miR-24-3p
31703,hsa-miR-29b-2-5p
3385,hsa-miR-497-5p
444732,hsa-miR-24-3p
31703,hsa-miR-1908-5p
451668,hsa-miR-193b-3p
31703,hsa-miR-660-5p
2767,hsa-miR-10a-5p
123865,hsa-miR-518c-3p
2767,hsa-miR-378c
60700,hsa-miR-18a-5p
387447,hsa-mir-92a-1
31703,hsa-miR-499a-5p
3385,hsa-miR-3134
123596,hsa-miR-320a-3p
5394,hsa-miR-181b-3p
6857599,hsa-miR-324-3p
43815,hsa-miR-425-5p
1832,hsa-miR-18a-5p
3385,hsa-miR-1910-5p
31703,hsa-miR-526a-5p
60750,hsa-miR-3193
60750,hsa-miR-372-3p
10836,hsa-miR-28-5p
31703,hsa-miR-1255a
2767,hsa-miR-1290
5284616,hsa-miR-17-5p
455658,hsa-miR-217-5p
969516,hsa-miR-34c-5p
2733526,hsa-miR-519c-3p
5310940,hsa-miR-106a-5p
148124,hsa-miR-532-5p
969516,hsa-miR-27a-3p
445154,hsa-miR-141-3p
31703,hsa-miR-876-3p
446220,hsa-let-7d-5p
5793,hsa-miR-512-3p
36462,hsa-miR-200b-3p
60750,hsa-miR-96-5p
123631,hsa-miR-27b-3p
3385,hsa-miR-4711-3p
216239,hsa-miR-135a-5p
36314,hsa-miR-331-3p
3385,hsa-miR-4739
2767,hsa-miR-744-5p
6057,hsa-miR-30b-5p
2767,hsa-miR-26b-5p
10635,hsa-miR-29b-3p
31703,hsa-miR-628-3p
36314,hsa-miR-34c-5p
31703,hsa-miR-1238-3p
969516,hsa-miR-23a-3p
5793,hsa-miR-520b-3p
5310940,hsa-miR-572
148124,hsa-miR-301a-3p
31703,hsa-miR-563
60750,hsa-miR-4465
3028194,hsa-miR-155-5p
13089,hsa-miR-638
9826528,hsa-miR-429
119307,hsa-miR-4270
5280453,hsa-miR-32-5p
448537,hsa-miR-195-5p
36314,hsa-miR-365a-3p
60700,hsa-miR-500a-5p
2520,hsa-miR-425-5p
10621,hsa-miR-135a-3p
3763,hsa-miR-214-3p
5310940,hsa-miR-20b-5p
2767,hsa-miR-519a-3p
969516,hsa-miR-15a-5p
119307,hsa-miR-98-5p
2767,hsa-miR-1275
2375,hsa-miR-200b-3p
36462,hsa-miR-146a-5p
2375,hsa-miR-363-3p
5978,hsa-miR-32-5p
444732,hsa-miR-103a-3p
2767,hsa-miR-200c-3p
2520,hsa-miR-662
3385,hsa-miR-4722-5p
445580,hsa-miR-1-3p
31703,hsa-miR-10a-5p
126941,hsa-miR-215-5p
54670067,hsa-miR-887-5p
60852,hsa-miR-141-3p
5793,hsa-miR-505-3p
38904,hsa-miR-22-3p
2733526,hsa-miR-103a-3p
5329102,hsa-miR-196b-5p
9444,hsa-miR-18a-5p
5394,hsa-miR-181d-3p
60700,hsa-miR-24-3p
60780,hsa-miR-199b-5p
5978,hsa-miR-15b-5p
31703,hsa-miR-146a-5p
6623,hsa-miR-106a-5p
2767,hsa-miR-584-5p
60780,hsa-miR-522-3p
2733526,hsa-miR-365a-3p
47725,hsa-miR-887-5p
5222465,hsa-miR-101-3p
5288826,hsa-miR-320c
31703,hsa-miR-514a-3p
36314,hsa-miR-7-5p
6013,hsa-miR-1915-3p
123631,hsa-miR-181d-3p
2767,hsa-miR-196a-1-3p
5310940,hsa-miR-433-3p
60750,hsa-miR-1301-3p
31703,hsa-miR-485-3p
2520,hsa-miR-146b-5p
3385,hsa-let-7e-5p
2767,hsa-let-7f-1
3385,hsa-miR-1288-3p
5311,hsa-miR-126-3p
135403648,hsa-miR-15a-5p
148124,hsa-miR-95-3p
444732,hsa-miR-21-5p
60750,hsa-miR-1469
38904,hsa-miR-146a-5p
5310940,hsa-mir-548a-2
145858,hsa-miR-190a-5p
5291,hsa-miR-664a-3p
448537,hsa-miR-181a-3p
60750,hsa-miR-3200-3p
5310940,hsa-miR-373-3p
3385,hsa-miR-409-3p
31703,hsa-miR-107
2520,hsa-miR-591
36314,hsa-miR-129-5p
148124,hsa-miR-29c-3p
2767,hsa-miR-576-5p
3385,hsa-miR-448
60750,hsa-let-7a-5p
3385,hsa-miR-372-3p
2520,hsa-miR-145-5p
5310940,hsa-miR-1301-3p
2767,hsa-miR-92a-1-5p
148124,hsa-miR-27b-3p
657237,hsa-miR-221-3p
36314,hsa-miR-1246
36462,hsa-miR-107
24180719,hsa-miR-27b-3p
5790,hsa-miR-1226-5p
6623,hsa-miR-27b-3p
5394,hsa-miR-136-5p
5280453,hsa-miR-1915-3p
2520,hsa-miR-141-3p
36314,hsa-miR-4788
36314,hsa-miR-663a
46843772,hsa-miR-144-3p
54670067,hsa-miR-99b-5p
216239,hsa-miR-345-5p
36314,hsa-miR-29b-3p
5310940,hsa-miR-143-3p
43815,hsa-miR-485-5p
448537,hsa-miR-337-3p
5284373,hsa-miR-144-3p
3385,hsa-miR-4261
5793,hsa-miR-596
60750,hsa-miR-193b-3p
60750,hsa-miR-921
6253,hsa-miR-107
31703,hsa-miR-645
31703,hsa-miR-212-3p
3385,hsa-miR-590-5p
31703,hsa-miR-15a-5p
2767,hsa-miR-7-5p
3385,hsa-miR-1260a
5865,hsa-miR-129-5p
3385,hsa-miR-3620-3p
31703,hsa-mir-16-2
5793,hsa-miR-889-5p
2520,hsa-miR-520a-3p
5538,hsa-miR-200a-3p
60750,hsa-miR-3620-3p
3385,hsa-miR-1285-3p
5310940,hsa-miR-760
148124,hsa-miR-181a-5p
5310940,hsa-miR-7-5p
36314,hsa-miR-625-5p
2767,hsa-miR-1268a
60953,hsa-miR-125b-5p
969516,hsa-miR-200b-3p
119307,hsa-miR-224-5p
5793,hsa-miR-891a-5p
216239,hsa-miR-664a-3p
36314,hsa-miR-197-3p
5291,hsa-miR-150-5p
2767,hsa-miR-1915-3p
712,hsa-let-7c-5p
31703,hsa-miR-1229-3p
119307,hsa-miR-18a-5p
5746,hsa-miR-99b-5p
3385,hsa-miR-2355-3p
2375,hsa-miR-377-3p
43815,hsa-miR-151a-3p
5310940,hsa-miR-196a-5p
448537,hsa-miR-335-5p
60780,hsa-miR-199a-5p
2767,hsa-miR-3125
60750,hsa-miR-487b-3p
969516,hsa-miR-181b-5p
176870,hsa-miR-518f-3p
47725,hsa-miR-203a-3p
97226,hsa-miR-27a-3p
2767,hsa-miR-203a-3p
5310940,hsa-miR-1304-5p
2520,hsa-miR-765
2733526,hsa-miR-193b-3p
3220,hsa-miR-302d-3p
445858,hsa-miR-574-3p
2767,hsa-miR-515-3p
2733526,hsa-miR-642a-5p
969516,hsa-miR-140-5p
444732,hsa-miR-622
60750,hsa-miR-214-3p
216239,hsa-miR-136-5p
176870,hsa-miR-200b-3p
5329102,hsa-miR-296-5p
36314,hsa-miR-342-3p
5394,hsa-miR-145-5p
60750,bdo-let-7
6623,hsa-miR-1915-3p
5310940,hsa-miR-130a-5p
5978,hsa-miR-3131
2767,hsa-miR-509-3p
3385,hsa-miR-3167
47725,hsa-miR-601
5865,hsa-miR-625-5p
3385,hsa-miR-638
5310940,hsa-miR-184
445580,hsa-miR-30a-5p
30323,hsa-miR-454-3p
36462,hsa-miR-542-3p
31703,hsa-miR-3183
2336,hsa-miR-141-3p
2767,hsa-miR-1246
14888,hsa-miR-143-3p
5793,hsa-miR-545-3p
6857599,hsa-miR-30a-5p
5538,hsa-miR-21-5p
5280795,hsa-miR-99b-5p
126941,hsa-miR-24-3p
10621,hsa-miR-298
36314,hsa-miR-181c-5p
97226,hsa-miR-299-3p
89594,hsa-miR-146a-5p
2767,hsa-miR-634
36314,hsa-miR-18a-5p
5978,hsa-miR-27a-3p
3385,hsa-miR-92b-3p
36314,hsa-miR-186-5p
60750,hsa-miR-455-5p
14888,hsa-miR-184
5746,hsa-miR-16-5p
60838,hsa-miR-451a
3385,hsa-miR-1252-5p
5310940,hsa-miR-191-5p
2767,hsa-miR-199b-5p
5793,hsa-miR-195-5p
445858,hsa-miR-323a-5p
712,hsa-miR-15b-5p
5291,hsa-miR-181d-5p
5291,hsa-miR-196a-5p
60750,hsa-miR-4675
444732,hsa-miR-888-5p
72304,hsa-miR-1256
3385,hsa-miR-29a-3p
36314,hsa-miR-1-3p
5746,hsa-miR-4285
6057,hsa-miR-205-5p
5280961,hsa-miR-16-5p
5310940,hsa-miR-200b-3p
5743,hsa-miR-181a-5p
148124,hsa-miR-429
91820602,hsa-miR-769-5p
24180719,hsa-miR-23a-3p
91820602,hsa-miR-221-3p
216239,hsa-miR-668-3p
36314,hsa-miR-3153
2767,hsa-miR-451a
5310940,hsa-miR-34b-3p
31703,hsa-miR-429
2767,hsa-miR-32-5p
108065,hsa-miR-7-5p
31703,hsa-miR-589-5p
135403648,hsa-miR-101-3p
4091,hsa-miR-221-3p
31703,hsa-miR-523-3p
5793,hsa-miR-372-3p
148124,hsa-miR-1267
31703,hsa-miR-30c-5p
4212,hsa-miR-302c-3p
31703,hsa-miR-3910
5311,hsa-miR-548c-3p
3385,hsa-miR-378c
445858,hsa-miR-374a-5p
36314,hsa-let-7d-5p
3385,hsa-miR-371a-5p
36314,hsa-miR-491-5p
2767,hsa-miR-625-5p
712,hsa-miR-330-3p
5310940,hsa-let-7e-5p
444732,hsa-miR-214-3p
5394,hsa-miR-181b-5p
60750,hsa-miR-920
712,hsa-let-7f-5p
135403648,hsa-let-7g-5p
4212,hsa-miR-1291
31703,hsa-miR-758-3p
2578,hsa-miR-200c-3p
969516,hsa-miR-335-5p
444795,hsa-miR-21-5p
2767,hsa-miR-370-3p
97226,hsa-miR-138-2-3p
387447,hsa-miR-1290
448537,hsa-miR-623
24978538,hsa-miR-29b-3p
5997,hsa-miR-206
9444,hsa-miR-20a-5p
3229,hsa-let-7a-5p
60953,hsa-miR-137-3p
3385,hsa-miR-1228-3p
2767,hsa-miR-940
3385,hsa-miR-4467
2767,hsa-miR-608
712,hsa-miR-15a-5p
5310940,hsa-miR-34c-5p
97226,hsa-miR-1246
3385,hsa-miR-106b-5p
36462,hsa-miR-103a-3p
636397,hsa-miR-193a-3p
5310940,hsa-miR-1182
60823,hsa-miR-409-5p
5283344,hsa-miR-181a-3p
2767,hsa-miR-23b-3p
3385,hsa-miR-936
13342,hsa-miR-16-5p
5310940,hsa-miR-202-3p
5311,hsa-miR-654-3p
448537,hsa-miR-23a-3p
36314,hsa-miR-1265
444795,hsa-miR-375-3p
5978,hsa-miR-1908-5p
31703,hsa-miR-34c-5p
5310940,hsa-miR-499a-5p
10635,hsa-miR-29a-3p
60953,hsa-miR-146a-5p
9804992,hsa-miR-19a-3p
97226,hsa-miR-19b-3p
5291,hsa-miR-30e-5p
6253,hsa-miR-181b-5p
3385,hsa-miR-3177-3p
5310940,hsa-mir-153-2
36314,hsa-miR-106b-5p
2520,hsa-miR-578
6106,hsa-miR-106b-5p
712,hsa-miR-181b-5p
60750,hsa-miR-181b-5p
3385,hsa-miR-197-3p
2733526,hsa-miR-10b-5p
3385,hsa-miR-132-3p
38904,hsa-miR-744-5p
31703,hsa-miR-1236-3p
5310940,hsa-miR-138-1-3p
216239,hsa-miR-1260a
5310940,hsa-miR-630
2767,hsa-miR-21-5p
60750,hsa-miR-1226-3p
3385,hsa-miR-3917
60780,hsa-miR-432-5p
3385,hsa-miR-3141
54670067,hsa-miR-617
31703,hsa-miR-493-3p
2733526,hsa-miR-518f-3p
36462,hsa-miR-29b-3p
2733526,hsa-miR-193a-3p
31703,hsa-miR-183-5p
10621,hsa-miR-486-5p
60750,hsa-miR-100-5p
36314,hsa-miR-200c-3p
3385,hsa-miR-3184-5p
3385,hsa-miR-615-3p
5310940,hsa-miR-598-3p
38904,hsa-miR-634
2733526,hsa-miR-146a-5p
2767,hsa-miR-29b-3p
6857599,hsa-miR-204-5p
5283344,hsa-miR-660-5p
5329102,hsa-miR-933
5329102,hsa-miR-1250-5p
6167,hsa-miR-93-5p
54454,hsa-miR-221-3p
97226,hsa-miR-1972
2336,hsa-miR-92a-3p
104741,hsa-miR-155-5p
3385,hsa-miR-4258
2767,hsa-miR-518e-3p
5284616,hsa-let-7c-5p
14888,hsa-miR-491-5p
5793,hsa-miR-122-5p
5310940,hsa-miR-215-5p
3385,hsa-let-7g-5p
36314,hsa-miR-144-3p
3385,hsa-let-7i-5p
60750,hsa-miR-4665-3p
14888,hsa-miR-144-3p
261004,hsa-miR-153-3p
5310940,hsa-mir-365a
3385,hsa-miR-9-3p
5997,hsa-miR-10b-5p
54670067,hsa-miR-422a
14888,hsa-miR-19a-3p
60750,hsa-miR-330-3p
36314,hsa-miR-323a-3p
5310940,hsa-miR-29b-3p
36462,hsa-miR-17-5p
5280795,hsa-miR-19a-3p
31703,hsa-miR-301a-3p
5310940,hsa-miR-15a-5p
2733526,hsa-miR-217-5p
41867,hsa-miR-19a-3p
135403648,hsa-miR-199a-5p
2767,hsa-miR-523-3p
3385,hsa-miR-1268a
36314,hsa-miR-188-5p
97226,hsa-miR-132-3p
2733526,hsa-miR-518c-3p
126941,hsa-miR-140-5p
31703,hsa-miR-639
31703,hsa-miR-345-5p
2733526,hsa-miR-519e-3p
2767,hsa-miR-935
5978,hsa-miR-181b-5p
47318,hsa-miR-20b-5p
97226,hsa-miR-224-3p
5310940,hsa-miR-185-5p
43815,hsa-miR-148a-3p
2375,hsa-miR-631
6106,hsa-miR-130b-3p
2767,hsa-miR-582-5p
107985,hsa-miR-153-3p
37542,hsa-miR-378a-3p
31703,hsa-miR-132-3p
2733526,hsa-miR-106a-5p
5978,hsa-miR-125b-1-3p
5978,hsa-miR-7-5p
38904,hsa-miR-302d-3p
60780,hsa-miR-513b-5p
5073,hsa-miR-365a-3p
969516,hsa-miR-23b-3p
3385,hsa-miR-130b-3p
4212,hsa-miR-328-3p
2767,hsa-miR-373-3p
3385,hsa-miR-143-3p
14888,hsa-miR-34a-5p
2767,hsa-miR-3183
2520,hsa-miR-370-3p
31101,hsa-miR-206
5746,hsa-miR-145-5p
36314,hsa-miR-1277-3p
3690,hsa-miR-132-3p
60750,hsa-miR-412-3p
60823,hsa-miR-760
91820602,hsa-miR-200c-3p
3385,hsa-miR-3131
5291,hsa-miR-107
4095,hsa-miR-18a-5p
148124,hsa-miR-100-5p
3385,hsa-miR-627-5p
36314,hsa-miR-517a-3p
451668,hsa-miR-181a-5p
3229,hsa-miR-18a-3p
60750,hsa-miR-208a-3p
216239,hsa-miR-548c-5p
31703,hsa-miR-767-5p
2767,hsa-miR-34a-5p
145858,hsa-miR-7-5p
5793,hsa-miR-362-3p
60780,hsa-miR-519c-3p
2767,hsa-miR-885-3p
60750,hsa-miR-181a-2-3p
31703,hsa-miR-411-5p
31703,hsa-miR-181a-5p
5994,hsa-miR-193b-3p
2520,hsa-miR-539-5p
43815,hsa-miR-502-5p
2767,hsa-miR-519e-3p
108065,hsa-miR-196b-5p
387447,hsa-miR-3185
3385,hsa-miR-593-3p
448537,hsa-miR-595
6623,hsa-miR-335-5p
5978,hsa-miR-193b-3p
36462,hsa-miR-29a-3p
445858,hsa-let-7b-3p
387447,hsa-miR-1202
36314,hsa-miR-219b-3p
36462,hsa-miR-202-3p
36314,hsa-miR-2114-5p
119307,hsa-let-7i-5p
5311,hsa-miR-17-3p
9547215,hsa-miR-497-5p
60750,hsa-miR-658
30323,hsa-miR-203a-3p
3385,hsa-miR-4763-3p
5793,hsa-miR-150-5p
2520,hsa-miR-450a-5p
65110,hsa-miR-134-5p
5280453,hsa-miR-135a-3p
60750,hsa-miR-301a-3p
9826528,hsa-miR-200b-3p
2733526,hsa-miR-26a-5p
148124,hsa-miR-151a-3p
36314,hsa-miR-620
10635,hsa-miR-638
387447,hsa-miR-27a-3p
43815,hsa-miR-671-5p
5310940,hsa-miR-126-3p
3229,hsa-miR-143-3p
36314,hsa-miR-2277-3p
5310940,hsa-miR-1246
60953,hsa-miR-296-5p
5978,hsa-miR-214-3p
5280795,hsa-miR-374b-5p
23725625,hsa-miR-103a-3p
123631,hsa-miR-487b-3p
2733526,hsa-miR-345-5p
60750,hsa-miR-3147
5291,hsa-miR-199b-5p
448537,hsa-miR-644a
3385,hsa-miR-181d-5p
60823,hsa-miR-224-5p
2767,hsa-miR-197-3p
31703,hsa-mir-128-2
60750,hsa-miR-935
5793,hsa-miR-29c-3p
5538,hsa-miR-200c-3p
60750,hsa-miR-15a-5p
36314,hsa-miR-1200
60750,hsa-miR-378g
30323,hsa-miR-200c-3p
148124,hsa-miR-363-3p
2767,hsa-miR-320d
3385,hsa-miR-370-3p
60750,hsa-miR-323b-5p
216239,hsa-miR-224-5p
31703,hsa-miR-331-3p
712,hsa-miR-151a-3p
5746,hsa-miR-194-5p
60750,hsa-miR-449b-5p
5755,hsa-miR-383-5p
5329102,hsa-miR-659-3p
2767,hsa-miR-631
124886,hsa-miR-326
10635,hsa-miR-193a-3p
6857599,hsa-miR-409-3p
5757,hsa-miR-17-5p
448537,hsa-miR-181d-5p
712,hsa-miR-28-5p
30323,hsa-miR-126-3p
36314,hsa-miR-17-5p
60953,hsa-miR-210-3p
31703,hsa-miR-155-5p
148124,hsa-miR-146b-5p
712,hsa-miR-454-3p
9700,hsa-miR-196b-5p
14888,hsa-miR-193a-5p
2767,hsa-miR-325
41867,hsa-miR-205-5p
36314,hsa-miR-497-5p
31703,hsa-miR-3131
2375,hsa-miR-629-3p
5310940,hsa-miR-15b-5p
5329102,hsa-miR-150-5p
31703,hsa-miR-885-3p
216239,hsa-miR-585-3p
2767,hsa-miR-99a-5p
162282,hsa-miR-196a-5p
31703,hsa-miR-1277-3p
5793,hsa-miR-298
31703,hsa-miR-517b-3p
5793,hsa-miR-489-5p
5978,hsa-miR-210-3p
5360373,hsa-miR-146a-5p
5746,hsa-miR-181a-5p
97226,hsa-miR-371a-3p
216345,hsa-miR-16-5p
5743,hsa-miR-210-3p
445154,hsa-miR-21-5p
5997,hsa-miR-106b-5p
3385,hsa-miR-4758-5p
31703,hsa-miR-125b-1-3p
5329102,hsa-miR-10a-5p
9064,hsa-miR-302a-3p
91820602,hsa-let-7f-1-3p
3385,hsa-miR-4492
2767,hsa-miR-506-3p
448537,hsa-miR-758-3p
3385,hsa-miR-4706
119307,hsa-miR-939-5p
2662,hsa-miR-29c-3p
2520,hsa-miR-1-3p
439530,hsa-miR-196b-5p
5311,hsa-miR-106a-5p
31703,hsa-miR-501-5p
31703,hsa-miR-323a-3p
60750,hsa-miR-718
5311,hsa-miR-409-3p
3385,hsa-miR-1202
444795,hsa-miR-223-3p
387447,hsa-miR-1908-5p
2907,hsa-miR-200a-3p
60750,hsa-miR-197-3p
3220,hsa-miR-504-5p
229455,hsa-miR-217-5p
969516,hsa-miR-103a-3p
36314,hsa-miR-490-3p
5394,hsa-miR-181c-5p
2520,hsa-miR-649
60750,hsa-miR-106a-5p
5757,hsa-miR-15b-5p
702,hsa-miR-27a-5p
3385,hsa-miR-4485-3p
2767,hsa-miR-193a-3p
24360,hsa-miR-34a-5p
2767,hsa-miR-1297
123631,hsa-miR-145-5p
91820602,hsa-miR-595
2520,hsa-miR-186-5p
148124,hsa-miR-590-5p
3385,hsa-miR-3187-3p
54670067,hsa-miR-663a
36462,hsa-miR-487b-3p
60750,hsa-miR-4638-5p
60823,hsa-miR-448
5311,hsa-miR-9-3p
36314,hsa-miR-3167
2767,hsa-miR-524-3p
5757,hsa-miR-518e-3p
387447,hsa-miR-101-3p
31101,hsa-miR-671-5p
162282,hsa-let-7a-5p
60750,hsa-miR-26a-1-3p
36462,hsa-miR-106a-5p
60750,hsa-miR-4455
36314,hsa-miR-107
3385,hsa-miR-3614-3p
3385,hsa-miR-4450
5288209,hsa-miR-93-5p
31703,hsa-let-7i-5p
657237,hsa-miR-21-5p
13342,hsa-miR-323a-3p
702,hsa-miR-125b-1-3p
2520,hsa-miR-509-3p
123631,hsa-miR-205-5p
36462,hsa-mir-125b-1
3385,hsa-miR-1262
2767,hsa-miR-432-5p
60780,hsa-miR-363-3p
712,hsa-miR-126-3p
2520,hsa-miR-588
135403648,hsa-miR-106a-5p
5311,hsa-miR-182-5p
5288826,hsa-miR-146a-5p
5310940,hsa-miR-362-5p
3385,hsa-miR-4723-5p
97226,hsa-miR-3907
2767,hsa-miR-1228-3p
60838,hsa-miR-1226-5p
448537,hsa-miR-625-5p
5978,hsa-miR-141-3p
2767,hsa-miR-526b-5p
5978,hsa-miR-197-3p
14888,hsa-miR-29a-3p
446220,hsa-miR-27b-3p
5793,hsa-miR-141-3p
3121,hsa-miR-125a-3p
2767,hsa-miR-4258
60750,hsa-miR-627-5p
5978,hsa-miR-876-3p
97226,hsa-miR-196a-5p
10635,hsa-miR-1225-5p
31703,hsa-mir-409
43815,hsa-let-7b-5p
5310940,hsa-miR-1293
60750,hsa-miR-1247-5p
54670067,hsa-miR-1181
31401,hsa-miR-143-3p
60750,hsa-miR-4463
5310940,hsa-miR-1233-3p
3385,hsa-miR-873-5p
60750,hsa-miR-29b-3p
119307,hsa-miR-181a-5p
5978,hsa-miR-200a-3p
24978538,hsa-miR-744-5p
3385,hsa-miR-4728-3p
148124,hsa-miR-455-5p
60750,hsa-miR-765
5310940,hsa-miR-33b-5p
2767,hsa-let-7i-5p
2733526,hsa-miR-550a-5p
91820602,hsa-miR-516b-5p
5310940,hsa-miR-103a-3p
5329102,hsa-miR-29a-3p
448537,hsa-miR-454-3p
38904,hsa-miR-4258
3385,hsa-miR-4497
5310940,hsa-miR-664a-3p
60750,hsa-miR-369-3p
5394,hsa-miR-502-5p
31703,hsa-miR-18a-5p
5978,hsa-miR-383-5p
5997,hsa-miR-148a-3p
126941,hsa-miR-27a-3p
31703,hsa-miR-224-5p
3220,hsa-miR-29a-5p
5816,hsa-miR-34b-3p
3385,hsa-miR-218-5p
60750,hsa-miR-1287-5p
2733526,hsa-miR-197-3p
6857599,hsa-miR-10b-5p
3385,hsa-miR-4678
91820602,hsa-miR-203a-3p
261004,hsa-miR-21-5p
3220,hsa-miR-10b-3p
9700,hsa-miR-433-3p
3062316,hsa-miR-3127-5p
442428,hsa-miR-30c-1-3p
2520,hsa-let-7f-5p
5793,hsa-miR-29b-3p
2767,hsa-miR-365a-3p
60780,hsa-miR-486-5p
24180719,hsa-miR-3187-3p
5978,hsa-miR-10b-5p
5281708,hsa-miR-148a-3p
97226,hsa-miR-506-3p
36314,hsa-miR-328-3p
73581,hsa-miR-328-3p
31703,hsa-miR-500b-5p
38904,hsa-miR-30b-5p
444732,hsa-miR-191-3p
38904,hsa-miR-30c-5p
5310940,hsa-mir-548h-2
2375,hsa-miR-557
3385,hsa-miR-138-5p
5280453,hsa-miR-520c-3p
148124,hsa-miR-16-5p
9826528,hsa-miR-135b-5p
5280453,hsa-miR-27b-3p
5997,hsa-miR-197-3p
712,hsa-miR-182-5p
5291,hsa-miR-16-5p
97226,hsa-miR-10a-5p
60750,hsa-miR-328-3p
5280453,hsa-miR-15a-5p
3385,hsa-miR-19b-1-5p
3385,hsa-miR-454-5p
5291,hsa-miR-103a-3p
2767,hsa-miR-374a-5p
65015,hsa-miR-146a-5p
47725,hsa-miR-9-5p
47725,hsa-miR-130b-3p
36314,hsa-miR-452-5p
6013,hsa-miR-663a
5865,hsa-miR-29b-2-5p
31703,hsa-miR-4763-3p
108065,hsa-miR-302d-3p
5310940,hsa-miR-27b-3p
25244711,hsa-miR-23a-5p
2520,hsa-miR-19b-1-5p
5310940,hsa-miR-1292-5p
38904,hsa-miR-146b-5p
60750,hsa-miR-421
5310940,hsa-miR-616-3p
31703,hsa-miR-197-3p
6115,hsa-miR-15b-5p
3385,hsa-miR-1273c
5978,hsa-miR-612
5329102,hsa-miR-582-5p
3385,hsa-miR-29b-1-5p
148124,hsa-miR-155-5p
5757,hsa-miR-337-3p
176870,hsa-miR-155-5p
2733526,hsa-miR-518e-3p
3229,hsa-miR-122-5p
31703,hsa-miR-377-3p
3385,hsa-miR-633
14888,hsa-miR-146b-5p
712,hsa-miR-323a-5p
6857599,hsa-miR-34a-5p
3385,hsa-miR-3193
91820602,hsa-miR-337-3p
119307,hsa-miR-3127-5p
5352624,hsa-miR-17-5p
60750,hsa-miR-10b-5p
119307,hsa-miR-191-3p
5329102,hsa-miR-141-3p
2520,hsa-miR-100-5p
6623,hsa-miR-19b-3p
3220,hsa-miR-590-3p
5311,hsa-miR-155-5p
5757,hsa-miR-124-3p
3385,hsa-miR-2052
126941,hsa-miR-34c-5p
448537,hsa-miR-651-5p
5865,hsa-miR-33a-5p
5743,hsa-miR-148a-3p
5978,hsa-miR-100-5p
5291,hsa-let-7e-5p
451668,hsa-miR-29b-3p
60750,hsa-miR-3665
31703,hsa-miR-28-5p
3385,hsa-miR-27b-5p
5394,hsa-miR-181c-3p
123596,hsa-miR-199b-5p
3385,hsa-miR-125a-5p
60750,hsa-let-7a-3p
969516,hsa-miR-195-5p
3385,hsa-miR-675-5p
216239,hsa-miR-181b-5p
31703,hsa-miR-141-3p
5394,hsa-miR-181a-5p
60750,hsa-miR-34a-5p
5310940,hsa-miR-1287-5p
241,hsa-miR-185-5p
5311,hsa-let-7b-3p
10635,hsa-miR-494-3p
31703,hsa-miR-130a-3p
544,hsa-miR-21-5p
5291,hsa-miR-1249-3p
2733526,hsa-miR-339-5p
2520,hsa-miR-586
3385,hsa-miR-4487
712,hsa-miR-363-3p
9949648,hsa-miR-422a
38904,hsa-miR-612
4624,hsa-miR-665
462382,hsa-miR-122-5p
14888,hsa-miR-181b-5p
5311,hsa-miR-129-2-3p
3385,hsa-miR-423-5p
5310940,hsa-miR-940
5793,hsa-miR-487b-3p
2375,hsa-miR-99a-5p
3385,hsa-miR-500a-5p
444795,hsa-miR-363-5p
2733526,hsa-miR-96-5p
9826528,hsa-miR-200c-3p
2767,hsa-miR-215-5p
54670067,hsa-miR-375-3p
9064,hsa-miR-212-3p
5291,hsa-miR-1915-3p
31703,hsa-miR-488-3p
3385,hsa-miR-4745-5p
5757,hsa-miR-409-5p
123631,hsa-miR-483-3p
31703,hsa-miR-449b-5p
60780,hsa-miR-517a-3p
14888,hsa-miR-150-5p
3385,hsa-miR-339-5p
5329102,hsa-miR-30a-5p
60750,hsa-miR-495-3p
3385,hsa-miR-128-3p
2767,hsa-miR-4701-5p
5757,hsa-miR-663a
5310940,hsa-miR-195-5p
3657,hsa-miR-451a
126941,hsa-miR-210-3p
712,hsa-miR-652-3p
5994,hsa-miR-412-3p
3385,hsa-miR-203a-3p
60750,hsa-miR-329-3p
3229,hsa-miR-21-5p
36314,hsa-miR-23b-3p
36314,hsa-miR-138-5p
5394,hsa-miR-181a-2-3p
5310940,hsa-miR-17-5p
5757,hsa-miR-524-5p
5310940,hsa-mir-7-3
60750,hsa-miR-579-3p
6857599,hsa-miR-502-5p
31703,hsa-miR-125b-5p
5757,hsa-miR-34b-3p
2520,hsa-miR-652-3p
5310940,hsa-miR-1179
3229,hsa-let-7i-5p
5310940,hsa-miR-1321
31703,hsa-miR-196b-5p
36314,hsa-miR-101-3p
448537,hsa-miR-15a-5p
31703,hsa-miR-548a-3p
135403648,hsa-miR-34a-5p
3229,hsa-miR-146a-5p
60780,hsa-miR-586
60750,hsa-miR-374b-5p
60750,hsa-miR-3611
31703,hsa-miR-126-3p
5978,hsa-miR-93-5p
24180719,hsa-miR-425-5p
448013,hsa-miR-200c-3p
5757,hsa-miR-107
135403648,hsa-miR-22-3p
712,hsa-miR-103a-3p
2733526,hsa-miR-20a-5p
31703,hsa-miR-483-3p
5994,hsa-miR-921
444732,hsa-miR-25-3p
3385,hsa-miR-587
2767,hsa-miR-1299
36462,hsa-miR-27b-3p
91820602,hsa-miR-7-5p
702,hsa-miR-503-5p
24978538,hsa-miR-892b
969516,hsa-miR-25-5p
2520,hsa-miR-34b-3p
460612,hsa-miR-222-3p
5865,hsa-miR-21-5p
5291,hsa-miR-451a
54670067,hsa-miR-708-5p
2520,hsa-miR-485-5p
119307,hsa-miR-483-3p
31703,hsa-miR-433-3p
442428,hsa-miR-7-5p
712,hsa-miR-20a-5p
10635,hsa-miR-141-3p
2767,hsa-miR-130a-3p
15939,hsa-miR-153-3p
448537,hsa-miR-526a-5p
5311,hsa-miR-134-5p
119104,hsa-miR-23a-3p
5994,hsa-miR-29c-5p
60823,hsa-miR-1267
3385,hsa-miR-200b-3p
36314,hsa-miR-26a-5p
5291,hsa-miR-663a
108065,hsa-miR-133b
47725,hsa-miR-100-5p
216239,hsa-miR-548c-3p
5280795,hsa-miR-191-5p
5865,hsa-miR-520d-3p
444795,hsa-miR-494-3p
2767,hsa-miR-4728-3p
4158,hsa-miR-18a-5p
4763,hsa-miR-205-5p
2767,hsa-miR-181c-5p
5310940,hsa-miR-197-3p
2520,hsa-miR-221-3p
25244711,hsa-miR-224-5p
31703,hsa-miR-27a-3p
712,hsa-miR-194-5p
261004,hsa-miR-29a-3p
4212,hsa-miR-323a-3p
5280795,hsa-miR-151a-5p
5310940,hsa-miR-1178-3p
91820602,hsa-miR-18a-5p
36462,hsa-miR-663a
43815,hsa-miR-132-3p
985,hsa-miR-1-3p
5994,hsa-miR-101-3p
43815,hsa-miR-21-5p
3385,hsa-miR-200a-3p
14888,hsa-miR-155-5p
3385,hsa-miR-3173-3p
2520,hsa-miR-517c-3p
969516,hsa-miR-203a-3p
3385,hsa-miR-130a-5p
5793,hsa-miR-520a-3p
24180719,hsa-miR-1301-3p
2520,hsa-miR-21-5p
5793,hsa-miR-200c-3p
2336,hsa-miR-125b-5p
60750,hsa-miR-323a-5p
43815,hsa-miR-192-5p
216326,hsa-miR-589-3p
126941,hsa-miR-382-5p
2662,hsa-miR-195-5p
24978538,hsa-miR-380-3p
896,hsa-miR-483-3p
91820602,hsa-miR-17-5p
25244711,hsa-miR-454-3p
451668,hsa-miR-20a-5p
36314,hsa-miR-143-3p
148124,hsa-miR-371a-3p
38904,hsa-miR-1908-5p
60750,hsa-miR-134-5p
712,hsa-miR-590-5p
43815,hsa-miR-30d-5p
702,hsa-miR-15b-3p
145858,hsa-miR-486-5p
31703,hsa-miR-223-3p
97226,hsa-miR-338-3p
3385,hsa-miR-718
123631,hsa-miR-23a-3p
60750,hsa-miR-15b-5p
36462,hsa-let-7g-5p
446556,hsa-miR-16-5p
123631,hsa-miR-5703
6857599,hsa-miR-148a-3p
5311,hsa-miR-30e-3p
5310940,hsa-miR-339-5p
36314,hsa-miR-589-5p
5978,hsa-miR-26b-5p
119307,hsa-miR-18b-5p
387447,hsa-miR-29b-3p
6089,hsa-miR-18a-5p
31703,hsa-miR-4728-3p
36314,hsa-miR-802
60750,hsa-miR-4521
36314,hsa-miR-622
60750,hsa-miR-3064-5p
702,hsa-miR-155-5p
5280343,hsa-miR-143-3p
3385,hsa-miR-3682-3p
148124,hsa-miR-24-3p
2767,hsa-miR-181a-5p
2733526,hsa-miR-665
969516,hsa-let-7g-3p
108065,hsa-miR-99b-5p
31703,hsa-miR-892b
31703,hsa-mir-26a-1
5994,hsa-miR-155-5p
36462,hsa-miR-519b-3p
36314,hsa-let-7b-5p
6857599,hsa-miR-19a-3p
712,hsa-miR-650
448537,hsa-miR-17-5p
47725,hsa-miR-9-3p
126941,hsa-miR-320a-3p
14888,hsa-miR-378a-3p
444732,hsa-miR-30b-5p
60780,hsa-miR-23b-3p
47725,hsa-miR-1229-3p
712,hsa-miR-17-3p
31703,hsa-miR-1293
126941,hsa-miR-192-5p
24180719,hsa-miR-1293
91820602,hsa-miR-451a
14888,hsa-miR-196a-5p
387447,hsa-miR-187-3p
31703,hsa-miR-192-5p
985,hsa-miR-34a-5p
5291,hsa-miR-939-5p
208908,hsa-miR-221-3p
2767,hsa-miR-302a-3p
60750,hsa-miR-3178
6857599,hsa-miR-142-3p
148124,hsa-miR-20b-5p
5291,hsa-miR-151a-3p
60750,hsa-miR-195-5p
3385,hsa-miR-33a-5p
3385,hsa-miR-3658
54670067,hsa-miR-662
5310940,hsa-miR-30d-5p
3229,hsa-miR-30a-5p
31703,hsa-miR-382-5p
5743,hsa-miR-142-5p
2767,hsa-miR-100-5p
3385,hsa-miR-2861
5994,hsa-miR-19b-3p
4033,hsa-mir-196a-2
657237,hsa-miR-155-5p
5978,hsa-miR-222-3p
5310940,hsa-miR-766-3p
36314,hsa-miR-4713-5p
445580,hsa-let-7e-5p
784,hsa-miR-429
24180719,hsa-miR-320a-3p
3385,hsa-miR-191-5p
31703,hsa-miR-4311
10635,hsa-miR-32-5p
6167,hsa-miR-106b-5p
119307,hsa-miR-1227-3p
2767,hsa-miR-192-5p
5311,hsa-miR-206
5280360,hsa-miR-21-5p
2520,hsa-miR-499a-5p
5329102,hsa-miR-155-5p
31703,hsa-miR-298
3385,hsa-miR-4655-5p
2520,hsa-miR-451a
712,hsa-miR-18a-5p
5310940,hsa-miR-657
216239,hsa-miR-338-3p
6013,hsa-miR-629-3p
123596,hsa-miR-212-3p
5793,hsa-miR-203a-3p
6253,hsa-miR-200c-3p
60750,hsa-miR-140-5p
30323,hsa-miR-383-5p
9576410,hsa-miR-21-5p
3385,hsa-miR-3621
31703,hsa-miR-142-5p
712,hsa-miR-378a-3p
3385,hsa-miR-190a-5p
148124,hsa-miR-514a-3p
5978,hsa-miR-126-3p
2767,hsa-miR-1321
451668,hsa-miR-181d-5p
2733526,hsa-miR-183-5p
2520,hsa-miR-125b-1-3p
2520,hsa-miR-181c-5p
36314,hsa-miR-302b-3p
31703,hsa-miR-4687-3p
5994,hsa-miR-371a-5p
5757,hsa-miR-30b-5p
60750,hsa-miR-549a-3p
24180719,hsa-miR-424-5p
36314,hsa-miR-22-3p
31703,hsa-miR-513c-5p
5280453,hsa-miR-663a
5746,hsa-miR-22-3p
60750,hsa-miR-1234-3p
5291,hsa-miR-135b-5p
2520,hsa-miR-199a-5p
2767,hsa-miR-10b-5p
451668,hsa-let-7f-5p
176870,hsa-miR-21-5p
145858,hsa-miR-30b-3p
5310940,hsa-miR-1236-3p
5310940,hsa-miR-29b-1-5p
123631,hsa-miR-217-5p
2767,hsa-miR-335-5p
2520,hsa-miR-876-3p
5310940,hsa-miR-181a-5p
119307,hsa-miR-1268a
10621,hsa-miR-323a-5p
2520,hsa-miR-219a-5p
5757,hsa-miR-10b-5p
31703,hsa-miR-103a-3p
3220,hsa-miR-490-5p
5310940,hsa-miR-130b-3p
2520,hsa-miR-192-5p
36314,hsa-miR-767-5p
9444,hsa-miR-17-5p
23725625,hsa-miR-96-5p
4091,hsa-miR-200c-3p
5881,hsa-miR-200c-3p
148124,hsa-miR-339-5p
5978,hsa-miR-4285
2767,hsa-let-7f-5p
31703,hsa-miR-1253
452548,hsa-miR-181b-5p
3385,hsa-miR-181a-2-3p
969516,hsa-miR-125a-5p
6013,hsa-miR-29a-3p
784,hsa-miR-21-5p
5310940,hsa-miR-561-3p
9064,hsa-miR-374a-5p
5310940,hsa-miR-363-3p
5329102,hsa-miR-92a-3p
24360,hsa-miR-107
2767,hsa-miR-512-5p
5793,hsa-miR-627-5p
3385,hsa-miR-483-3p
444732,hsa-let-7a-5p
448537,hsa-miR-20b-5p
60750,hsa-miR-138-5p
31101,hsa-miR-516b-5p
36314,hsa-miR-374a-5p
241,hsa-let-7d-5p
176870,hsa-miR-224-5p
54670067,hsa-miR-1225-5p
5978,hsa-miR-297
5978,hsa-let-7c-5p
14403,hsa-miR-33a-5p
10621,hsa-miR-487b-3p
5310940,hsa-miR-10b-5p
31703,hsa-miR-652-3p
60750,hsa-miR-2861
5757,hsa-miR-22-3p
3028194,hsa-miR-34a-5p
2733526,hsa-miR-516a-5p
3385,hsa-miR-1290
2767,hsa-miR-4633-5p
444732,hsa-miR-181b-5p
3385,hsa-miR-3692-5p
3385,hsa-miR-135b-5p
104842,hsa-miR-145-5p
148124,hsa-miR-222-3p
3385,hsa-miR-628-5p
2520,hsa-miR-505-3p
119307,hsa-miR-2116-3p
31703,hsa-mir-29b-1
5310940,hsa-miR-885-3p
31703,hsa-miR-760
444732,hsa-miR-486-5p
712,hsa-miR-19b-3p
36314,hsa-miR-483-3p
2767,hsa-miR-498-5p
2520,hsa-miR-128-3p
2767,hsa-miR-630
6857599,hsa-miR-423-3p
5310940,hsa-miR-1181
2520,hsa-miR-593-3p
119307,hsa-miR-130b-3p
2520,hsa-miR-331-3p
5291,hsa-miR-128-3p
60838,hsa-miR-23a-5p
5994,hsa-miR-29b-3p
5280453,hsa-miR-126-3p
3385,hsa-let-7f-5p
148124,hsa-miR-148a-3p
5394,hsa-miR-181d-5p
135403648,hsa-miR-32-5p
31703,hsa-miR-214-3p
216239,hsa-miR-192-5p
969516,hsa-miR-197-3p
9826528,hsa-miR-155-5p
97226,hsa-miR-126-3p
1983,hsa-miR-155-5p
1130,hsa-miR-155-5p
3385,hsa-miR-4271
36462,hsa-miR-885-5p
42611257,hsa-miR-34a-5p
5310940,hsa-miR-548m
60750,hsa-miR-874-3p
31703,hsa-mir-125b-1
451668,hsa-miR-25-3p
444795,hsa-miR-663a
60750,hsa-miR-345-5p
5757,hsa-miR-128-3p
31703,hsa-miR-889-3p
229455,hsa-miR-19a-3p
2336,hsa-miR-638
3385,hsa-miR-4306
5978,hsa-miR-224-5p
5310940,hsa-miR-765
3385,hsa-miR-371a-3p
31703,hsa-miR-365a-3p
5978,hsa-miR-22-3p
3385,hsa-miR-4750-5p
702,hsa-miR-450a-5p
42890,hsa-miR-532-5p
444795,hsa-miR-181a-5p
36462,hsa-miR-222-3p
31703,hsa-miR-154-5p
5291,hsa-miR-2278
2767,hsa-miR-339-5p
36462,hsa-miR-129-5p
65348,hsa-miR-193a-3p
14888,hsa-miR-96-5p
442428,hsa-miR-106a-5p
5793,hsa-miR-377-3p
2767,hsa-miR-503-5p
3385,hsa-miR-612
5280961,hsa-miR-34a-5p
5978,hsa-miR-335-5p
3385,hsa-miR-92a-3p
3385,hsa-miR-122b-5p
2767,hsa-miR-4745-5p
60700,hsa-miR-21-5p
31703,hsa-miR-539-5p
216326,hsa-miR-300
36462,hsa-miR-19b-3p
2520,hsa-miR-92a-3p
2767,hsa-miR-378a-3p
36314,hsa-miR-148a-3p
6857599,hsa-miR-15a-5p
969516,hsa-miR-200c-3p
31703,hsa-miR-301b-3p
60750,hsa-miR-9-5p
5329102,hsa-miR-221-3p
5280453,hsa-miR-1181
41867,hsa-miR-375-3p
60823,hsa-miR-549a-3p
36314,hsa-miR-335-5p
31703,hsa-miR-484
3385,hsa-miR-4669
444732,hsa-miR-627-5p
1832,hsa-miR-27b-3p
31703,hsa-mir-26a-2
54671203,hsa-miR-155-5p
36314,hsa-miR-27a-3p
5281708,hsa-miR-328-3p
176870,hsa-miR-146a-5p
24180719,hsa-miR-4473
14888,hsa-miR-335-5p
31703,hsa-miR-184
442972,hsa-miR-155-5p
60750,hsa-miR-4725-3p
5311,hsa-miR-432-5p
5291,hsa-miR-143-3p
60750,hsa-miR-19b-1-5p
148124,hsa-miR-598-3p
442972,hsa-miR-23b-3p
2520,hsa-miR-545-3p
5978,hsa-miR-630
5284373,hsa-miR-451a
3071,hsa-miR-21-5p
5310940,hsa-miR-222-3p
2767,hsa-miR-622
444732,hsa-miR-153-3p
2767,hsa-miR-483-3p
2733526,hsa-let-7i-5p
176870,hsa-miR-140-5p
162282,hsa-miR-21-5p
3385,hsa-miR-4488
5757,hsa-miR-638
5394,hsa-miR-452-5p
2767,hsa-miR-412-3p
5978,hsa-miR-215-5p
969516,hsa-miR-148a-3p
712,hsa-miR-23a-3p
36314,hsa-miR-516b-3p
148124,hsa-miR-145-5p
712,hsa-miR-452-5p
31703,hsa-miR-1538
5978,hsa-miR-296-5p
3385,hsa-miR-18b-5p
6505803,hsa-miR-134-5p
2733526,hsa-miR-7-5p
5394,hsa-miR-503-5p
5291,hsa-miR-762
97226,hsa-miR-370-3p
3385,hsa-miR-455-5p
3385,hsa-miR-133b
3385,hsa-miR-921
2733526,hsa-miR-510-5p
135403648,hsa-miR-409-3p
24180719,hsa-miR-1291
3229,hsa-miR-23a-3p
2733526,hsa-miR-181b-5p
2375,hsa-miR-376a-3p
60750,hsa-miR-1275
451668,hsa-miR-143-3p
24180719,hsa-miR-4745-5p
3385,hsa-miR-1277-3p
60750,hsa-miR-3960
2767,hsa-miR-603
148124,hsa-miR-381-3p
5329102,hsa-miR-17-5p
5755,hsa-miR-200c-3p
5310940,hsa-miR-1258
60750,hsa-miR-218-5p
712,hsa-let-7a-5p
30323,hsa-miR-99a-5p
5291,hsa-miR-212-3p
31703,hsa-miR-33a-5p
2375,hsa-miR-149-5p
445858,hsa-miR-298
448537,hsa-miR-320a-3p
5793,hsa-miR-142-5p
31703,hsa-miR-605-5p
23725625,hsa-miR-107
5310940,hsa-miR-1270
126941,hsa-miR-193b-3p
6115,hsa-miR-222-3p
444732,hsa-miR-200c-3p
5793,hsa-miR-133b
2767,hsa-miR-520c-3p
5310940,hsa-miR-627-5p
38904,hsa-miR-27b-3p
5329102,hsa-miR-624-3p
2767,hsa-miR-659-3p
6089,hsa-miR-124-3p
3385,hsa-miR-658
2767,hsa-miR-424-5p
73581,hsa-miR-519c-3p
31703,hsa-miR-146b-5p
60700,hsa-miR-514a-3p
451668,hsa-miR-27a-3p
2733526,hsa-miR-18a-5p
5310940,hsa-miR-660-5p
5757,hsa-miR-542-3p
10836,hsa-miR-223-3p
36314,hsa-miR-373-3p
5978,hsa-miR-129-5p
5743,hsa-miR-17-5p
6857599,hsa-miR-181a-5p
31703,hsa-miR-124-3p
54670067,hsa-miR-1915-3p
24978538,hsa-miR-105-5p
119307,hsa-miR-370-3p
9064,hsa-miR-30c-1-3p
36314,hsa-miR-132-3p
2520,hsa-miR-520c-3p
14888,hsa-miR-148a-3p
5310940,hsa-miR-25-3p
5310940,hsa-miR-147a
148124,hsa-miR-9-5p
3385,hsa-miR-1275
2520,hsa-miR-587
3385,hsa-miR-4478
6857599,hsa-miR-222-3p
60750,hsa-miR-4530
31703,hsa-miR-98-5p
30323,hsa-miR-34a-5p
5291,hsa-miR-483-3p
442428,hsa-miR-196a-5p
60750,hsa-miR-181a-3p
2520,hsa-miR-576-5p
31703,hsa-miR-193b-3p
56842234,hsa-miR-222-3p
444732,hsa-miR-146b-5p
54670067,hsa-miR-596
216239,hsa-miR-570-3p
60953,hsa-miR-33a-5p
3229,hsa-miR-30e-5p
31703,hsa-miR-373-3p
135403648,hsa-miR-99a-5p
126941,hsa-miR-455-5p
60750,hsa-miR-370-3p
5978,hsa-miR-15a-5p
3385,hsa-miR-379-5p
2767,hsa-miR-484
657237,hsa-miR-485-3p
5291,hsa-miR-296-5p
91820602,hsa-let-7b-5p
2767,hsa-miR-4768-5p
24180719,hsa-miR-2277-3p
3229,hsa-miR-193a-3p
5073,hsa-miR-520c-3p
60838,hsa-miR-23a-3p
5757,hsa-miR-211-5p
14888,hsa-miR-372-3p
448537,hsa-miR-92b-3p
24180719,hsa-miR-27a-3p
2767,hsa-miR-326
36462,hsa-miR-34c-5p
445858,hsa-miR-429
3385,hsa-miR-557
3385,hsa-miR-4700-5p
60750,hsa-miR-4695-3p
15625,hsa-miR-25-3p
5997,hsa-miR-27a-3p
3385,hsa-miR-141-3p
6857599,hsa-miR-335-5p
42890,hsa-miR-363-3p
38904,hsa-miR-205-5p
5310940,hsa-miR-1255b-5p
31703,hsa-let-7b-5p
42611257,hsa-miR-125b-5p
5291,hsa-miR-29a-3p
702,mmu-miR-465b-5p
5310940,hsa-miR-1908-5p
60750,hsa-miR-1915-3p
5291,hsa-miR-132-3p
36314,hsa-miR-100-5p
135403648,hsa-miR-29a-3p
60750,hsa-miR-98-5p
3220,hsa-miR-374b-3p
141643,hsa-miR-27a-3p
119307,hsa-miR-32-5p
6253,hsa-let-7a-5p
3385,hsa-miR-3192-5p
2767,hsa-miR-502-5p
41867,hsa-miR-25-3p
9444,hsa-miR-19b-3p
38904,hsa-miR-186-5p
5311,hsa-miR-302a-3p
145858,hsa-let-7b-3p
21633059,hsa-miR-372-3p
448537,hsa-miR-346
31703,hsa-miR-496
60838,hsa-miR-143-3p
5865,hsa-miR-638
41867,hsa-miR-204-5p
5280453,hsa-miR-134-5p
5755,hsa-miR-146a-5p
5310940,hsa-miR-26b-5p
5291,hsa-miR-30b-5p
119307,hsa-miR-29b-3p
60750,hsa-miR-2467-3p
60750,hsa-miR-1299
97226,hsa-miR-196b-5p
16197265,hsa-let-7a-5p
2767,hsa-miR-4284
5978,hsa-miR-4430
444732,hsa-miR-194-5p
5394,hsa-miR-181a-3p
5978,hsa-miR-21-5p
5329102,hsa-miR-454-3p
5212,hsa-miR-146a-5p
2375,hsa-miR-9-5p
3385,hsa-miR-501-5p
448537,hsa-miR-152-3p
38904,hsa-miR-484
36314,hsa-miR-489-3p
36314,hsa-miR-208a-3p
444795,hsa-miR-181b-5p
5329102,hsa-miR-29c-3p
5311,hsa-miR-193b-5p
5978,hsa-miR-342-3p
119307,hsa-miR-767-3p
2520,hsa-miR-216a-5p
5997,hsa-miR-21-5p
5310940,hsa-mir-770
5291,hsa-miR-200c-3p
2733526,hsa-let-7b-5p
31703,hsa-miR-196a-5p
5310940,hsa-miR-1303
2767,hsa-miR-144-3p
3385,hsa-miR-142-3p
60750,hsa-miR-762
3385,hsa-miR-3147
5280795,hsa-miR-532-3p
36314,hsa-miR-3074-3p
3385,hsa-miR-4783-3p
36314,hsa-miR-203a-3p
60750,hsa-miR-1260a
285033,hsa-miR-370-3p
5311,hsa-miR-542-3p
36314,hsa-miR-199a-5p
969516,hsa-miR-181a-5p
14888,hsa-miR-10b-5p
6468,hsa-miR-10b-5p
60750,hsa-miR-3682-3p
3229,hsa-miR-199b-5p
5978,hsa-miR-23a-3p
2733526,hsa-miR-32-5p
123631,hsa-miR-660-5p
119307,hsa-miR-21-5p
31703,hsa-miR-1265
2520,hsa-miR-16-5p
2767,hsa-mir-24-2
60750,hsa-miR-20b-5p
31703,hsa-miR-145-5p
60838,hsa-miR-874-3p
2767,hsa-miR-648
36314,hsa-miR-139-5p
5311,hsa-miR-345-5p
448537,hsa-miR-138-5p
47725,hsa-miR-134-5p
5329102,hsa-miR-19b-3p
5978,hsa-miR-33a-5p
36314,hsa-miR-4284
97226,hsa-miR-630
5394,hsa-miR-24-3p
3385,hsa-miR-203b-3p
444732,hsa-miR-144-3p
5291,hsa-let-7f-5p
5793,hsa-miR-518a-3p
5746,hsa-miR-300
2767,hsa-miR-9-5p
5329102,hsa-miR-483-3p
176870,hsa-miR-141-3p
60750,hsa-miR-1273c
229455,hsa-let-7b-5p
36314,hsa-miR-25-3p
5978,hsa-miR-675-5p
31703,hsa-miR-17-5p
6857599,hsa-miR-101-3p
123631,hsa-miR-143-3p
3385,hsa-miR-324-3p
2767,hsa-miR-942-5p
60750,hsa-miR-202-3p
60750,hsa-miR-152-3p
31703,hsa-miR-7-5p
2733526,hsa-miR-128-3p
5288826,hsa-miR-133b
442972,hsa-miR-1-3p
444732,hsa-miR-335-5p
123631,hsa-miR-424-5p
460612,hsa-miR-221-3p
24978538,hsa-miR-101-3p
123865,hsa-miR-143-3p
60750,hsa-miR-129-2-3p
5746,hsa-miR-3183
5865,hsa-let-7a-5p
148124,hsa-miR-340-5p
3103,hsa-miR-192-5p
41867,hsa-miR-145-5p
25244711,hsa-miR-874-3p
5280795,hsa-miR-424-5p
784,hsa-miR-200b-3p
712,hsa-miR-152-3p
2767,hsa-miR-15b-5p
216239,hsa-miR-193a-3p
5310940,hsa-let-7a-5p
123631,hsa-miR-630
2767,hsa-miR-518b
2767,hsa-miR-520g-3p
5793,hsa-miR-299-5p
2907,hsa-miR-17-5p
60750,hsa-miR-188-5p
5310940,hsa-miR-1299
123631,hsa-miR-222-3p
5394,hsa-miR-500a-5p
3385,hsa-let-7c-5p
2375,hsa-miR-32-5p
442428,hsa-miR-323a-5p
5793,hsa-miR-501-5p
451668,hsa-miR-22-3p
123631,hsa-miR-497-5p
2520,hsa-miR-199b-5p
5291,hsa-miR-18b-5p
5746,hsa-miR-146a-5p
2520,hsa-miR-142-3p
5394,hsa-miR-153-3p
4891,hsa-miR-155-5p
5746,hsa-miR-297
3385,hsa-miR-518b
24978538,hsa-miR-518a-3p
2767,hsa-miR-196b-5p
60750,hsa-miR-454-3p
5978,hsa-miR-4763-3p
5793,hsa-miR-188-3p
36314,hsa-miR-424-5p
5757,hsa-miR-424-5p
36314,hsa-miR-296-5p
60750,hsa-miR-409-5p
14888,hsa-miR-1-3p
5310940,hsa-miR-31-5p
5816,hsa-miR-190b-5p
448537,hsa-miR-9-3p
60750,hsa-miR-326
5310940,hsa-miR-145-5p
2520,hsa-miR-15b-5p
41867,hsa-miR-1290
31703,hsa-miR-548h-5p
2662,hsa-miR-181b-5p
5994,hsa-miR-301a-3p
123631,hsa-miR-181b-2-3p
60750,hsa-miR-3131
3385,hsa-miR-24-3p
60700,hsa-miR-17-5p
60750,hsa-miR-3139
5978,hsa-miR-34a-5p
25244711,hsa-miR-323a-3p
60750,hsa-miR-491-5p
3220,hsa-miR-199b-3p
60750,hsa-miR-1260b
2662,hsa-miR-148a-3p
123631,hsa-miR-125b-2-3p
60750,hsa-miR-3177-3p
122724,hsa-miR-335-5p
216239,hsa-miR-196a-5p
451668,hsa-miR-34a-5p
2767,hsa-miR-302c-3p
5291,hsa-miR-1-3p
43815,hsa-miR-194-5p
2520,hsa-miR-496
3385,hsa-miR-4772-5p
60750,hsa-miR-30e-5p
60750,hsa-miR-149-5p
3220,hsa-miR-363-3p
36314,hsa-miR-30b-5p
2733526,hsa-miR-19b-3p
6013,hsa-miR-223-3p
60750,hsa-miR-4324
5793,hsa-miR-383-5p
5310940,hsa-miR-1206
5352624,hsa-miR-9-5p
2767,hsa-miR-642a-5p
3385,hsa-miR-4465
969516,hsa-miR-204-5p
97226,hsa-miR-98-5p
2520,hsa-miR-520d-3p
31401,hsa-miR-603
36314,hsa-miR-3196
31703,hsa-let-7a-5p
3385,hsa-miR-4685-5p
2767,hsa-miR-3621
5793,hsa-miR-23b-3p
36462,hsa-let-7a-5p
31703,hsa-miR-766-3p
442793,hsa-miR-27b-3p
712,hsa-miR-26b-5p
60750,hsa-miR-643
3229,hsa-miR-152-3p
3385,hsa-miR-618
91820602,hsa-miR-21-5p
5311,hsa-miR-4448
30323,hsa-miR-625-5p
38904,hsa-miR-15a-5p
60780,hsa-miR-519e-3p
2767,hsa-miR-520f-3p
2520,hsa-miR-532-5p
5793,hsa-miR-523-3p
444795,hsa-miR-342-3p
31703,hsa-miR-655-3p
2767,hsa-miR-221-3p
6253,hsa-miR-29a-3p
31703,hsa-miR-620
3385,hsa-miR-362-5p
2767,hsa-miR-525-5p
5310940,hsa-miR-297
2767,hsa-miR-320e
2767,hsa-miR-363-3p
31703,hsa-miR-365b-3p
38904,hsa-miR-1915-3p
60750,hsa-miR-663a
3385,hsa-miR-670-5p
6857599,hsa-miR-143-3p
119307,hsa-miR-3665
2336,hsa-miR-146a-5p
60750,hsa-miR-146b-5p
60838,hsa-miR-501-5p
119307,hsa-miR-28-5p
31703,hsa-miR-1291
60750,hsa-miR-940
36314,hsa-miR-4728-3p
5284616,hsa-miR-142-3p
176870,hsa-miR-636
5310940,hsa-miR-127-3p
14888,hsa-miR-148b-3p
3385,hsa-miR-30a-5p
60750,hsa-miR-204-5p
448537,hsa-miR-9-5p
31703,hsa-miR-372-3p
5291,hsa-miR-532-5p
6106,hsa-miR-20a-5p
176870,hsa-miR-10b-5p
5280427,hsa-miR-31-5p
3385,hsa-miR-101-3p
5994,hsa-miR-634
3220,hsa-miR-135b-5p
2767,hsa-miR-106b-3p
31703,hsa-miR-1915-3p
3385,hsa-miR-140-3p
969516,hsa-miR-34a-5p
442428,hsa-miR-214-3p
3385,hsa-miR-484
14888,hsa-miR-125b-5p
5994,hsa-miR-222-3p
445858,mmu-miR-878-3p
60606,hsa-miR-96-5p
36314,hsa-miR-1296-5p
3385,hsa-miR-4703-5p
4624,hsa-miR-338-3p
5310940,hsa-miR-504-5p
5394,hsa-miR-210-3p
135403648,hsa-miR-451a
97226,hsa-let-7g-5p
451668,hsa-miR-155-5p
2733526,hsa-miR-100-5p
5394,hsa-miR-16-5p
91820602,hsa-miR-146a-5p
712,hsa-miR-19a-3p
145858,hsa-miR-429
3220,hsa-miR-675-5p
6857599,hsa-miR-148b-3p
24180719,hsa-miR-543
6623,hsa-miR-106b-5p
97226,hsa-miR-365a-3p
9949648,hsa-miR-92b-3p
2767,hsa-miR-933
5394,hsa-miR-221-3p
444732,hsa-miR-657
3220,hsa-miR-373-3p
31703,hsa-miR-509-3p
3385,hsa-miR-4710
31703,hsa-miR-190a-5p
5288826,hsa-miR-99b-5p
4212,hsa-miR-302a-3p
784,hsa-miR-328-3p
31703,hsa-miR-630
5793,hsa-miR-147a
2767,hsa-miR-1229-3p
2520,hsa-miR-7-1-3p
3385,hsa-miR-7-5p
97226,hsa-miR-372-3p
91820602,hsa-miR-339-5p
60750,hsa-miR-210-3p
31401,hsa-miR-568
31703,hsa-miR-133a-3p
2336,hsa-miR-15a-5p
5793,hsa-miR-499a-5p
5329102,hsa-miR-145-5p
60750,hsa-miR-3065-5p
444732,hsa-miR-607
442972,hsa-miR-144-3p
2767,hsa-miR-383-5p
444732,hsa-miR-29b-3p
2767,hsa-miR-513a-3p
5865,hsa-miR-18a-5p
38904,hsa-miR-217-5p
9064,hsa-miR-323a-5p
14888,hsa-miR-193b-3p
3385,hsa-miR-4796-3p
31703,hsa-miR-4258
123631,hsa-miR-200c-3p
3385,hsa-miR-614
31703,hsa-miR-329-3p
148124,hsa-miR-129-2-3p
65064,hsa-miR-126-3p
135403648,hsa-miR-215-5p
5288826,hsa-miR-16-5p
24497,hsa-miR-22-3p
5310940,hsa-miR-603
2767,hsa-miR-637
5793,hsa-miR-507
31703,hsa-miR-374a-5p
60750,hsa-miR-590-5p
5757,hsa-let-7i-5p
31703,hsa-miR-582-5p
5329102,hsa-miR-139-5p
31703,hsa-miR-3674
2733526,hsa-miR-574-3p
3229,hsa-miR-181b-5p
4212,hsa-miR-487a-3p
5310940,hsa-miR-1250-5p
3385,hsa-miR-410-5p
31703,hsa-miR-187-3p
442972,hsa-miR-10b-5p
5310940,hsa-miR-181a-2-3p
5284616,hsa-miR-21-5p
24180719,hsa-miR-363-3p
445154,hsa-miR-200c-3p
444795,hsa-let-7d-5p
119307,hsa-miR-155-5p
60750,hsa-miR-4485-3p
5310940,hsa-miR-936
3385,hsa-miR-328-3p
60823,hsa-miR-550a-5p
5310940,hsa-miR-382-5p
5997,hsa-miR-27b-3p
712,hsa-miR-23b-3p
31703,hsa-miR-920
5288826,hsa-miR-1469
2767,hsa-miR-518a-3p
36314,hsa-miR-634
5310940,hsa-miR-130a-3p
31703,hsa-miR-520b-3p
13342,hsa-miR-328-3p
123631,hsa-miR-134-5p
3385,hsa-miR-3153
91820602,hsa-let-7d-5p
36314,hsa-miR-31-5p
2767,hsa-miR-490-3p
122724,hsa-miR-217-5p
54670067,hsa-miR-583
448537,hsa-miR-492
3229,hsa-miR-190a-5p
5793,hsa-miR-516b-5p
2733526,hsa-miR-520b-3p
2767,hsa-miR-34c-5p
216239,hsa-miR-130b-3p
2767,hsa-miR-518d-3p
156413,hsa-miR-203a-3p
5978,hsa-miR-486-5p
229455,hsa-miR-221-3p
148124,hsa-miR-17-5p
11226684,hsa-miR-141-3p
2375,hsa-miR-17-5p
3385,hsa-miR-4319
5757,hsa-miR-193b-3p
2051,hsa-miR-203a-3p
5746,hsa-miR-193b-3p
31703,hsa-miR-2682-5p
9700,hsa-miR-99a-5p
36314,hsa-miR-433-3p
36314,hsa-miR-2278
64971,hsa-miR-21-5p
135403648,hsa-miR-142-3p
5746,hsa-miR-34a-5p
60823,hsa-miR-182-5p
712,hsa-let-7e-5p
47725,hsa-miR-638
24360,hsa-miR-103a-3p
712,hsa-miR-9-5p
3385,hsa-miR-762
6857599,hsa-miR-144-3p
3385,hsa-miR-23a-3p
54670067,hsa-mir-125b-2
43815,hsa-miR-193a-3p
123631,hsa-let-7c-5p
14888,hsa-miR-7-5p
2520,hsa-miR-30e-5p
36462,hsa-miR-18a-5p
969516,hsa-miR-15b-5p
135403648,hsa-miR-21-5p
14888,hsa-miR-212-3p
3385,hsa-miR-4797-5p
2907,hsa-miR-663a
31401,hsa-miR-513a-5p
38904,hsa-miR-23a-3p
3385,hsa-miR-4687-5p
387447,hsa-miR-16-5p
13089,hsa-miR-663a
2733526,hsa-miR-15a-5p
24180719,hsa-miR-3200-3p
5978,hsa-let-7e-5p
60750,hsa-miR-4650-5p
5310940,hsa-miR-21-5p
5291,hsa-miR-638
5288826,hsa-miR-26a-5p
5997,hsa-miR-185-5p
2767,hsa-miR-4521
31703,hsa-miR-338-3p
3385,hsa-miR-574-5p
448537,hsa-miR-203a-3p
123631,hsa-miR-494-3p
3385,hsa-miR-3945
60750,hsa-miR-1343-3p
36314,hsa-miR-193b-3p
5978,hsa-miR-638
5280453,hsa-miR-302c-3p
31703,hsa-miR-125a-5p
31703,hsa-miR-425-5p
5978,hsa-miR-584-5p
36314,hsa-miR-640
2520,hsa-miR-153-3p
712,hsa-miR-16-5p
2767,hsa-miR-487b-3p
31703,hsa-miR-450a-5p
60750,hsa-miR-33a-5p
36314,hsa-miR-95-3p
97226,hsa-miR-204-5p
30323,hsa-miR-210-3p
5291,hsa-miR-328-3p
5310940,hsa-mir-548a-1
451668,hsa-miR-93-5p
119307,hsa-miR-151a-3p
5757,hsa-miR-9-5p
5790,hsa-miR-24-3p
36462,hsa-miR-100-5p
31703,hsa-miR-489-3p
2520,hsa-miR-633
2767,hsa-miR-222-3p
119307,hsa-miR-148a-3p
5311,hsa-miR-299-3p
135403648,hsa-miR-19b-3p
60750,hsa-miR-1307-3p
108065,hsa-miR-146b-5p
31703,hsa-miR-191-5p
5291,hsa-miR-155-5p
6857599,hsa-let-7g-5p
31703,hsa-miR-576-5p
5743,hsa-miR-221-3p
5310940,hsa-miR-675-5p
2767,hsa-miR-198
10635,hsa-miR-221-3p
4033,hsa-miR-196a-3p
60750,hsa-miR-4655-5p
2733526,hsa-miR-27a-3p
3385,hsa-miR-378e
3385,hsa-miR-4675
2520,hsa-miR-367-3p
5994,hsa-miR-370-3p
31703,hsa-miR-221-3p
36314,hsa-miR-187-3p
31703,hsa-miR-532-5p
3385,hsa-miR-1343-3p
387447,hsa-miR-202-3p
60750,hsa-miR-193a-3p
448537,hsa-miR-323a-5p
108065,hsa-miR-133a-3p
2767,hsa-miR-493-3p
60606,hsa-miR-223-3p
31703,hsa-miR-1269a
3345,hsa-miR-182-5p
38904,hsa-miR-200c-3p
2767,hsa-miR-181b-5p
60750,hsa-miR-29b-1-5p
3385,hsa-miR-4474-3p
5310940,hsa-miR-1267
387447,hsa-miR-638
5291,hsa-miR-660-5p
2767,hsa-miR-338-3p
47725,hsa-miR-7-5p
148124,hsa-miR-138-5p
10635,hsa-miR-630
25244711,hsa-miR-500a-5p
985,hsa-miR-106b-5p
25244711,hsa-miR-24-1-5p
2733526,hsa-miR-375-3p
31703,hsa-miR-370-3p
30323,hsa-miR-181a-5p
5394,hsa-miR-143-3p
5310940,hsa-miR-93-5p
72304,hsa-miR-29a-3p
126941,hsa-miR-200c-3p
1983,hsa-miR-146a-5p
5288826,hsa-miR-26b-5p
60750,hsa-miR-4787-3p
60750,hsa-miR-378d
5310940,hsa-miR-218-5p
5978,hsa-miR-9-5p
3385,hsa-miR-574-3p
5793,hsa-miR-570-3p
148124,hsa-let-7c-5p
442428,hsa-miR-190a-5p
176870,hsa-miR-34c-5p
53232,hsa-miR-21-5p
60953,hsa-miR-221-3p
119307,hsa-miR-181b-5p
3385,hsa-miR-491-5p
2520,hsa-miR-205-5p
2767,hsa-miR-374b-5p
60750,hsa-miR-4706
60750,hsa-miR-1913
3121,hsa-miR-31-5p
36314,hsa-miR-217-5p
97226,hsa-miR-224-5p
3385,hsa-miR-663a
3229,hsa-miR-212-3p
3385,hsa-miR-4508
10621,mmu-miR-878-3p
3385,hsa-miR-145-5p
60780,hsa-miR-34c-5p
60823,hsa-miR-553
5288826,hsa-miR-191-5p
60780,hsa-miR-512-5p
2733526,hsa-miR-181a-3p
10635,hsa-miR-194-5p
5310940,hsa-miR-550a-5p
5978,hsa-miR-494-3p
5280795,hsa-miR-221-3p
4091,hsa-miR-26a-5p
3385,hsa-miR-622
712,hsa-miR-301a-3p
712,hsa-miR-100-5p
216239,hsa-miR-522-3p
145858,hsa-miR-30c-1-3p
10184653,hsa-miR-146a-5p
448537,hsa-miR-15b-5p
2767,hsa-miR-512-3p
60750,hsa-miR-148b-3p
5310940,hsa-miR-1229-3p
47725,hsa-miR-210-3p
969516,hsa-miR-323a-5p
46843772,hsa-miR-145-5p
119307,hsa-miR-196b-5p
444732,hsa-miR-31-5p
5793,hsa-miR-105-5p
2520,hsa-miR-514a-3p
6089,hsa-miR-328-3p
5310940,hsa-miR-150-5p
60750,hsa-miR-624-3p
123631,hsa-miR-147a
31703,hsa-miR-517c-3p
2767,hsa-miR-125b-5p
5282350,hsa-miR-34a-5p
444795,hsa-miR-15a-5p
60750,hsa-miR-194-5p
119307,hsa-miR-296-5p
162282,hsa-miR-30a-5p
36314,hsa-miR-411-5p
37542,hsa-miR-34b-3p
60750,hsa-miR-3194-5p
36314,hsa-miR-377-3p
2520,hsa-miR-29a-3p
6857599,hsa-miR-103a-2-5p
3821,hsa-miR-137-3p
2767,hsa-miR-328-3p
31703,hsa-miR-513a-5p
446220,hsa-miR-155-5p
3385,hsa-miR-517a-3p
30323,hsa-miR-100-5p
31703,hsa-miR-20b-5p
10635,hsa-miR-498-5p
5865,hsa-miR-193a-3p
444732,hsa-miR-645
969516,hsa-miR-124-5p
5310940,hsa-miR-1285-3p
3385,hsa-miR-193b-3p
123596,hsa-miR-142-3p
5793,hsa-miR-518f-3p
460612,hsa-miR-16-5p
5310940,hsa-miR-32-5p
60750,hsa-miR-18a-5p
2520,hsa-miR-555
24497,hsa-miR-337-3p
119307,hsa-miR-186-5p
5793,hsa-miR-508-3p
60750,hsa-miR-1976
216239,hsa-miR-627-5p
60750,hsa-miR-33b-5p
135403648,hsa-let-7i-5p
5310940,hsa-miR-16-2-3p
3385,hsa-miR-3064-5p
60750,hsa-miR-19a-3p
439530,hsa-miR-21-5p
2375,hsa-miR-30b-5p
5978,hsa-miR-99a-5p
24180719,hsa-miR-760
2733526,hsa-miR-221-3p
24180719,hsa-let-7a-5p
5978,hsa-miR-145-5p
446220,hsa-miR-124-3p
5284373,hsa-miR-101-3p
119307,hsa-miR-4252
5394,hsa-miR-10a-3p
36462,hsa-miR-187-3p
73581,hsa-miR-451a
3028194,hsa-miR-152-3p
451668,hsa-miR-17-5p
36314,hsa-miR-647
5997,hsa-miR-34a-5p
10621,hsa-let-7f-5p
36462,hsa-let-7e-5p
6279,hsa-miR-17-5p
1983,hsa-miR-192-5p
31703,hsa-miR-522-3p
5310940,hsa-miR-576-5p
2520,hsa-miR-639
24180719,hsa-miR-155-5p
444732,hsa-miR-155-5p
5311,hsa-miR-383-5p
91820602,hsa-miR-375-3p
2520,hsa-miR-569
3385,hsa-miR-299-5p
5280795,hsa-let-7f-5p
13342,hsa-miR-451a
11226684,hsa-miR-200b-3p
60750,hsa-miR-145-5p
31703,hsa-miR-449a
126941,hsa-miR-224-5p
3385,hsa-miR-199a-5p
148124,hsa-miR-101-3p
208908,hsa-miR-205-5p
444732,hsa-miR-29a-3p
36314,hsa-miR-1268a
31703,hsa-miR-1224-5p
2520,hsa-miR-361-5p
2733526,hsa-miR-450a-5p
31703,hsa-miR-520a-3p
3062316,hsa-miR-130a-3p
2520,hsa-miR-28-5p
5280795,hsa-miR-15b-5p
444795,hsa-let-7c-5p
31703,hsa-miR-455-5p
4624,hsa-miR-99b-3p
3385,hsa-miR-4279
60750,hsa-miR-4687-5p
60700,hsa-miR-1226-5p
5394,hsa-miR-106b-5p
444732,hsa-miR-126-3p
1548943,hsa-miR-34a-5p
3385,hsa-miR-4787-3p
5310940,hsa-miR-1915-3p
5755,hsa-miR-9-5p
31703,hsa-miR-4285
6857599,hsa-miR-193b-3p
3385,hsa-miR-711
5311,hsa-miR-223-3p
5288209,hsa-miR-9-5p
14888,hsa-miR-146a-5p
2767,hsa-miR-107
2733,hsa-miR-223-3p
3229,hsa-miR-29c-3p
5310940,hsa-miR-23a-3p
5793,hsa-miR-506-3p
31703,hsa-miR-26b-5p
2767,hsa-miR-548d-5p
60700,hsa-miR-23a-5p
3385,hsa-miR-192-5p
3385,hsa-miR-486-5p
31703,hsa-miR-376b-3p
2767,hsa-miR-378b
3386,hsa-miR-27b-3p
448537,hsa-miR-106a-5p
5310940,hsa-miR-221-3p
60953,hsa-miR-198
31703,hsa-miR-99a-5p
5311,hsa-miR-124-3p
30323,hsa-let-7c-5p
451668,hsa-miR-651-5p
2767,hsa-miR-532-5p
2336,hsa-miR-200a-3p
712,hsa-miR-130b-3p
985,hsa-miR-195-5p
3385,hsa-miR-4453
712,hsa-miR-24-3p
2520,hsa-miR-345-5p
36314,hsa-miR-192-5p
36314,hsa-miR-520h
54670067,hsa-miR-564
30323,hsa-miR-3151-5p
2767,hsa-miR-136-5p
387447,hsa-miR-21-5p
60750,hsa-miR-125b-5p
135403648,hsa-miR-148a-3p
3385,hsa-miR-144-3p
2733526,hsa-miR-99b-5p
5793,hsa-miR-875-3p
4091,hsa-miR-155-5p
3385,hsa-miR-1251-5p
36462,hsa-miR-320a-3p
60750,hsa-miR-28-5p
5310940,hsa-miR-587
3385,hsa-miR-1972
5978,hsa-miR-615-3p
6857599,hsa-miR-451a
60750,hsa-miR-187-3p
452548,hsa-miR-20a-5p
2767,hsa-miR-143-3p
3385,hsa-miR-2116-5p
60750,hsa-miR-518f-3p
36314,hsa-miR-125a-5p
60750,hsa-miR-3188
31703,hsa-miR-1226-3p
702,hsa-miR-25-3p
31703,hsa-miR-101-3p
31703,hsa-miR-181a-3p
5310940,hsa-miR-557
24978538,hsa-miR-876-3p
3385,hsa-miR-17-5p
5994,hsa-miR-142-5p
43815,hsa-miR-124-3p
444732,hsa-miR-23b-3p
702,hsa-miR-183-5p
60750,hsa-miR-130a-3p
5280795,hsa-miR-323a-5p
3385,hsa-miR-32-5p
60750,hsa-miR-4484
6857599,hsa-miR-660-5p
37542,hsa-miR-18a-5p
969516,hsa-miR-92a-3p
24180719,hsa-miR-4467
5793,hsa-miR-296-3p
15625,hsa-miR-335-5p
3385,hsa-miR-3672
9931953,hsa-miR-9-5p
702,hsa-miR-335-5p
148124,hsa-miR-181b-5p
31703,hsa-miR-765
60750,hsa-let-7d-5p
5311,hsa-miR-593-3p
119307,hsa-miR-125b-5p
2767,hsa-miR-421
3385,hsa-miR-449b-5p
2767,hsa-miR-3651
444732,hsa-miR-143-3p
91820602,hsa-miR-126-3p
448537,hsa-miR-361-5p
5865,hsa-miR-708-5p
60750,hsa-miR-4713-5p
3385,hsa-miR-4470
60750,hsa-miR-371b-3p
5310940,hsa-miR-196b-5p
60823,hsa-miR-935
5280961,hsa-miR-27a-3p
2907,hsa-miR-448
31703,hsa-miR-29a-3p
2520,hsa-miR-571
31703,hsa-miR-452-5p
3385,hsa-miR-466
119307,hsa-miR-193a-3p
36314,hsa-miR-223-3p
123631,hsa-miR-127-3p
5394,hsa-miR-155-5p
5994,hsa-miR-29c-3p
97226,hsa-miR-335-3p
3385,hsa-miR-31-5p
969516,hsa-miR-181d-5p
119307,hsa-miR-3663-3p
31703,hsa-miR-199a-5p
6623,hsa-miR-663a
60750,hsa-miR-3195
3101,hsa-miR-21-5p
176870,hsa-miR-205-5p
2520,hsa-miR-520h
5978,hsa-miR-520d-3p
60750,hsa-miR-483-3p
6623,hsa-miR-20a-5p
60750,hsa-miR-1285-3p
36314,hsa-miR-155-5p
2733526,hsa-miR-520h
2520,hsa-miR-517a-3p
4624,hsa-miR-875-5p
5394,hsa-miR-149-5p
5865,hsa-miR-224-5p
5310940,hsa-miR-1225-5p
3385,hsa-miR-4774-5p
444732,hsa-miR-620
47725,hsa-miR-10b-5p
2767,hsa-miR-542-5p
60750,hsa-miR-338-3p
9064,hsa-miR-298
31703,hsa-miR-4485-3p
2767,hsa-miR-185-5p
60750,hsa-miR-508-3p
24978538,hsa-miR-661
97226,hsa-miR-1271-5p
5793,hsa-miR-369-3p
216239,hsa-miR-200c-3p
216326,hsa-miR-449a
5793,hsa-miR-654-3p
31703,hsa-miR-19b-3p
135403648,hsa-miR-10a-5p
5793,hsa-miR-518d-5p
2767,hsa-miR-429
3385,hsa-miR-1292-5p
5793,hsa-miR-885-5p
638278,hsa-miR-25-3p
5311,hsa-miR-30c-1-3p
5310940,hsa-miR-631
3385,hsa-miR-532-5p
387447,hsa-miR-200c-3p
2767,hsa-miR-22-3p
712,hsa-miR-224-5p
107985,hsa-miR-181a-5p
5329102,hsa-miR-942-5p
5310940,hsa-miR-661
31703,hsa-miR-138-5p
5394,hsa-miR-128-3p
5757,hsa-miR-506-3p
91820602,hsa-miR-383-5p
37542,hsa-miR-652-3p
2520,hsa-miR-339-5p
2520,hsa-miR-96-5p
60750,hsa-miR-486-5p
31703,hsa-miR-769-3p
5311,hsa-miR-22-5p
2578,hsa-miR-9-5p
5291,hsa-miR-96-5p
5329102,hsa-miR-181a-5p
5310940,hsa-miR-29c-3p
31703,hsa-miR-4448
5329102,hsa-miR-18a-5p
123631,hsa-miR-126-3p
5978,hsa-miR-29b-2-5p
73581,hsa-miR-148a-3p
5959,hsa-miR-19a-3p
5329102,hsa-miR-19a-3p
31703,hsa-miR-376a-3p
5865,hsa-miR-214-3p
60700,hsa-miR-515-5p
97226,hsa-miR-7-5p
31703,hsa-miR-222-3p
2767,hsa-miR-612
36314,hsa-miR-653-5p
24497,hsa-miR-93-5p
387447,hsa-miR-3196
2520,hsa-miR-448
3385,hsa-miR-137-3p
60823,hsa-miR-331-5p
451668,hsa-miR-378a-3p
60750,hsa-miR-1228-3p
60750,hsa-let-7e-5p
31703,hsa-miR-933
387447,hsa-miR-15a-5p
31703,hsa-miR-421
6623,hsa-miR-155-5p
9826528,hsa-miR-139-5p
60750,hsa-miR-647
5311,hsa-miR-379-5p
11707110,hsa-miR-126-3p
2767,hsa-mir-19b-1
60838,hsa-miR-345-5p
60750,hsa-miR-638
2520,hsa-miR-541-3p
5997,hsa-mir-128-2
5280795,hsa-miR-28-5p
60750,hsa-miR-362-5p
2767,hsa-miR-3135a
2767,hsa-miR-628-3p
2767,hsa-miR-4668-5p
444732,hsa-miR-139-5p
13342,hsa-miR-15b-5p
3385,hsa-miR-4454
445858,hsa-miR-1-3p
148124,hsa-miR-451a
3385,hsa-miR-4687-3p
36462,hsa-miR-124-3p
123631,hsa-let-7e-5p
4091,hsa-let-7b-5p
2767,hsa-miR-188-5p
2520,hsa-miR-132-3p
969516,hsa-miR-137-3p
108065,hsa-miR-196a-5p
36314,hsa-miR-3168
3385,hsa-miR-1915-3p
2767,hsa-miR-139-5p
176870,hsa-miR-628-3p
5311,hsa-miR-629-5p
2767,hsa-miR-920
3385,hsa-miR-1224-3p
5997,hsa-miR-758-3p
36314,hsa-miR-15a-5p
5310940,hsa-miR-609
5280343,hsa-miR-34a-5p
60750,hsa-miR-185-5p
387447,hsa-miR-660-5p
2767,hsa-miR-34b-3p
241,hsa-miR-223-3p
36314,hsa-miR-4678
60750,hsa-miR-503-5p
10836,hsa-miR-150-5p
36314,hsa-miR-146b-5p
3385,hsa-miR-22-3p
31703,hsa-miR-200c-3p
3385,hsa-miR-4640-5p
2520,hsa-miR-182-5p
2520,hsa-miR-31-5p
5288826,hsa-miR-28-5p
444732,hsa-miR-512-3p
5757,hsa-miR-302b-5p
5978,hsa-miR-99b-5p
97226,hsa-miR-31-5p
5310940,hsa-miR-613
3385,hsa-miR-196b-5p
31703,hsa-miR-586
5757,hsa-miR-126-5p
2733526,hsa-miR-125a-5p
60750,hsa-miR-4711-3p
3385,hsa-miR-584-5p
3385,hsa-miR-152-3p
5978,hsa-miR-16-5p
2520,hsa-miR-154-5p
91820602,hsa-miR-19b-3p
2767,hsa-miR-30a-5p
4943,hsa-miR-143-3p
5746,hsa-miR-612
2767,hsa-miR-3131
91820602,hsa-miR-619-3p
5360373,hsa-mir-199a-2
119307,hsa-miR-218-5p
36314,hsa-miR-99b-5p
5329102,hsa-miR-516a-5p
2767,hsa-miR-645
31703,hsa-miR-216b-5p
36314,hsa-miR-338-3p
91820602,hsa-miR-378a-3p
36314,hsa-miR-30c-5p
54675776,hsa-miR-155-5p
108065,hsa-miR-374a-5p
451668,hsa-miR-21-5p
444732,hsa-miR-191-5p
5310940,hsa-miR-30a-5p
445639,hsa-let-7f-5p
3385,hsa-miR-4721
5865,hsa-miR-876-3p
712,hsa-miR-93-5p
3385,hsa-miR-103a-2-5p
60750,hsa-miR-378i
216239,hsa-miR-146a-5p
5310940,hsa-miR-412-3p
43815,hsa-miR-30b-5p
3385,hsa-miR-4716-5p
5310940,hsa-miR-142-5p
148124,hsa-miR-98-5p
5997,hsa-miR-613
2767,hsa-miR-17-5p
135403648,hsa-miR-502-5p
5291,hsa-miR-203a-3p
31703,hsa-miR-19b-1-5p
5793,hsa-miR-9-5p
24180719,hsa-miR-1287-5p
97226,hsa-miR-371a-5p
60750,hsa-miR-19b-3p
448537,hsa-miR-373-3p
31703,mmu-miR-703
91820602,hsa-miR-219a-2-3p
44259,hsa-miR-21-5p
148124,hsa-miR-196a-5p
119307,hsa-miR-129-2-3p
3385,hsa-miR-130b-5p
2733526,hsa-miR-149-5p
5793,hsa-miR-512-5p
2375,hsa-miR-141-3p
60750,hsa-miR-484
6623,hsa-miR-16-5p
10836,hsa-miR-125b-5p
3385,hsa-miR-188-5p
3385,hsa-miR-149-3p
60750,hsa-let-7i-5p
97226,hsa-miR-181a-2-3p
387447,hsa-mir-1207
3121,hsa-miR-181c-5p
5757,hsa-let-7e-5p
5311,hsa-miR-381-3p
2733526,hsa-miR-512-5p
5757,hsa-miR-200b-3p
969516,hsa-miR-532-5p
2767,hsa-miR-3162-5p
60750,hsa-miR-4476
6623,hsa-let-7i-5p
216239,hsa-miR-1291
2733526,hsa-miR-615-3p
5291,hsa-miR-183-5p
5311,hsa-miR-411-5p
2767,hsa-miR-103a-3p
36462,hsa-miR-106b-5p
5978,hsa-miR-138-5p
5291,hsa-miR-335-5p
3385,hsa-miR-181a-5p
969516,hsa-miR-216b-5p
6857599,hsa-miR-200c-3p
3220,hsa-miR-548c-5p
31703,hsa-miR-188-5p
47318,hsa-miR-20a-5p
3385,hsa-miR-4779
442428,hsa-miR-196b-5p
123631,hsa-miR-148a-3p
5746,hsa-miR-181d-5p
5978,hsa-miR-508-3p
47725,hsa-miR-200b-3p
969516,hsa-miR-24-3p
36314,hsa-miR-222-3p
31703,hsa-miR-500a-5p
5284616,hsa-miR-34b-3p
56842234,hsa-miR-221-3p
5978,hsa-miR-4311
2767,hsa-miR-520d-3p
60700,hsa-miR-34b-3p
5310940,hsa-miR-541-3p
6253,hsa-mir-196a-1
1548943,hsa-miR-520a-3p
3385,hsa-miR-378d
14888,hsa-miR-27a-3p
5746,hsa-miR-186-5p
2907,hsa-miR-21-5p
5329102,hsa-miR-214-3p
31703,hsa-miR-588
14888,hsa-miR-214-3p
119307,hsa-miR-193b-3p
5329102,hsa-miR-21-5p
97226,hsa-miR-361-3p
43815,hsa-let-7d-5p
2767,hsa-miR-501-5p
2733526,hsa-miR-891a-5p
36314,hsa-miR-122-5p
2520,hsa-miR-34a-5p
3385,hsa-miR-30e-5p
2520,hsa-miR-10a-5p
5793,hsa-miR-521
25227436,hsa-miR-326
36314,hsa-miR-1197
123631,hsa-miR-299-3p
135403648,hsa-miR-331-3p
6857599,hsa-miR-543
5310940,hsa-miR-558
5329102,hsa-miR-31-5p
2767,hsa-miR-551b-3p
60750,hsa-miR-190b-5p
2767,hsa-miR-92a-2-5p
2353,hsa-miR-21-5p
444732,hsa-miR-20b-5p
5994,hsa-miR-30e-5p
387447,hsa-miR-301a-3p
5360373,hsa-mir-199a-1
5394,hsa-miR-132-3p
5310940,hsa-miR-497-5p
119307,hsa-miR-150-3p
448537,hsa-miR-25-3p
6857599,hsa-miR-19b-3p
3385,hsa-miR-193a-3p
30323,hsa-miR-335-5p
3385,hsa-miR-155-5p
60823,hsa-miR-1539
5310940,hsa-miR-153-3p
3385,hsa-miR-10a-5p
148124,hsa-miR-99a-5p
2767,hsa-miR-296-5p
2767,hsa-miR-541-3p
2520,hsa-miR-99a-5p
148124,hsa-miR-337-3p
38904,hsa-miR-3183
14888,hsa-miR-23b-3p
31703,hsa-miR-199a-3p
60750,hsa-miR-1288-3p
2767,hsa-miR-26a-5p
31703,hsa-miR-891b
123631,hsa-miR-744-5p
5793,hsa-miR-449a
5997,hsa-miR-33b-5p
216239,hsa-miR-657
969516,hsa-miR-199a-3p
5793,hsa-miR-519d-3p
3385,hsa-miR-1976
60750,hsa-miR-4722-5p
23725625,hsa-miR-506-3p
60823,hsa-miR-1255a
2767,hsa-miR-3149
3385,hsa-miR-450a-5p
3385,hsa-miR-215-5p
176870,hsa-miR-497-5p
969516,hsa-miR-190a-5p
5994,hsa-miR-141-3p
3385,hsa-miR-296-5p
3385,hsa-miR-4689
41867,hsa-miR-28-5p
60750,hsa-miR-151a-3p
712,hsa-miR-181d-5p
108065,hsa-miR-323a-5p
5310940,hsa-miR-1238-3p
3229,hsa-miR-31-5p
60750,hsa-miR-650
119307,hsa-miR-361-3p
216239,hsa-miR-663a
6167,hsa-miR-25-3p
38904,hsa-miR-4285
5280961,hsa-miR-223-3p
712,hsa-miR-98-5p
2767,hsa-miR-30e-5p
445580,hsa-miR-374b-5p
135403648,hsa-miR-103a-2-5p
24180719,hsa-miR-132-3p
60750,hsa-miR-1908-5p
6857599,hsa-miR-21-5p
241,hsa-miR-130a-3p
712,hsa-miR-532-5p
24360,hsa-miR-125b-5p
119307,hsa-miR-128-3p
11226684,hsa-miR-200c-3p
44259,hsa-miR-145-5p
5310940,hsa-miR-27a-3p
5978,hsa-miR-501-5p
5310940,hsa-miR-219a-1-3p
5310940,hsa-miR-205-5p
1110,hsa-miR-31-5p
148124,hsa-miR-149-5p
3385,hsa-miR-147b-3p
108065,hsa-miR-190a-5p
135403648,hsa-miR-26b-5p
31703,hsa-miR-520d-3p
36314,hsa-miR-181a-5p
31703,hsa-miR-487b-3p
38904,hsa-miR-642a-5p
60780,hsa-miR-516a-5p
5291,hsa-miR-362-5p
6857599,hsa-miR-103a-3p
25227436,hsa-miR-126-3p
11228183,hsa-miR-193b-3p
5793,hsa-miR-409-5p
135403648,hsa-miR-30e-5p
3385,hsa-miR-1912-3p
60750,hsa-miR-4787-5p
24978538,hsa-miR-29b-2-5p
6253,hsa-miR-155-5p
148124,hsa-miR-489-3p
38904,hsa-miR-181a-5p
657237,hsa-miR-29a-3p
442972,hsa-miR-126-3p
60750,hsa-miR-27a-3p
3385,hsa-miR-550a-5p
3385,hsa-miR-185-5p
36314,hsa-miR-134-5p
123631,hsa-miR-181c-3p
448537,hsa-miR-370-3p
5793,hsa-miR-542-5p
3385,hsa-miR-3659
54670067,hsa-miR-490-3p
3385,hsa-miR-200c-3p
2375,hsa-miR-200a-3p
5311,hsa-miR-516a-5p
216239,hsa-miR-219a-1-3p
6623,hsa-miR-26b-5p
5291,hsa-miR-9-5p
6857599,hsa-miR-133b
145858,hsa-miR-335-5p
2767,hsa-miR-196b-3p
31703,hsa-miR-362-5p
5994,hsa-miR-323a-5p
2767,hsa-miR-31-5p
31703,hsa-miR-454-3p
2767,hsa-miR-155-5p
5284373,hsa-miR-93-5p
448537,hsa-miR-146b-5p
123631,hsa-miR-130a-3p
2375,hsa-miR-9-3p
7222,hsa-miR-195-5p
5288826,hsa-miR-132-3p
5311,hsa-miR-595
444732,hsa-miR-221-3p
4091,hsa-miR-15a-5p
31703,hsa-miR-143-3p
969516,hsa-miR-196a-5p
2767,hsa-miR-224-5p
446220,hsa-miR-212-3p
54670067,hsa-miR-339-3p
3385,hsa-miR-99b-5p
451668,hsa-miR-103a-3p
5310940,hsa-miR-625-5p
31703,hsa-miR-296-5p
60750,hsa-miR-3126-5p
448537,hsa-miR-645
123631,hsa-miR-140-5p
31703,hsa-miR-96-5p
5793,hsa-miR-544a
148124,hsa-miR-199a-5p
5978,hsa-miR-30b-5p
60823,hsa-miR-658
176870,hsa-miR-200c-3p
2767,hsa-miR-485-3p
3385,hsa-miR-4288
2767,hsa-miR-27b-3p
108065,hsa-miR-30c-1-3p
2733526,hsa-miR-105-5p
123631,hsa-miR-30c-5p
36462,hsa-miR-298
5310940,hsa-miR-30c-5p
2767,hsa-miR-873-5p
5291,hsa-miR-1268a
2520,hsa-miR-143-3p
5757,hsa-miR-21-5p
148124,hsa-miR-20a-5p
36314,hsa-miR-130b-3p
60750,hsa-miR-203a-3p
148124,hsa-miR-130a-3p
5394,hsa-miR-137-3p
9826528,hsa-miR-141-3p
36314,hsa-miR-204-5p
5757,hsa-miR-132-3p
712,hsa-miR-10a-5p
5310940,hsa-mir-1255b-1
60750,hsa-miR-4466
2767,hsa-miR-218-5p
91820602,hsa-miR-145-5p
5311,hsa-miR-19a-3p
3220,hsa-miR-222-3p
689043,hsa-let-7b-3p
216239,hsa-miR-425-5p
3385,hsa-miR-378g
2767,hsa-miR-125b-1-3p
36314,hsa-miR-142-5p
451668,hsa-miR-638
60750,hsa-miR-3621
4763,hsa-miR-19a-3p
6442177,hsa-miR-100-5p
24180719,hsa-miR-99a-5p
3690,hsa-miR-422a
3385,hsa-miR-182-5p
5793,hsa-miR-548d-5p
969516,hsa-miR-34b-5p
5284373,hsa-miR-24-3p
444732,hsa-miR-202-5p
2767,hsa-miR-1238-3p
6253,hsa-miR-10a-5p
5310940,hsa-miR-483-3p
5793,hsa-miR-199a-5p
445580,hsa-miR-191-5p
36314,hsa-miR-3163
5793,hsa-miR-579-3p
5310940,hsa-miR-200a-3p
5793,hsa-miR-520e-3p
4095,hsa-miR-124-3p
24180719,hsa-miR-4745-3p
13089,hsa-miR-27b-3p
119307,hsa-miR-92a-3p
5793,hsa-miR-760
148124,hsa-miR-135a-5p
148124,hsa-miR-26a-5p
448537,hsa-miR-345-5p
36462,hsa-miR-29c-3p
3071,hsa-miR-92a-3p
3385,hsa-miR-4716-3p
36314,hsa-miR-23c
969516,hsa-miR-155-5p
2767,hsa-miR-128-3p
3385,hsa-miR-15b-5p
3385,hsa-miR-4787-5p
2767,hsa-miR-92b-3p
5280453,hsa-miR-20b-5p
5978,hsa-miR-203a-3p
24288,hsa-miR-124-3p
60750,hsa-miR-3184-5p
31703,hsa-miR-520f-3p
5280453,hsa-miR-629-3p
148124,hsa-miR-212-3p
135403648,hsa-miR-10b-5p
3386,hsa-miR-124-3p
28486,hsa-miR-221-3p
2520,hsa-miR-629-5p
969516,hsa-let-7a-5p
36314,hsa-miR-181b-5p
37542,hsa-miR-27b-3p
36462,hsa-miR-758-3p
387447,hsa-miR-33b-5p
5291,hsa-miR-17-5p
5978,hsa-miR-1275
5394,hsa-miR-193b-5p
60750,hsa-miR-133a-3p
91820602,hsa-miR-27b-3p
2733526,hsa-miR-939-5p
5329102,hsa-miR-628-3p
5793,hsa-miR-454-5p
5793,hsa-miR-381-3p
2520,hsa-miR-25-3p
5790,hsa-miR-23a-5p
3652,hsa-let-7a-5p
60750,hsa-miR-602
5288826,hsa-miR-107
3385,hsa-miR-876-3p
148124,hsa-miR-503-5p
712,hsa-miR-374a-5p
36314,hsa-miR-96-5p
444732,hsa-miR-199a-5p
5311,hsa-miR-502-3p
5310940,hsa-miR-1257
31703,hsa-miR-9-5p
5793,hsa-miR-346
24180719,hsa-let-7e-5p
2733526,hsa-miR-769-5p
5978,hsa-miR-155-5p
171548,hsa-miR-539-5p
712,hsa-miR-148b-3p
2520,hsa-miR-29c-3p
5310940,hsa-miR-1265
5394,hsa-miR-193a-3p
104746,hsa-miR-125b-5p
148124,hsa-miR-200b-3p
31703,hsa-miR-520h
31703,hsa-miR-153-3p
5978,hsa-miR-137-3p
3385,hsa-miR-4749-3p
31703,hsa-miR-34a-5p
104758,hsa-miR-215-5p
5793,hsa-miR-199b-5p
446556,hsa-miR-22-3p
4091,hsa-miR-200b-3p
104741,hsa-let-7c-5p
31703,hsa-miR-574-3p
119307,hsa-miR-107
60750,hsa-miR-16-5p
31703,hsa-miR-1269b
5291,hsa-miR-193b-3p
969516,hsa-miR-181a-3p
2336,hsa-miR-25-3p
97226,hsa-miR-543
3385,hsa-miR-519c-5p
2733526,hsa-miR-19a-3p
445154,hsa-miR-622
2767,hsa-miR-486-5p
2733526,hsa-miR-518b
119307,hsa-miR-31-3p
5291,hsa-miR-324-5p
148124,hsa-miR-193b-3p
60750,hsa-miR-223-3p
2767,hsa-miR-150-5p
135403648,hsa-miR-122-5p
31703,hsa-miR-654-5p
448537,hsa-miR-657
2767,hsa-miR-217-5p
31703,hsa-miR-3654
449171,hsa-miR-17-5p
3385,hsa-miR-99a-5p
387447,hsa-miR-30e-5p
31703,hsa-miR-643
3385,hsa-miR-301a-3p
445580,hsa-miR-221-3p
6857599,hsa-miR-99a-5p
5757,hsa-miR-518c-5p
444732,hsa-miR-632
2520,hsa-miR-206
5310940,hsa-miR-1247-5p
3385,hsa-miR-335-5p
97226,hsa-miR-636
3385,hsa-miR-433-3p
442428,hsa-miR-197-3p
3385,hsa-miR-4723-3p
442428,hsa-miR-135b-5p
5793,hsa-miR-133a-3p
2767,hsa-miR-423-5p
2767,hsa-miR-601
60823,hsa-miR-601
712,hsa-miR-424-5p
5997,hsa-miR-144-3p
712,hsa-miR-331-3p
2520,hsa-miR-15a-5p
6253,hsa-miR-126-3p
5310940,hsa-miR-639
229455,hsa-miR-19b-3p
3385,hsa-miR-4693-5p
5746,hsa-miR-584-5p
3385,hsa-miR-30d-5p
31703,hsa-miR-409-5p
4891,hsa-miR-146a-5p
5311,hsa-miR-24-1-5p
148124,hsa-miR-34b-3p
36314,hsa-miR-4653-5p
451668,hsa-miR-23b-3p
2733526,hsa-miR-16-5p
36314,hsa-miR-1908-5p
135403648,hsa-miR-29c-3p
5394,hsa-miR-10a-5p
60750,hsa-miR-3141
46843772,hsa-let-7a-5p
38904,hsa-miR-193b-3p
241,hsa-miR-543
31703,hsa-miR-944
43815,hsa-miR-625-5p
89594,hsa-miR-21-5p
5997,hsa-miR-223-3p
5978,hsa-miR-194-5p
5816,hsa-miR-320a-3p
448537,hsa-miR-92a-1-5p
31703,hsa-miR-3186-3p
41867,hsa-miR-27b-3p
448537,hsa-miR-520f-3p
31703,hsa-miR-181c-5p
5978,hsa-miR-4728-3p
14888,hsa-miR-17-5p
451668,hsa-miR-182-5p
5310940,hsa-miR-939-5p
216239,hsa-miR-106b-5p
2767,hsa-miR-106a-3p
60780,hsa-miR-200c-3p
2767,hsa-miR-194-5p
14888,hsa-miR-32-5p
60750,hsa-miR-371a-5p
5755,hsa-miR-335-5p
60750,hsa-miR-1248
13342,hsa-miR-27b-3p
14888,hsa-miR-140-5p
5793,hsa-miR-208a-3p
2767,hsa-miR-148b-3p
657237,hsa-miR-181a-5p
5310940,hsa-miR-181d-5p
119307,hsa-miR-1207-5p
2375,hsa-miR-218-5p
2767,hsa-miR-138-5p
5394,hsa-miR-203a-3p
36462,hsa-miR-198
5978,hsa-miR-4258
60953,hsa-miR-215-5p
2733526,hsa-miR-519a-3p
2733526,hsa-miR-378a-3p
712,hsa-miR-185-5p
36314,hsa-miR-146a-5p
5310940,hsa-miR-619-3p
31703,hsa-miR-637
36314,hsa-miR-922
3385,hsa-miR-147a
5757,hsa-miR-320a-3p
4212,hsa-miR-302d-3p
3385,hsa-miR-194-5p
3385,hsa-miR-766-3p
241,hsa-miR-320b
9064,hsa-miR-486-5p
60750,hsa-miR-92b-3p
2767,hsa-miR-190a-5p
60823,hsa-miR-892b
3385,hsa-miR-877-5p
5329102,hsa-miR-564
31703,hsa-miR-139-5p
60780,hsa-miR-518f-3p
3385,hsa-miR-103a-3p
41867,hsa-miR-302b-3p
97226,hsa-miR-758-3p
969516,hsa-miR-374a-5p
5310940,hsa-miR-192-5p
5280795,hsa-miR-766-3p
2767,hsa-miR-877-5p
5978,hsa-miR-30c-5p
31703,hsa-miR-541-3p
5793,hsa-miR-485-5p
5318517,hsa-miR-218-5p
2520,hsa-miR-330-3p
10621,hsa-miR-26b-3p
387447,hsa-miR-125b-5p
2375,hsa-miR-144-3p
31703,hsa-miR-217-5p
176870,hsa-miR-135b-5p
451668,hsa-miR-107
25244711,hsa-miR-650
4891,hsa-miR-223-3p
1175,hsa-miR-155-5p
5394,hsa-miR-455-5p
5288826,hsa-miR-30c-5p
5291,hsa-miR-146a-5p
31703,hsa-miR-129-5p
5291,hsa-let-7d-5p
2767,hsa-miR-29a-3p
119307,hsa-miR-210-3p
5865,hsa-miR-532-5p
2767,hsa-miR-708-5p
3385,hsa-miR-940
3385,hsa-miR-617
5978,hsa-miR-148a-3p
5311,hsa-miR-936
5757,hsa-let-7d-5p
5310940,hsa-miR-99b-5p
969516,hsa-miR-93-5p
31703,hsa-miR-613
2767,hsa-miR-455-3p
3385,hsa-miR-559
5284616,hsa-miR-99a-5p
148124,hsa-miR-135b-5p
5978,hsa-miR-106a-5p
5743,hsa-miR-125b-5p
5746,hsa-miR-26b-5p
3385,hsa-miR-4676-5p
2767,hsa-miR-411-3p
123631,hsa-miR-125b-5p
31703,hsa-miR-29c-3p
60750,hsa-miR-3937
60750,hsa-miR-4685-5p
5310940,hsa-miR-135a-5p
387447,hsa-miR-1246
3385,hsa-miR-3178
135403648,hsa-miR-103a-3p
60750,hsa-miR-576-5p
9064,hsa-miR-133b
36314,hsa-miR-346
54670067,hsa-miR-630
3385,hsa-miR-338-3p
60823,hsa-miR-190b-5p
5329102,hsa-miR-501-5p
712,hsa-miR-550a-3p
119307,hsa-miR-100-5p
31703,hsa-miR-591
36314,hsa-miR-4653-3p
3385,hsa-miR-3152-3p
5793,hsa-miR-1-3p
5310940,hsa-miR-151a-3p
2767,hsa-miR-320c
3229,hsa-miR-125b-5p
31703,hsa-miR-4284
176870,hsa-miR-223-3p
3385,hsa-miR-148b-3p
60823,hsa-miR-221-3p
38904,hsa-miR-653-5p
5394,hsa-miR-26a-5p
36462,hsa-miR-484
14888,hsa-miR-222-5p
36314,hsa-miR-3161
3385,hsa-miR-4759
60750,hsa-miR-346
4091,hsa-miR-192-5p
60750,hsa-miR-30a-5p
54670067,hsa-miR-135a-5p
712,hsa-miR-361-5p
2520,hsa-miR-526b-5p
97226,hsa-miR-99b-5p
5291,hsa-miR-301a-3p
5755,hsa-let-7c-5p
31703,hsa-miR-367-3p
2520,hsa-miR-655-3p
73581,hsa-miR-27b-3p
36314,hsa-miR-210-3p
3385,hsa-miR-1229-3p
123631,hsa-miR-1255b-5p
702,hsa-miR-32-5p
31703,hsa-miR-888-5p
3385,hsa-miR-1236-3p
148124,hsa-miR-196b-5p
5310940,hsa-miR-1281
148124,hsa-miR-197-3p
216239,hsa-miR-148b-3p
5291,hsa-miR-365a-3p
3385,hsa-miR-378i
60750,hsa-miR-196b-5p
43815,hsa-miR-629-5p
5291,hsa-miR-146b-5p
135403648,hsa-miR-133b
31703,hsa-miR-320a-3p
31703,hsa-miR-203a-3p
2767,hsa-miR-380-5p
5755,hsa-miR-203a-3p
31703,hsa-miR-448
3652,hsa-miR-155-5p
119307,hsa-miR-4284
712,hsa-miR-106b-5p
5280343,hsa-miR-99b-5p
13342,hsa-let-7g-5p
5994,hsa-miR-130a-3p
442972,hsa-miR-17-5p
31703,hsa-miR-431-5p
3385,hsa-miR-3662
14888,hsa-miR-20b-5p
123631,hsa-miR-766-3p
2520,hsa-miR-302a-3p
6041,hsa-miR-23a-3p
36314,hsa-miR-4478
60750,hsa-let-7f-2-3p
5793,hsa-miR-34c-5p
2520,hsa-miR-520g-3p
135403648,hsa-miR-125b-5p
2767,hsa-miR-545-3p
6857599,hsa-miR-30e-5p
5310940,hsa-miR-328-3p
24180719,hsa-miR-3651
2767,hsa-miR-519c-3p
135403648,hsa-miR-30a-5p
5743,hsa-miR-23a-3p
36314,hsa-miR-125b-5p
119307,hsa-miR-365a-3p
4624,hsa-miR-875-3p
123631,hsa-miR-181b-5p
24180719,hsa-miR-361-5p
148124,hsa-miR-210-3p
3385,hsa-miR-4535
36314,hsa-miR-20a-5p
60750,hsa-miR-873-5p
36462,hsa-miR-518f-3p
2375,hsa-miR-125b-5p
123631,hsa-miR-125b-1-3p
3220,hsa-miR-323b-5p
3220,hsa-miR-18b-3p
97226,hsa-miR-200a-3p
6013,hsa-miR-15b-5p
60198,hsa-miR-128-3p
24180719,hsa-miR-328-3p
60823,hsa-miR-146b-5p
3385,hsa-miR-10a-3p
5291,hsa-miR-1225-5p
5757,hsa-miR-126-3p
148124,hsa-miR-152-3p
123631,hsa-miR-142-5p
9064,hsa-miR-190b-5p
31703,hsa-miR-300
5865,hsa-miR-138-1-3p
60750,hsa-miR-4791
176870,hsa-miR-139-5p
5310940,hsa-miR-141-3p
148124,hsa-miR-30e-5p
5978,hsa-miR-199b-5p
123596,hsa-miR-146a-5p
60750,hsa-miR-154-5p
5793,hsa-miR-190a-5p
5310940,hsa-miR-99a-5p
5280795,hsa-miR-548b-3p
31703,hsa-miR-577
31703,hsa-miR-642a-5p
216326,hsa-miR-34a-5p
2733526,hsa-miR-330-3p
3385,hsa-miR-30b-5p
2767,hsa-miR-450b-5p
24180719,hsa-miR-192-5p
5743,hsa-miR-21-5p
5793,hsa-miR-138-5p
216239,hsa-miR-30a-3p
2767,hsa-miR-93-5p
148124,hsa-miR-424-5p
2520,hsa-miR-760
47725,hsa-miR-149-5p
60750,hsa-miR-519d-3p
5793,hsa-miR-885-3p
31703,hsa-miR-19a-3p
60750,hsa-miR-342-3p
5283344,hsa-miR-339-5p
6857599,hsa-let-7i-5p
10635,hsa-miR-222-3p
5793,hsa-miR-887-5p
60750,hsa-miR-497-5p
3220,hsa-miR-199a-3p
60700,hsa-miR-518c-3p
3385,hsa-miR-889-5p
2767,hsa-miR-320a-3p
3385,hsa-miR-3194-5p
123631,hsa-miR-31-5p
5283344,hsa-miR-663a
60750,hsa-miR-584-5p
5310940,hsa-miR-361-5p
5280961,hsa-miR-1260b
5994,hsa-miR-625-3p
5283344,hsa-miR-454-3p
47725,hsa-miR-148a-3p
24978538,hsa-miR-148b-3p
5978,hsa-miR-454-3p
3385,hsa-miR-340-5p
2767,hsa-miR-4639-5p
36314,hsa-miR-367-3p
2767,hsa-miR-24-3p
38904,hsa-miR-621
702,hsa-miR-542-3p
5978,hsa-miR-1256
31703,hsa-miR-494-3p
36314,hsa-miR-744-5p
36314,hsa-miR-484
444732,hsa-miR-568
38904,hsa-miR-592
31703,hsa-miR-142-3p
216239,hsa-miR-181a-5p
216239,hsa-miR-100-5p
5789,hsa-miR-21-5p
148124,hsa-miR-31-5p
2767,hsa-miR-30c-5p
2767,hsa-miR-20a-5p
4641,hsa-miR-150-5p
126941,hsa-miR-361-5p
2733526,hsa-miR-181d-5p
104741,hsa-miR-196a-5p
126941,hsa-miR-205-5p
241,hsa-miR-205-5p
702,hsa-miR-668-3p
5746,hsa-miR-15a-5p
123631,hsa-miR-10b-5p
36314,hsa-let-7a-5p
451668,hsa-miR-320a-3p
2733526,hsa-miR-200b-3p
2520,hsa-let-7e-5p
2375,hsa-miR-551b-3p
2767,hsa-miR-944
