31703,hsa-mir-29a
3385,hsa-mir-146a
2767,hsa-mir-181d
31703,hsa-mir-125a
176870,hsa-mir-429
2767,hsa-mir-522
5310940,hsa-mir-630
31703,hsa-mir-29a
2767,hsa-mir-10b
148124,hsa-mir-381
60750,hsa-mir-21
31703,hsa-mir-26b
31703,hsa-let-7a-1
31703,hsa-mir-141
2520,hsa-mir-545
126941,hsa-mir-140
31703,hsa-mir-370
36314,hsa-mir-144
2767,hsa-mir-637
5310940,hsa-mir-326
2767,hsa-mir-21
31703,hsa-mir-205
5865,hsa-mir-33a
31703,hsa-mir-30d
2520,hsa-mir-301b
5310940,hsa-mir-335
5310940,hsa-mir-1293
3385,hsa-mir-500a
2767,hsa-mir-99a
60750,hsa-mir-4257
5310940,hsa-mir-151a
91820602,hsa-mir-769
91820602,hsa-mir-212
36462,hsa-mir-100
3385,hsa-mir-25
31703,hsa-mir-424
3385,hsa-mir-3162
5865,hsa-mir-214
31703,hsa-mir-411
60750,hsa-mir-518f
36314,hsa-mir-34c
2767,hsa-mir-375
31703,hsa-let-7e
60750,hsa-mir-20a
2767,hsa-let-7f-1
36314,hsa-mir-363
216239,hsa-mir-425
5310940,hsa-mir-365a
2767,hsa-mir-190a
60750,hsa-mir-21
2520,hsa-mir-182
31703,hsa-mir-338
31703,hsa-mir-18a
97226,hsa-mir-200a
2767,hsa-mir-27b
2767,hsa-mir-100
38904,hsa-mir-30b
31703,hsa-mir-4284
60750,hsa-mir-17
5329102,hsa-mir-150
2767,hsa-mir-222
5310940,hsa-mir-34c
31703,hsa-mir-4285
5310940,hsa-mir-658
5310940,hsa-mir-1468
31703,hsa-mir-3654
123631,hsa-let-7c
2733526,hsa-mir-20a
6253,hsa-mir-21
444795,hsa-mir-375
31703,hsa-mir-188
36314,hsa-mir-301a
5291,hsa-mir-146a
148124,hsa-mir-149
123631,hsa-mir-126
3385,hsa-mir-331
2767,hsa-mir-19a
2520,hsa-mir-31
3385,hsa-mir-3620
31703,hsa-mir-4448
2767,hsa-mir-20b
31703,hsa-let-7i
123631,hsa-mir-497
5394,hsa-mir-21
2767,hsa-mir-373
31703,hsa-mir-505
5978,hsa-mir-429
60750,hsa-mir-224
123631,hsa-mir-30b
36314,hsa-mir-4788
31703,hsa-mir-19a
60750,hsa-mir-34a
5310940,hsa-mir-126
31703,hsa-mir-4430
24180719,hsa-mir-361
60750,hsa-mir-1202
176870,hsa-mir-135b
148124,hsa-mir-205
2767,hsa-mir-503
5310940,hsa-mir-663b
2520,hsa-mir-491
5978,hsa-mir-497
2733526,hsa-mir-21
31703,hsa-mir-203a
3385,hsa-mir-425
31703,hsa-mir-495
60750,hsa-mir-33b
3385,hsa-mir-30b
148124,hsa-mir-429
5746,hsa-mir-612
5978,hsa-mir-1236
31703,hsa-mir-182
91820602,hsa-mir-21
148124,hsa-mir-148a
5978,hsa-mir-27a
91820602,hsa-mir-152
2767,hsa-mir-574
3385,hsa-mir-328
31703,hsa-mir-200c
2767,hsa-mir-21
2767,hsa-mir-141
36314,hsa-mir-99b
5746,hsa-mir-4258
60750,hsa-mir-4279
60750,hsa-mir-152
2520,hsa-mir-542
2767,hsa-mir-149
2767,hsa-mir-205
5746,hsa-mir-30b
91820602,hsa-mir-654
5978,hsa-mir-125a
2767,hsa-mir-532
60750,hsa-mir-4710
5978,hsa-let-7e
123631,hsa-mir-145
2767,hsa-let-7c
97226,hsa-mir-506
60750,hsa-mir-665
31703,hsa-mir-137
97226,hsa-mir-7-1
5284583,hsa-mir-374a
2520,hsa-mir-765
31703,hsa-mir-193b
2767,hsa-mir-27b
2767,hsa-mir-320a
176870,hsa-mir-205
3385,hsa-mir-34a
216239,hsa-mir-30a
31703,hsa-mir-21
60750,hsa-mir-203a
5310940,hsa-mir-29c
2767,hsa-mir-525
31703,hsa-mir-190a
2767,hsa-mir-98
3385,hsa-mir-18b
60750,hsa-let-7d
2767,hsa-mir-362
5394,hsa-mir-193a
36314,hsa-mir-217
30323,hsa-mir-126
3385,hsa-mir-98
5310940,hsa-mir-663a
216239,hsa-mir-192
5310940,hsa-mir-99b
3385,hsa-mir-873
60750,hsa-mir-221
5978,hsa-mir-497
31703,hsa-mir-181d
5978,hsa-mir-145
31703,hsa-mir-571
3385,hsa-mir-130a
2767,hsa-mir-492
31703,hsa-mir-451a
3385,hsa-mir-324
5291,hsa-mir-664a
31703,hsa-mir-214
5310940,hsa-mir-147a
2767,hsa-let-7d
3385,hsa-mir-18a
60750,hsa-mir-18b
31703,hsa-mir-206
36314,hsa-mir-139
3385,hsa-mir-4497
2767,hsa-mir-302a
123631,hsa-let-7e
2520,hsa-mir-320a
9903,hsa-mir-223
2767,hsa-mir-200c
31703,hsa-mir-4501
2767,hsa-mir-130a
60750,hsa-mir-224
36462,hsa-mir-424
2767,hsa-mir-675
60750,hsa-mir-3940
2767,hsa-mir-429
60780,hsa-mir-517a
2907,hsa-mir-21
6253,hsa-let-7a-1
31703,hsa-mir-106a
38904,hsa-mir-1915
30323,hsa-mir-454
60750,hsa-mir-195
2767,hsa-mir-648
148124,hsa-mir-31
148124,hsa-mir-222
3385,hsa-mir-1915
5310940,hsa-mir-1258
2767,hsa-mir-10b
3385,hsa-mir-20b
5310940,hsa-mir-1207
3385,hsa-mir-145
31703,hsa-mir-382
23725625,hsa-mir-182
5310940,hsa-mir-1207
5291,hsa-mir-148b
5978,hsa-mir-485
38904,hsa-mir-300
5329102,hsa-mir-370
3385,hsa-mir-93
2520,hsa-mir-7-1
31703,hsa-mir-21
2733526,hsa-mir-141
123631,hsa-mir-221
2520,hsa-mir-200a
97226,hsa-mir-452
442972,hsa-mir-146a
3385,hsa-mir-4723
31703,hsa-mir-297
2767,hsa-mir-22
2733526,hsa-mir-200a
5329102,hsa-mir-30d
5310940,hsa-mir-877
5978,hsa-mir-766
31703,hsa-mir-27b
5978,hsa-let-7c
36314,hsa-mir-1-1
148124,hsa-mir-203a
2767,hsa-mir-106a
2520,hsa-mir-505
387447,hsa-mir-19a
2520,hsa-mir-412
5310940,hsa-mir-200c
5291,hsa-mir-10a
60750,hsa-mir-185
148124,hsa-mir-301a
36314,hsa-mir-135b
5978,hsa-mir-222
2767,hsa-mir-342
31703,hsa-mir-615
60750,hsa-mir-4516
31703,hsa-mir-21
60750,hsa-mir-18a
126941,hsa-mir-27b
31703,hsa-mir-133b
2733526,hsa-mir-361
2733526,hsa-mir-222
5310940,hsa-mir-26b
2733526,hsa-let-7b
60750,hsa-mir-31
91820602,hsa-mir-182
3385,hsa-mir-22
5310940,hsa-mir-221
31703,hsa-mir-323a
60750,hsa-mir-152
31703,hsa-mir-522
2767,hsa-mir-200b
31703,hsa-mir-100
2767,hsa-mir-29a
36314,hsa-mir-338
3385,hsa-mir-372
148124,hsa-mir-141
60750,hsa-mir-4739
2520,hsa-mir-214
3385,hsa-mir-4646
31703,hsa-mir-143
36314,hsa-mir-208a
5291,hsa-mir-210
5310940,hsa-mir-92b
5394,hsa-mir-193b
31703,hsa-mir-23a
2520,hsa-mir-155
31703,hsa-mir-30a
31703,hsa-mir-380
5310940,hsa-mir-504
148124,hsa-mir-24-1
31703,hsa-mir-146a
31703,hsa-mir-489
36314,hsa-mir-27a
5978,hsa-mir-1908
3385,hsa-mir-145
31703,hsa-mir-16-1
2767,hsa-mir-542
31703,hsa-mir-196b
5865,hsa-mir-876
5978,hsa-mir-7-1
2767,hsa-mir-214
387447,hsa-mir-33b
2767,hsa-mir-222
2767,hsa-mir-135b
31703,hsa-mir-379
2767,hsa-mir-374a
31703,hsa-mir-145
43815,hsa-mir-30d
36314,hsa-mir-1246
3385,hsa-mir-4638
2767,hsa-mir-630
2733526,hsa-mir-19a
5291,hsa-mir-150
2767,hsa-mir-145
2520,hsa-mir-96
2733526,hsa-mir-522
176870,hsa-let-7c
3385,hsa-mir-323a
36314,hsa-mir-21
31703,hsa-mir-494
36314,hsa-mir-29a
2767,hsa-mir-20b
60750,hsa-mir-18a
2520,hsa-mir-34a
36314,hsa-mir-376b
36314,hsa-mir-137
3385,hsa-mir-3126
36314,hsa-mir-20b
5978,hsa-mir-1246
2767,hsa-mir-23a
3385,hsa-mir-593
2767,hsa-mir-638
5978,hsa-mir-3149
2767,hsa-mir-1299
36314,hsa-mir-19a
5310940,hsa-mir-16-2
5865,hsa-mir-21
5329102,hsa-mir-1825
60750,hsa-mir-346
31703,hsa-mir-542
2767,hsa-mir-21
2520,hsa-mir-373
126941,hsa-mir-215
36314,hsa-mir-146a
2767,hsa-mir-491
2767,hsa-let-7c
5310940,hsa-mir-1287
41867,hsa-mir-205
4212,hsa-mir-302c
3385,hsa-mir-3131
2767,hsa-mir-365a
2767,hsa-mir-29c
31703,hsa-mir-92b
123631,hsa-mir-660
60750,hsa-mir-873
31703,hsa-mir-769
2767,hsa-mir-363
60750,hsa-mir-126
148124,hsa-mir-145
60750,hsa-mir-143
36314,hsa-mir-491
2767,hsa-mir-200c
2520,hsa-mir-591
2767,hsa-mir-4284
31703,hsa-mir-150
60750,hsa-mir-143
3385,hsa-mir-378a
2767,hsa-mir-520h
2767,hsa-mir-520a
60750,hsa-mir-222
60750,hsa-mir-484
31703,hsa-mir-1238
36314,hsa-mir-625
31703,hsa-mir-140
2767,hsa-mir-23a
38904,hsa-mir-653
43815,hsa-mir-328
2520,hsa-mir-425
2767,hsa-mir-200a
5329102,hsa-mir-454
31703,hsa-mir-155
60750,hsa-mir-4685
5746,hsa-mir-34a
3385,hsa-mir-223
31703,hsa-mir-877
387447,hsa-mir-1207
5291,hsa-mir-130a
36314,hsa-mir-2277
2767,hsa-mir-155
2767,hsa-mir-493
2767,hsa-mir-204
36314,hsa-mir-200a
5394,hsa-mir-16-1
2767,hsa-mir-132
31703,hsa-mir-122
2767,hsa-mir-423
2767,hsa-mir-136
5310940,hsa-mir-1299
2520,hsa-mir-216a
5291,hsa-mir-188
60750,hsa-mir-3621
43815,hsa-mir-30b
31703,hsa-mir-615
31703,hsa-mir-519b
60780,hsa-mir-200c
37542,hsa-mir-143
148124,hsa-mir-203a
60750,hsa-mir-210
60750,hsa-mir-34a
5329102,hsa-mir-30b
2520,hsa-mir-767
36314,hsa-mir-126
36314,hsa-mir-1204
31703,hsa-mir-299
31703,hsa-mir-34c
31703,hsa-mir-200c
36314,hsa-mir-188
31703,hsa-mir-224
36314,hsa-mir-15b
36314,hsa-mir-145
2520,hsa-mir-30a
2767,hsa-mir-541
36314,hsa-mir-592
216239,hsa-mir-122
2520,hsa-mir-339
2767,hsa-mir-21
5978,hsa-mir-126
3385,hsa-mir-130a
31703,hsa-mir-20b
31703,hsa-mir-496
31703,hsa-mir-588
2767,hsa-mir-183
5291,hsa-mir-181d
5310940,hsa-mir-561
3062316,hsa-mir-217
2767,hsa-mir-22
31703,hsa-mir-410
5310940,hsa-mir-639
3385,hsa-mir-4707
2767,hsa-mir-27b
2767,hsa-mir-148a
2767,hsa-mir-193a
24978538,hsa-mir-661
31703,hsa-mir-643
5310940,hsa-mir-301a
60750,hsa-mir-1307
60750,hsa-mir-20b
31703,hsa-let-7e
36462,hsa-mir-455
31703,hsa-mir-539
2767,hsa-mir-216a
36314,hsa-mir-330
3385,hsa-mir-10b
5978,hsa-mir-1229
36314,hsa-mir-16-1
24180719,hsa-mir-504
31703,hsa-mir-3131
6505803,hsa-mir-134
91820602,hsa-mir-125a
2767,hsa-mir-1321
38904,hsa-mir-193b
2767,hsa-mir-297
148124,hsa-mir-95
31703,hsa-let-7i
31703,hsa-mir-409
60750,hsa-mir-190b
38904,hsa-mir-16-1
60750,hsa-mir-3126
31703,hsa-mir-452
5310940,hsa-mir-150
60750,hsa-mir-3682
2767,hsa-let-7i
148124,hsa-mir-193b
9903,hsa-mir-21
5329102,hsa-mir-155
5310940,hsa-mir-661
31703,hsa-mir-155
5310940,hsa-mir-1225
216239,hsa-mir-136
36314,hsa-mir-3065
2733526,hsa-mir-151a
148124,hsa-mir-205
31703,hsa-mir-30a
36314,hsa-mir-335
36314,hsa-mir-27b
60750,hsa-mir-4483
60750,hsa-mir-425
2767,hsa-mir-320e
60750,hsa-let-7i
36314,hsa-mir-106a
31703,hsa-mir-370
2733526,hsa-mir-15a
24180719,hsa-mir-23b
31703,hsa-mir-429
3385,hsa-mir-130b
60750,hsa-mir-4695
31703,hsa-mir-96
442972,hsa-mir-144
60750,hsa-mir-4745
2767,hsa-mir-708
2520,hsa-mir-302a
31703,hsa-mir-132
24180719,hsa-mir-96
2767,hsa-mir-200c
2767,hsa-mir-429
36314,hsa-mir-200c
126941,hsa-mir-455
5310940,hsa-mir-32
36314,hsa-let-7d
176870,hsa-mir-155
2767,hsa-mir-15b
31703,hsa-mir-520f
5310940,hsa-mir-1468
31703,hsa-mir-27a
2520,hsa-mir-431
2767,hsa-mir-136
2767,hsa-let-7g
2767,hsa-mir-107
36314,hsa-mir-342
31703,hsa-mir-491
2907,hsa-mir-187
5310940,hsa-mir-1304
5394,hsa-mir-203a
36462,hsa-mir-501
5310940,hsa-mir-375
2767,hsa-mir-18b
2520,hsa-mir-31
31703,hsa-mir-107
30323,hsa-mir-100
2767,hsa-mir-518c
36314,hsa-mir-221
2767,hsa-mir-146b
24180719,hsa-mir-660
126941,hsa-mir-615
36314,hsa-mir-589
3385,hsa-mir-494
5310940,hsa-mir-892b
31703,hsa-mir-23b
3385,hsa-mir-378i
176870,hsa-mir-34a
3385,hsa-mir-296
2520,hsa-mir-370
31703,hsa-mir-494
148124,hsa-mir-30a
148124,hsa-mir-151a
60750,hsa-mir-378a
5310940,hsa-mir-1-1
5329102,hsa-mir-31
60750,hsa-mir-4713
31703,hsa-mir-195
36314,hsa-mir-197
31703,hsa-mir-28
36462,hsa-mir-17
5394,hsa-mir-497
2767,hsa-mir-205
2767,hsa-mir-331
2767,hsa-mir-370
2733526,hsa-mir-518f
2767,hsa-mir-27b
31703,hsa-mir-187
2767,hsa-mir-96
31703,hsa-mir-221
216239,hsa-mir-130b
2767,hsa-mir-204
5394,hsa-mir-503
2767,hsa-mir-26b
60750,hsa-mir-15b
31703,hsa-mir-487b
3385,hsa-mir-223
3385,hsa-mir-147b
2767,hsa-mir-455
31703,hsa-mir-28
36314,hsa-mir-1204
31703,hsa-mir-183
241903,hsa-mir-27a
2767,hsa-mir-33a
38904,hsa-mir-217
36462,hsa-mir-107
60750,hsa-mir-4685
2767,hsa-mir-205
36314,hsa-mir-19a
5978,hsa-mir-335
5978,hsa-mir-30b
5291,hsa-mir-15b
2767,hsa-mir-141
91820602,hsa-mir-126
31703,hsa-mir-21
5755,hsa-mir-126
5310940,hsa-mir-362
2767,hsa-mir-576
2767,hsa-let-7e
3385,hsa-mir-4454
60750,hsa-mir-658
2520,hsa-mir-29a
36462,hsa-mir-187
2767,hsa-mir-584
31703,hsa-mir-508
3385,hsa-mir-4286
2520,hsa-mir-154
36314,hsa-mir-671
216239,hsa-mir-106b
3385,hsa-mir-185
3385,hsa-mir-21
2767,hsa-mir-145
5978,hsa-mir-4701
2520,hsa-mir-769
36314,hsa-mir-363
2767,hsa-mir-106a
60750,hsa-mir-16-1
3385,hsa-mir-4731
148124,hsa-mir-767
2733526,hsa-mir-99b
31703,hsa-mir-200a
2767,hsa-mir-16-1
3385,hsa-mir-4484
36462,hsa-mir-484
36314,hsa-mir-214
31703,hsa-mir-193b
148124,hsa-mir-34b
2767,hsa-mir-146a
5978,hsa-mir-27b
123631,hsa-mir-21
2767,hsa-mir-146a
31703,hsa-mir-185
2520,hsa-mir-99a
148124,hsa-mir-598
36314,hsa-mir-1290
2520,hsa-mir-593
148124,hsa-mir-191
60750,hsa-mir-4497
5310940,hsa-mir-581
148124,hsa-mir-590
3385,hsa-mir-222
5291,hsa-mir-1228
2520,hsa-mir-33b
3385,hsa-mir-3940
9903,hsa-mir-542
5310940,hsa-mir-558
3385,hsa-mir-877
36314,hsa-mir-181c
41867,hsa-let-7a-1
3385,hsa-mir-4535
31703,hsa-mir-551b
5310940,hsa-let-7a-1
36462,hsa-mir-758
91820602,hsa-mir-99b
2733526,hsa-mir-193a
123631,hsa-mir-548b
2767,hsa-mir-766
31703,hsa-mir-133b
5978,hsa-mir-494
2520,hsa-let-7f-1
5978,hsa-mir-31
91820602,hsa-let-7d
43815,hsa-let-7d
2767,hsa-mir-363
3385,hsa-mir-615
5310940,hsa-mir-675
2767,hsa-mir-130a
60750,hsa-mir-454
2520,hsa-mir-216b
2767,hsa-mir-608
60750,hsa-mir-557
2733526,hsa-mir-519e
969516,hsa-mir-200b
2733526,hsa-mir-100
60750,hsa-mir-4783
36314,hsa-mir-933
5291,hsa-mir-9-1
2520,hsa-mir-876
5310940,hsa-mir-31
3385,hsa-mir-224
31703,hsa-let-7a-1
36314,hsa-mir-7-1
60750,hsa-mir-378g
36462,hsa-mir-204
60750,hsa-mir-2861
123631,hsa-mir-99a
3385,hsa-mir-20a
5310940,hsa-mir-142
2767,hsa-mir-146a
65348,hsa-mir-193a
60750,hsa-mir-4319
2767,hsa-mir-10b
36314,hsa-mir-200b
9826528,hsa-mir-429
2767,hsa-mir-127
5310940,hsa-let-7e
36314,hsa-mir-17
60750,hsa-mir-15a
2767,hsa-mir-30d
2520,hsa-mir-526b
2733526,hsa-mir-24-1
2767,hsa-mir-429
2767,hsa-mir-200b
36314,hsa-mir-3146
3385,hsa-mir-122
2520,hsa-mir-25
60750,hsa-mir-675
36314,hsa-mir-137
31703,hsa-mir-483
31703,hsa-mir-382
2520,hsa-mir-639
5291,hsa-mir-135b
2767,hsa-mir-590
3385,hsa-mir-196b
3385,hsa-mir-2467
2767,hsa-mir-33a
60750,hsa-mir-32
36462,hsa-mir-769
5291,hsa-mir-638
60750,hsa-mir-21
387447,hsa-mir-3196
36314,hsa-mir-620
31703,hsa-mir-195
3385,hsa-mir-34a
5978,hsa-mir-378a
5310940,hsa-mir-609
784,hsa-mir-328
2767,hsa-mir-203a
123631,hsa-mir-762
2767,hsa-mir-10a
5310940,hsa-mir-198
10184653,hsa-mir-146a
60750,hsa-mir-15a
5310940,hsa-mir-141
60750,hsa-mir-371b
24180719,hsa-mir-3200
31703,hsa-let-7g
5310940,hsa-mir-361
36314,hsa-mir-375
2767,hsa-mir-3175
2767,hsa-mir-636
36462,hsa-mir-518d
148124,hsa-mir-135b
2767,hsa-mir-490
2767,hsa-mir-221
36314,hsa-mir-591
31703,hsa-mir-34a
5310940,hsa-mir-206
31703,hsa-mir-451a
2520,hsa-mir-200c
122724,hsa-mir-335
2767,hsa-mir-335
5311,hsa-mir-379
2733526,hsa-mir-200c
60750,hsa-mir-3665
60750,hsa-mir-450b
36314,hsa-mir-19a
9903,hsa-mir-7-1
5310940,hsa-mir-363
60750,hsa-mir-503
36314,hsa-let-7a-1
36314,hsa-mir-663a
31703,hsa-mir-27b
2767,hsa-let-7e
3385,hsa-mir-3177
31703,hsa-mir-193b
5978,hsa-mir-99b
3385,hsa-mir-29c
31703,hsa-mir-223
5394,hsa-mir-132
2767,hsa-mir-520e
123631,hsa-mir-27b
5978,hsa-mir-26b
5329102,hsa-mir-30e
2767,hsa-mir-21
5978,hsa-mir-1915
60750,hsa-mir-4787
123631,hsa-mir-214
2767,hsa-mir-224
123631,hsa-mir-222
5310940,hsa-mir-935
31703,hsa-mir-520a
176870,hsa-mir-197
31703,hsa-mir-323a
60750,hsa-mir-99b
31703,hsa-mir-487a
3385,hsa-let-7g
31703,hsa-mir-4687
60750,hsa-mir-17
37542,hsa-mir-652
2767,hsa-mir-221
5310940,hsa-mir-619
60750,hsa-mir-21
43815,hsa-mir-466
60750,hsa-let-7c
5978,hsa-mir-4728
60750,hsa-mir-211
2767,hsa-mir-200c
2767,hsa-mir-98
2733526,hsa-mir-519c
2767,hsa-mir-141
3385,hsa-mir-346
5310940,hsa-mir-495
123631,hsa-mir-483
3385,hsa-mir-3665
148124,hsa-mir-200c
2767,hsa-mir-34a
5310940,hsa-mir-10b
31703,hsa-mir-30b
5291,hsa-mir-1-1
60750,hsa-mir-3200
91820602,hsa-mir-296
60750,hsa-mir-766
2767,hsa-mir-424
31703,hsa-mir-551b
3385,hsa-mir-4716
60750,hsa-mir-96
2767,hsa-mir-601
3385,hsa-mir-204
31703,hsa-mir-17
31703,hsa-mir-222
3385,hsa-mir-3917
31703,hsa-mir-31
148124,hsa-mir-146a
2733526,hsa-mir-181d
2520,hsa-mir-502
5310940,hsa-mir-1915
60750,hsa-mir-15b
2733526,hsa-mir-518c
24180719,hsa-mir-331
2767,hsa-mir-185
2767,hsa-mir-122
2767,hsa-mir-223
31703,hsa-mir-651
60750,hsa-mir-3184
2520,hsa-mir-16-1
5746,hsa-mir-99b
3385,hsa-mir-345
5329102,hsa-mir-29a
3385,hsa-mir-188
2767,hsa-mir-4728
148124,hsa-mir-26b
3385,hsa-mir-4701
3006531,hsa-mir-200c
123631,hsa-mir-142
31703,hsa-mir-200c
2733526,hsa-mir-222
5329102,hsa-mir-484
2767,hsa-mir-10b
60750,hsa-mir-29c
3385,hsa-mir-361
36314,hsa-mir-193b
148124,hsa-mir-7-1
123631,hsa-mir-7-1
3385,hsa-mir-1914
2520,hsa-mir-146a
60750,hsa-mir-4443
24180719,hsa-mir-424
5978,hsa-mir-199b
3385,hsa-mir-4732
31703,hsa-mir-1908
5310940,hsa-mir-32
2767,hsa-mir-19a
36314,hsa-mir-17
37542,hsa-mir-27b
460612,hsa-mir-221
36462,hsa-mir-26b
5978,hsa-mir-100
2767,hsa-mir-27a
31703,hsa-mir-590
2767,hsa-mir-335
91820602,hsa-mir-27b
31703,hsa-mir-485
60750,hsa-mir-518b
5746,hsa-mir-146a
2520,hsa-mir-331
31703,hsa-mir-654
3385,hsa-let-7d
31703,hsa-mir-127
3385,hsa-mir-200b
5310940,hsa-mir-939
36314,hsa-mir-29a
3385,hsa-mir-3682
2767,hsa-mir-345
2767,hsa-mir-99b
31703,hsa-mir-31
36314,hsa-mir-642a
2733526,hsa-mir-342
31703,hsa-mir-591
60750,hsa-mir-421
60750,hsa-let-7f-2
36314,hsa-mir-30b
5310940,hsa-mir-34a
2767,hsa-mir-432
60750,hsa-mir-92b
24180719,hsa-mir-155
5310940,hsa-mir-429
5978,hsa-mir-210
2767,hsa-mir-125a
2767,hsa-mir-503
36462,hsa-mir-523
3385,hsa-mir-4783
5978,hsa-mir-221
5310940,hsa-mir-483
31703,hsa-mir-106a
5746,hsa-mir-181d
31703,hsa-mir-876
2767,hsa-mir-100
1548943,hsa-mir-34a
3385,hsa-mir-99b
2767,hsa-mir-30a
2767,hsa-mir-21
148124,hsa-mir-34a
36314,hsa-mir-130b
31703,hsa-mir-298
3385,hsa-mir-3194
5978,hsa-mir-126
5310940,hsa-let-7a-1
60750,hsa-mir-1246
36462,hsa-mir-491
43815,hsa-mir-148a
60750,hsa-mir-627
148124,hsa-mir-431
31703,hsa-mir-100
216239,hsa-mir-425
2733526,hsa-mir-222
36314,hsa-mir-187
2767,hsa-mir-146a
60750,hsa-mir-542
148124,hsa-mir-197
3385,hsa-let-7f-1
36314,hsa-mir-200b
31703,hsa-mir-375
5978,hsa-mir-4285
3385,hsa-mir-1226
5310940,hsa-mir-93
36314,hsa-mir-34a
3385,hsa-mir-663a
60750,hsa-mir-3173
31703,hsa-mir-802
31703,hsa-mir-494
60750,hsa-mir-18b
43815,hsa-mir-193a
2520,hsa-let-7e
36314,hsa-mir-130a
2767,hsa-mir-143
60750,hsa-mir-6134
2733526,hsa-mir-365a
97226,hsa-mir-424
3385,hsa-mir-675
2767,hsa-mir-106b
36314,hsa-mir-17
60750,hsa-mir-188
2767,hsa-mir-186
36462,hsa-mir-197
31703,hsa-mir-765
5310940,hsa-mir-203a
31703,hsa-mir-499a
3385,hsa-mir-4284
2733526,hsa-mir-203a
148124,hsa-mir-200b
91820602,hsa-mir-339
31703,hsa-mir-502
31703,hsa-mir-455
2733526,hsa-mir-200b
36314,hsa-mir-140
41867,hsa-mir-19a
5310940,hsa-mir-876
60750,hsa-mir-205
148124,hsa-mir-21
31703,hsa-mir-633
31703,hsa-mir-127
2767,hsa-mir-663a
176870,hsa-mir-628
5746,hsa-mir-146b
148124,hsa-mir-337
2767,hsa-mir-3621
3385,hsa-mir-15a
24180719,hsa-mir-99a
31703,hsa-mir-34a
5310940,hsa-mir-324
31703,hsa-mir-200a
41867,hsa-mir-1290
43815,hsa-mir-501
2767,hsa-mir-10b
43815,hsa-mir-212
43815,hsa-mir-30b
2767,hsa-mir-374a
24180719,hsa-let-7e
2520,hsa-mir-330
444732,hsa-mir-30d
123631,hsa-mir-155
3385,hsa-mir-624
60750,hsa-mir-4454
31703,hsa-mir-9-1
44259,hsa-mir-21
60750,hsa-mir-200b
60750,hsa-mir-193a
126941,hsa-mir-193b
3385,hsa-mir-658
31703,hsa-mir-590
2733526,hsa-mir-423
31703,hsa-mir-122
31703,hsa-mir-576
3385,hsa-mir-874
3385,hsa-let-7b
31703,hsa-mir-29c
5310940,hsa-mir-1292
31703,hsa-mir-30b
36314,hsa-mir-146a
123631,hsa-mir-140
36314,hsa-mir-222
2767,hsa-mir-130a
5310940,hsa-mir-449b
3385,hsa-mir-3149
31703,hsa-mir-628
31703,hsa-mir-17
36314,hsa-mir-374a
31703,hsa-mir-495
60750,hsa-mir-372
43815,hsa-mir-192
5746,hsa-mir-16-1
176870,hsa-mir-200c
31703,hsa-mir-369
2767,hsa-mir-296
36314,hsa-mir-320a
43815,hsa-mir-363
31703,hsa-mir-196b
3385,hsa-mir-30e
2767,hsa-mir-155
2733526,hsa-let-7i
2767,hsa-mir-371a
25183872,hsa-mir-630
2733526,hsa-mir-181c
31703,hsa-mir-1299
442972,hsa-mir-126
2767,hsa-mir-16-1
37542,hsa-mir-378a
148124,hsa-mir-429
2520,hsa-mir-145
148124,hsa-mir-146a
2767,hsa-mir-23a
5310940,hsa-mir-1183
5310940,hsa-mir-99a
60750,hsa-mir-4675
31703,hsa-mir-29a
5746,hsa-mir-1915
60750,hsa-mir-4707
31703,hsa-mir-21
60750,hsa-mir-1290
36314,hsa-mir-296
2767,hsa-mir-18a
5310940,hsa-mir-1267
2520,hsa-mir-588
148124,hsa-mir-34a
2767,hsa-mir-520c
123631,hsa-mir-146a
38904,hsa-mir-27b
2767,hsa-mir-296
60750,hsa-mir-155
31703,hsa-mir-331
2767,hsa-mir-27a
31703,hsa-mir-3186
5310940,hsa-mir-100
5310940,hsa-mir-92b
2767,hsa-mir-126
31703,hsa-mir-503
60750,hsa-mir-1290
60750,hsa-mir-4731
5978,hsa-mir-27a
5865,hsa-mir-542
5978,hsa-mir-33a
36314,hsa-mir-21
31703,hsa-mir-193a
60750,hsa-mir-21
31703,hsa-mir-320a
2767,hsa-mir-27b
2767,hsa-mir-130b
31703,hsa-mir-1291
11626560,hsa-mir-150
97226,hsa-mir-126
31703,hsa-mir-200c
31703,hsa-mir-1226
2767,hsa-mir-146b
36462,hsa-mir-202
5310940,hsa-mir-638
3385,hsa-mir-590
2520,hsa-mir-148a
5310940,hsa-mir-892b
5310940,hsa-mir-766
36314,hsa-mir-653
38904,hsa-mir-671
31703,hsa-mir-214
31703,hsa-mir-190a
5310940,hsa-mir-200a
36314,hsa-mir-130a
43815,hsa-mir-181c
31703,hsa-mir-379
2767,hsa-mir-24-1
2767,hsa-mir-31
5865,hsa-mir-1256
60750,hsa-mir-200a
60780,hsa-mir-23b
60750,hsa-mir-187
2767,hsa-mir-374a
2767,hsa-mir-135b
3385,hsa-mir-520d
31703,hsa-mir-345
2767,hsa-mir-92b
31703,hsa-mir-410
60750,hsa-mir-624
148124,hsa-mir-146a
3385,hsa-mir-200b
176870,hsa-mir-301a
2767,hsa-mir-885
5310940,hsa-mir-572
2733526,hsa-mir-345
5310940,hsa-mir-106b
60750,hsa-mir-4455
5978,hsa-mir-146a
148124,hsa-mir-200b
31703,hsa-mir-302a
2520,hsa-mir-199b
60750,hsa-mir-196b
148124,hsa-mir-195
176870,hsa-mir-636
5310940,hsa-mir-7-3
2767,hsa-mir-34a
31703,hsa-mir-93
5978,hsa-mir-200c
148124,hsa-mir-30a
5310940,hsa-mir-130a
2733526,hsa-mir-17
60750,hsa-mir-378f
2767,hsa-mir-155
5291,hsa-mir-151a
60750,hsa-mir-125a
36314,hsa-mir-155
5755,hsa-mir-199b
31703,hsa-mir-99b
2767,hsa-mir-335
148124,hsa-mir-24-1
3385,hsa-mir-193a
31703,hsa-mir-497
60750,hsa-mir-508
31703,hsa-mir-20b
3385,hsa-mir-21
5310940,hsa-mir-184
148124,hsa-mir-222
36314,hsa-mir-200c
31703,hsa-mir-339
3385,hsa-mir-1229
5310940,hsa-mir-598
2767,hsa-let-7g
36314,hsa-mir-377
31703,hsa-mir-222
2767,hsa-mir-222
5291,hsa-mir-30b
2767,hsa-mir-489
36314,hsa-mir-22
60750,hsa-mir-181d
3385,hsa-mir-21
2767,hsa-mir-503
36314,hsa-mir-342
2767,hsa-mir-181d
2520,hsa-mir-100
31703,hsa-mir-485
31703,hsa-mir-149
31703,hsa-mir-503
60750,hsa-mir-491
97226,hsa-mir-372
31703,hsa-mir-455
148124,hsa-mir-455
442972,hsa-mir-193b
3385,hsa-mir-301b
5310940,hsa-mir-765
2767,hsa-mir-508
38904,hsa-mir-99b
3385,hsa-mir-148a
31703,hsa-mir-380
60750,hsa-mir-187
31703,hsa-mir-154
2767,hsa-mir-363
60750,hsa-mir-141
5978,hsa-mir-191
60750,hsa-mir-21
2767,hsa-let-7i
148124,hsa-mir-590
31703,hsa-mir-17
2767,hsa-mir-224
60750,hsa-mir-106a
2767,hsa-mir-497
5310940,hsa-mir-182
2767,hsa-mir-520g
2767,hsa-mir-10b
38904,hsa-mir-27b
5291,hsa-mir-1224
148124,hsa-mir-99b
31703,hsa-mir-425
31703,hsa-mir-200b
36314,hsa-mir-224
3385,hsa-mir-487b
2733526,hsa-mir-222
36314,hsa-mir-146a
31703,hsa-mir-210
3385,hsa-mir-31
387447,hsa-mir-27a
3385,hsa-mir-4675
5310940,hsa-mir-429
31703,hsa-mir-183
3385,hsa-mir-145
5310940,hsa-mir-181d
31703,hsa-mir-16-1
31703,hsa-mir-224
216239,hsa-mir-483
5755,hsa-mir-335
60750,hsa-mir-328
60750,hsa-mir-675
31703,hsa-mir-4311
3385,hsa-mir-21
2767,hsa-mir-93
60750,hsa-mir-1275
148124,hsa-mir-96
31703,hsa-mir-98
31703,hsa-mir-21
2767,hsa-mir-31
36314,hsa-mir-155
2767,hsa-mir-141
5310940,hsa-mir-185
31703,hsa-mir-20a
9903,hsa-mir-210
31703,hsa-mir-1228
31703,hsa-mir-30e
2767,hsa-mir-130a
36314,hsa-mir-224
148124,hsa-mir-141
5329102,hsa-mir-659
43815,hsa-let-7b
5291,hsa-mir-193b
31703,hsa-mir-151a
36314,hsa-mir-96
2767,hsa-mir-485
2767,hsa-mir-183
24180719,hsa-mir-328
43815,hsa-mir-20b
5310940,hsa-mir-33b
60780,hsa-mir-1908
3385,hsa-mir-675
31703,hsa-mir-200b
148124,hsa-mir-27a
36462,hsa-mir-30d
2733526,hsa-mir-517c
5291,hsa-mir-143
60953,hsa-mir-196b
5746,hsa-mir-630
5310940,hsa-mir-200c
148124,hsa-mir-34a
60750,hsa-mir-675
2767,hsa-mir-200c
31703,hsa-mir-409
2767,hsa-mir-141
36314,hsa-mir-193a
60750,hsa-mir-519d
2767,hsa-mir-21
2767,hsa-mir-130b
176870,hsa-mir-200b
2520,hsa-mir-181c
30323,hsa-mir-141
36314,hsa-mir-130a
23725625,hsa-mir-107
2767,hsa-mir-33a
5310940,hsa-mir-1293
5310940,hsa-mir-326
2520,hsa-mir-205
216239,hsa-mir-345
148124,hsa-mir-767
5310940,hsa-mir-585
126941,hsa-mir-615
36314,hsa-mir-20b
3385,hsa-mir-501
31703,hsa-mir-143
5746,hsa-mir-300
5310940,hsa-mir-1281
31703,hsa-mir-378a
3385,hsa-mir-17
9826528,hsa-mir-200c
126941,hsa-mir-361
36462,hsa-mir-885
60750,hsa-mir-3188
2733526,hsa-mir-665
9903,hsa-mir-221
31703,hsa-mir-125a
5310940,hsa-mir-1265
2520,hsa-mir-345
2520,hsa-mir-93
31703,hsa-mir-296
60750,hsa-mir-25
2520,hsa-mir-361
148124,hsa-mir-1267
2767,hsa-mir-92b
60750,hsa-mir-887
3385,hsa-mir-4685
43815,hsa-mir-425
60953,hsa-mir-146a
5755,hsa-mir-9-1
60750,hsa-mir-221
60750,hsa-mir-429
5310940,hsa-mir-425
3385,hsa-mir-532
36314,hsa-mir-21
2767,hsa-mir-25
60750,hsa-mir-204
148124,hsa-mir-4284
5978,hsa-mir-1224
2767,hsa-mir-27a
60750,hsa-mir-7-1
31703,hsa-mir-125a
2767,hsa-mir-200c
60953,hsa-let-7a-1
24978538,hsa-mir-148b
2520,hsa-mir-590
148124,hsa-mir-21
31703,hsa-mir-372
60750,hsa-mir-4324
5978,hsa-mir-146a
24180719,hsa-mir-132
3385,hsa-mir-1913
2767,hsa-mir-193a
31703,hsa-mir-664a
31703,hsa-mir-378a
387447,hsa-mir-29c
148124,hsa-mir-361
5291,hsa-mir-660
5978,hsa-mir-99a
176870,hsa-mir-497
31703,hsa-mir-143
2767,hsa-mir-15b
5310940,hsa-mir-92b
2767,hsa-mir-21
387447,hsa-mir-202
3385,hsa-mir-421
5978,hsa-mir-10b
5310940,hsa-mir-20b
2733526,hsa-mir-342
2520,hsa-mir-643
2520,hsa-mir-132
36314,hsa-mir-1973
31703,hsa-mir-223
38904,hsa-mir-1908
9826528,hsa-mir-155
31703,hsa-mir-652
3385,hsa-mir-1469
4212,hsa-mir-519c
2767,hsa-mir-373
36314,hsa-mir-130b
2733526,hsa-mir-518e
43815,hsa-mir-629
2767,hsa-mir-197
31703,hsa-mir-221
36314,hsa-mir-134
5310940,hsa-mir-199b
5978,hsa-mir-497
148124,hsa-mir-34a
5978,hsa-mir-100
36314,hsa-mir-27a
2907,hsa-mir-204
3385,hsa-mir-21
36314,hsa-mir-373
3385,hsa-mir-15b
2767,hsa-mir-200c
387447,hsa-mir-1908
31703,hsa-mir-146b
2767,hsa-mir-100
2520,hsa-mir-613
36314,hsa-mir-483
5978,hsa-mir-1247
442972,hsa-mir-34a
2767,hsa-mir-373
3385,hsa-mir-205
2767,hsa-mir-34a
2520,hsa-mir-190a
5310940,hsa-mir-601
2767,hsa-mir-628
5978,hsa-mir-148a
3385,hsa-mir-187
5310940,hsa-mir-1183
2767,hsa-mir-20b
2767,hsa-mir-106a
2767,hsa-mir-107
123631,hsa-mir-423
442972,hsa-mir-18a
72301,hsa-mir-200c
5310940,hsa-mir-504
5310940,hsa-mir-548m
31703,hsa-mir-34a
2767,hsa-mir-339
148124,hsa-mir-21
2767,hsa-mir-15b
2767,hsa-mir-139
24180719,hsa-mir-4473
3385,hsa-mir-215
31703,hsa-mir-331
36314,hsa-mir-802
5746,hsa-mir-223
36314,hsa-mir-21
36314,hsa-mir-143
3385,hsa-mir-301a
3385,hsa-mir-30d
60750,hsa-mir-301a
31703,hsa-mir-3674
60750,hsa-mir-2113
148124,hsa-mir-100
31703,hsa-mir-2277
60780,hsa-mir-519c
31703,hsa-mir-205
148124,hsa-mir-200b
3385,hsa-mir-106a
5310940,hsa-mir-297
31703,hsa-mir-576
60750,hsa-mir-663a
36314,hsa-mir-127
5310940,hsa-mir-17
43815,hsa-mir-485
5743,hsa-mir-142
3385,hsa-mir-4261
3385,hsa-mir-4725
24180719,hsa-mir-335
5394,hsa-mir-211
31703,hsa-mir-134
5310940,hsa-mir-657
5310940,hsa-mir-1225
3385,hsa-mir-27a
2767,hsa-mir-20b
36314,hsa-mir-200c
2767,hsa-mir-200b
5978,hsa-mir-15a
2733526,hsa-mir-125a
2767,hsa-mir-210
148124,hsa-mir-135b
5310940,hsa-mir-433
2767,hsa-mir-17
2767,hsa-mir-137
3385,hsa-mir-766
36314,hsa-mir-2278
36314,hsa-mir-634
2520,hsa-mir-485
2767,hsa-mir-183
60750,hsa-mir-330
31703,hsa-mir-16-1
5291,hsa-mir-181c
5291,hsa-mir-296
60750,hsa-mir-92b
60750,hsa-mir-4665
31703,hsa-mir-34a
5746,hsa-mir-27b
5310940,hsa-mir-126
5291,hsa-mir-1207
31703,hsa-mir-140
31703,hsa-mir-497
784,hsa-mir-21
36314,hsa-mir-802
31703,hsa-mir-188
31703,hsa-mir-33a
36314,hsa-mir-200c
5291,hsa-mir-30a
148124,hsa-mir-139
3385,hsa-mir-203a
3385,hsa-mir-449b
5310940,hsa-mir-619
3385,hsa-mir-328
31703,hsa-mir-411
3385,hsa-mir-4640
3385,hsa-mir-96
2520,hsa-mir-15b
31703,hsa-mir-145
31703,hsa-mir-34a
3385,hsa-mir-503
36314,hsa-mir-302b
123631,hsa-mir-744
36314,hsa-mir-1908
2733526,hsa-mir-126
5310940,hsa-mir-1202
3385,hsa-mir-24-1
60750,hsa-mir-424
31703,hsa-mir-433
2767,hsa-mir-200b
3385,hsa-mir-1292
31703,hsa-mir-412
2767,hsa-mir-30d
36314,hsa-mir-27a
2767,hsa-mir-21
31703,hsa-mir-125a
5978,hsa-mir-501
60750,hsa-mir-20a
5310940,hsa-mir-20b
31703,hsa-mir-195
5310940,hsa-mir-631
2520,hsa-mir-299
31703,hsa-mir-376c
31703,hsa-mir-25
2733526,hsa-mir-155
97226,hsa-mir-338
36314,hsa-mir-3074
31703,hsa-mir-30e
31703,hsa-mir-338
123631,hsa-mir-224
31703,hsa-mir-519b
31703,hsa-mir-299
2767,hsa-mir-18b
31703,hsa-mir-584
2767,hsa-mir-451a
176870,hsa-mir-200c
31703,hsa-mir-200b
2767,hsa-mir-199b
123631,hsa-mir-130a
5310940,hsa-mir-221
56842234,hsa-mir-222
31703,hsa-mir-210
36314,hsa-mir-143
60780,hsa-mir-523
148124,hsa-mir-30a
60750,hsa-mir-22
5310940,hsa-mir-1301
24978538,hsa-mir-193a
2767,hsa-mir-93
31703,hsa-mir-107
2767,hsa-mir-663a
2767,hsa-mir-126
30323,hsa-mir-203a
148124,hsa-mir-16-1
38904,hsa-mir-484
60750,hsa-mir-3141
442972,hsa-mir-17
36314,hsa-mir-149
36462,hsa-mir-34a
5291,hsa-mir-148a
2520,hsa-mir-629
5978,hsa-mir-3183
2767,hsa-let-7b
36314,hsa-mir-452
3385,hsa-mir-210
31703,hsa-mir-130b
36462,hsa-mir-24-1
31703,hsa-mir-944
3385,hsa-mir-191
60750,hsa-mir-19a
43815,hsa-mir-671
31703,hsa-mir-25
31703,hsa-mir-577
31703,hsa-mir-655
36314,hsa-mir-3167
41867,hsa-mir-27b
60750,hsa-mir-920
5310940,hsa-mir-499a
2767,hsa-let-7d
3385,hsa-mir-4288
36314,hsa-mir-19a
2520,hsa-mir-633
442972,hsa-mir-155
5310940,hsa-mir-122
5291,hsa-mir-18b
5310940,hsa-mir-618
5310940,hsa-mir-15b
60750,hsa-mir-4669
2767,hsa-mir-100
2733526,hsa-mir-107
31703,hsa-mir-487b
31703,hsa-mir-19a
31703,hsa-mir-155
5310940,hsa-mir-616
60750,hsa-mir-192
5329102,hsa-mir-296
442972,hsa-mir-10a
3385,hsa-mir-425
148124,hsa-mir-489
31703,hsa-mir-383
2767,hsa-mir-320a
60750,hsa-mir-4463
31703,hsa-mir-377
91820602,hsa-let-7f-1
3385,hsa-mir-148a
3385,hsa-mir-146a
5310940,hsa-mir-412
31703,hsa-mir-7-1
5978,hsa-mir-141
31703,hsa-mir-183
31703,hsa-mir-451a
3385,hsa-mir-204
5329102,hsa-mir-1250
5394,hsa-mir-21
5310940,hsa-mir-541
60750,hsa-mir-1237
43815,hsa-mir-500a
5746,hsa-mir-3183
2520,hsa-mir-32
2767,hsa-mir-19a
104741,hsa-mir-222
5310940,hsa-mir-20a
2767,hsa-mir-429
31703,hsa-mir-31
2767,hsa-mir-340
5291,hsa-mir-939
31703,hsa-mir-200a
2767,hsa-let-7i
2733526,hsa-mir-18b
5746,hsa-mir-146b
31703,hsa-mir-375
216239,hsa-mir-27b
31703,hsa-mir-455
60750,hsa-mir-532
148124,hsa-mir-210
31703,hsa-mir-342
36314,hsa-mir-1290
3385,hsa-mir-483
5310940,hsa-mir-1183
2767,hsa-mir-96
3385,hsa-mir-24-1
38904,hsa-mir-584
2733526,hsa-mir-330
31703,hsa-mir-216a
2767,hsa-mir-200c
2520,hsa-mir-33a
5978,hsa-mir-100
176870,hsa-mir-518f
123631,hsa-mir-21
5978,hsa-mir-615
10635,hsa-mir-222
3385,hsa-mir-23a
3385,hsa-mir-4508
2767,hsa-mir-100
5310940,hsa-mir-193b
31703,hsa-mir-22
5310940,hsa-mir-27a
60750,hsa-mir-1976
126941,hsa-mir-361
3385,hsa-mir-4689
5978,hsa-mir-297
5291,hsa-let-7b
2767,hsa-mir-452
2733526,hsa-mir-221
2767,hsa-mir-3651
2767,hsa-mir-31
38904,hsa-mir-146b
31703,hsa-mir-635
2767,hsa-mir-223
31703,hsa-mir-376c
60750,hsa-mir-125a
31703,hsa-mir-222
2767,hsa-mir-300
2767,hsa-mir-374c
31703,hsa-mir-300
2767,hsa-mir-20b
36314,hsa-mir-200c
3385,hsa-mir-141
3385,hsa-mir-34a
31703,hsa-mir-432
36314,hsa-mir-21
3385,hsa-mir-887
148124,hsa-mir-34a
123631,hsa-mir-146a
31703,hsa-mir-26b
31703,hsa-mir-203a
31703,hsa-mir-330
2733526,hsa-mir-489
5291,hsa-mir-181c
31703,hsa-mir-455
3385,hsa-mir-422a
5310940,hsa-mir-1306
2767,hsa-mir-141
31703,hsa-mir-612
60750,hsa-mir-4758
2767,hsa-mir-489
2767,hsa-mir-518f
2767,hsa-mir-155
45266826,hsa-mir-200c
148124,hsa-mir-30a
2767,hsa-mir-9-1
31703,hsa-mir-155
148124,hsa-mir-455
31703,hsa-mir-93
31703,hsa-mir-135b
36314,hsa-mir-210
24180719,hsa-mir-4745
2767,hsa-mir-185
3385,hsa-mir-671
31703,hsa-mir-28
5311272,hsa-mir-223
2767,hsa-mir-634
60750,hsa-mir-1236
5291,hsa-mir-150
31703,hsa-mir-186
5291,hsa-mir-21
36314,hsa-mir-1296
5978,hsa-mir-19a
5329102,hsa-mir-505
387447,hsa-mir-762
5746,hsa-mir-15a
60750,hsa-let-7a-1
60750,hsa-mir-4791
2767,hsa-mir-148a
31703,hsa-mir-99b
148124,hsa-mir-16-1
2520,hsa-mir-34b
2767,hsa-mir-106b
2767,hsa-let-7c
148124,hsa-mir-155
31703,hsa-mir-587
2767,hsa-mir-21
2767,hsa-mir-191
3385,hsa-mir-222
216239,hsa-mir-130a
2520,hsa-mir-376c
31703,hsa-mir-342
36314,hsa-mir-125a
31703,hsa-mir-485
31703,hsa-mir-184
31703,hsa-mir-338
2520,hsa-let-7g
60750,hsa-mir-452
5291,hsa-mir-96
5310940,hsa-mir-1179
5310940,hsa-mir-130a
2767,hsa-mir-935
2767,hsa-mir-152
2520,hsa-mir-660
2767,hsa-mir-744
2767,hsa-mir-136
31703,hsa-mir-297
5394,hsa-mir-9-1
2520,hsa-mir-141
31703,hsa-mir-324
104741,hsa-mir-200c
442972,hsa-mir-373
30323,hsa-mir-625
5291,hsa-let-7f-1
2767,hsa-mir-497
31703,hsa-mir-431
123631,hsa-mir-127
2767,hsa-mir-214
2767,hsa-mir-320a
60750,hsa-mir-4284
36462,hsa-mir-155
36314,hsa-mir-31
3385,hsa-mir-1343
5310940,hsa-mir-625
31703,hsa-mir-99b
3385,hsa-mir-20a
31703,hsa-mir-98
2767,hsa-mir-34a
31703,hsa-mir-542
3385,hsa-mir-381
31703,hsa-mir-187
60750,hsa-mir-301a
36314,hsa-mir-142
60750,hsa-mir-373
5978,hsa-mir-146b
2767,hsa-mir-551b
2767,hsa-mir-193b
60750,hsa-mir-134
5310940,hsa-mir-320a
36462,hsa-mir-9-1
60750,hsa-mir-21
31703,hsa-mir-424
123631,hsa-mir-200a
5978,hsa-mir-99b
2767,hsa-mir-181d
60750,hsa-mir-20b
387447,hsa-mir-301a
3385,hsa-mir-3065
60953,hsa-mir-296
36314,hsa-mir-106a
2520,hsa-mir-497
36314,hsa-mir-320a
60750,hsa-mir-1249
36314,hsa-mir-100
36314,hsa-mir-34a
2733526,hsa-mir-200b
126941,hsa-mir-365a
60750,hsa-mir-34c
3385,hsa-mir-1275
31703,hsa-mir-301a
2767,hsa-mir-584
31703,hsa-mir-15a
60750,hsa-mir-130b
2767,hsa-mir-222
3385,hsa-mir-3193
216239,hsa-mir-148b
2767,hsa-mir-638
31703,hsa-mir-634
5978,hsa-mir-203a
2767,hsa-mir-374b
60750,hsa-mir-4508
31703,hsa-mir-200b
3385,hsa-mir-4521
5329102,hsa-mir-582
148124,hsa-mir-196b
126941,hsa-mir-149
36314,hsa-mir-367
176870,hsa-mir-224
31703,hsa-mir-152
2767,hsa-mir-10a
3385,hsa-mir-500a
2767,hsa-mir-517a
2767,hsa-mir-125a
60750,hsa-mir-4488
2733526,hsa-mir-106a
31703,hsa-mir-1229
5329102,hsa-mir-30a
97226,hsa-mir-196b
31703,hsa-mir-10a
2767,hsa-let-7i
31703,hsa-mir-563
60750,hsa-mir-494
2520,hsa-mir-578
216239,hsa-mir-34a
5978,hsa-mir-425
2767,hsa-let-7e
3385,hsa-mir-518b
60750,hsa-mir-377
2767,hsa-mir-551b
36314,hsa-mir-22
31703,hsa-mir-135b
36314,hsa-mir-1291
31703,hsa-mir-31
2767,hsa-mir-519c
30323,hsa-mir-126
3385,hsa-mir-1249
31703,hsa-mir-501
36314,hsa-mir-140
5310940,hsa-mir-1238
31703,hsa-mir-503
36314,hsa-mir-10b
31703,hsa-mir-376c
3385,hsa-mir-365a
54671203,hsa-mir-34a
31703,hsa-mir-20a
3385,hsa-mir-122
148124,hsa-mir-452
2767,hsa-mir-202
3385,hsa-mir-31
5310940,hsa-mir-185
2767,hsa-mir-17
2767,hsa-mir-519e
2520,hsa-mir-30e
3385,hsa-mir-4485
60750,hsa-mir-3187
31703,hsa-mir-197
31703,hsa-mir-32
3385,hsa-mir-4687
176870,hsa-mir-30b
36314,hsa-mir-210
3385,hsa-mir-424
97226,hsa-mir-27a
387447,hsa-mir-1246
2767,hsa-mir-378c
5291,hsa-let-7d
5310940,hsa-mir-29a
2767,hsa-mir-155
2767,hsa-mir-149
24180719,hsa-mir-1301
60750,hsa-mir-1825
5978,hsa-mir-1915
5310940,hsa-mir-1267
60750,hsa-mir-602
36314,hsa-mir-10b
2767,hsa-mir-296
36314,hsa-mir-130b
36314,hsa-mir-3168
31703,hsa-mir-204
23725625,hsa-mir-506
3385,hsa-mir-4721
43815,hsa-mir-502
3385,hsa-mir-483
5291,hsa-let-7e
104842,hsa-mir-17
31703,hsa-mir-21
24180719,hsa-mir-3187
31703,hsa-mir-367
5310940,hsa-mir-200a
38904,hsa-mir-106b
2767,hsa-mir-517a
36314,hsa-mir-126
2767,hsa-mir-424
31703,hsa-mir-155
31703,hsa-mir-30b
2767,hsa-mir-524
60750,hsa-mir-30d
3385,hsa-mir-107
9826528,hsa-mir-200a
36314,hsa-mir-16-1
60750,hsa-mir-193b
3385,hsa-mir-125a
2767,hsa-mir-302b
5310940,hsa-let-7d
36314,hsa-mir-133b
2520,hsa-mir-130b
5310940,hsa-mir-1207
36462,hsa-mir-382
60750,hsa-mir-4492
452548,hsa-mir-21
60750,hsa-mir-195
2520,hsa-mir-455
3385,hsa-mir-25
31703,hsa-mir-185
31703,hsa-mir-569
60750,hsa-mir-605
2767,hsa-mir-502
3385,hsa-mir-133b
123631,hsa-mir-10b
5978,hsa-mir-214
2767,hsa-mir-328
31703,hsa-mir-25
2767,hsa-mir-1290
36462,hsa-mir-503
31703,hsa-mir-20b
31703,hsa-mir-146b
36314,hsa-let-7b
31703,hsa-mir-214
5978,hsa-mir-542
2767,hsa-mir-1229
126941,hsa-mir-224
2767,hsa-mir-520f
5291,hsa-mir-296
2767,hsa-mir-520f
148124,hsa-mir-181d
2767,hsa-mir-200c
148124,hsa-mir-429
5329102,hsa-mir-21
2767,hsa-mir-222
2767,hsa-mir-224
5978,hsa-mir-630
60750,hsa-mir-671
3385,hsa-mir-27a
2767,hsa-mir-145
2767,hsa-mir-7-1
60780,hsa-mir-197
36314,hsa-mir-217
31703,hsa-mir-1911
36314,hsa-mir-17
2520,hsa-mir-30b
31703,hsa-mir-21
31703,hsa-mir-15a
5978,hsa-mir-16-1
37542,hsa-mir-145
3385,hsa-mir-3187
216239,hsa-mir-206
148124,hsa-mir-663a
5310940,hsa-mir-342
5978,hsa-mir-4258
216239,hsa-mir-570
60750,hsa-mir-660
60750,hsa-mir-4646
148124,hsa-mir-342
31703,hsa-mir-221
31703,hsa-mir-557
2767,hsa-mir-146b
31703,hsa-let-7b
2733526,hsa-mir-574
36314,hsa-mir-31
36314,hsa-mir-484
31703,hsa-mir-532
2767,hsa-mir-130b
60750,hsa-mir-100
36314,hsa-mir-205
31703,hsa-let-7f-1
31703,hsa-mir-193b
123631,hsa-mir-424
3385,hsa-mir-197
2767,hsa-mir-518e
38904,hsa-mir-495
2520,hsa-mir-555
31703,hsa-mir-877
3385,hsa-mir-338
24978538,hsa-mir-582
126941,hsa-mir-224
60780,hsa-mir-10a
148124,hsa-mir-152
31703,hsa-mir-206
5310940,hsa-mir-345
60750,hsa-mir-1301
2520,hsa-mir-519b
5310940,hsa-mir-205
5746,hsa-mir-193b
24978538,hsa-mir-935
2520,hsa-mir-21
2767,hsa-mir-374b
5978,hsa-mir-92b
5310940,hsa-mir-657
3385,hsa-mir-7-1
5310940,hsa-mir-765
36314,hsa-mir-29c
5394,hsa-mir-500a
24180719,hsa-mir-490
5310940,hsa-mir-214
30323,hsa-mir-9-1
2767,hsa-mir-132
285033,hsa-mir-370
2767,hsa-mir-193b
60750,hsa-mir-125a
38904,hsa-mir-634
36314,hsa-mir-197
2767,hsa-mir-27a
31703,hsa-let-7d
2767,hsa-mir-99b
31703,hsa-mir-338
60750,hsa-mir-21
5310940,hsa-mir-202
3385,hsa-mir-4478
5865,hsa-mir-224
60750,hsa-mir-99a
2520,hsa-mir-410
123631,hsa-mir-22
216239,hsa-mir-585
2767,hsa-mir-7-1
2767,hsa-mir-25
148124,hsa-mir-31
64971,hsa-mir-21
2767,hsa-mir-429
2767,hsa-mir-100
5310940,hsa-mir-1229
31703,hsa-mir-22
2733526,hsa-mir-217
60750,hsa-mir-589
60750,hsa-mir-643
36314,hsa-mir-106b
4212,hsa-mir-302d
31703,hsa-mir-137
5310940,hsa-mir-1910
38904,hsa-mir-4311
5310940,hsa-mir-383
36314,hsa-mir-192
31703,hsa-mir-892b
2578,hsa-mir-221
148124,hsa-mir-30d
60750,hsa-mir-615
31703,hsa-mir-4763
31703,hsa-mir-484
36314,hsa-mir-146b
2733526,hsa-mir-935
36314,hsa-mir-938
148124,hsa-mir-340
3385,hsa-mir-30d
31703,hsa-mir-578
3385,hsa-mir-429
36314,hsa-mir-140
5310940,hsa-mir-1181
2767,hsa-mir-146a
5310940,hsa-mir-141
2767,hsa-mir-30e
3385,hsa-mir-20b
3385,hsa-mir-99a
5291,hsa-mir-140
3385,hsa-mir-196b
2767,hsa-mir-7-1
31703,hsa-mir-148a
2767,hsa-mir-1973
31703,hsa-mir-767
91820602,hsa-mir-221
123631,hsa-mir-572
2767,hsa-mir-424
31703,hsa-mir-429
31703,hsa-mir-503
36314,hsa-mir-769
5310940,hsa-mir-497
60750,hsa-mir-345
2767,hsa-mir-127
2767,hsa-mir-489
387447,hsa-mir-192
31703,hsa-mir-27a
31703,hsa-mir-542
60750,hsa-mir-125a
60750,hsa-mir-483
31703,hsa-mir-429
31703,hsa-mir-1538
241903,hsa-mir-16-1
60750,hsa-mir-576
36462,hsa-mir-518f
5746,hsa-mir-1915
5329102,hsa-mir-933
5291,hsa-mir-2278
31703,hsa-mir-10a
36314,hsa-mir-130a
176870,hsa-mir-140
5310940,hsa-mir-638
38904,hsa-mir-181d
2767,hsa-mir-98
2767,hsa-mir-296
36314,hsa-mir-610
5310940,hsa-mir-1250
5291,hsa-mir-320a
2767,hsa-mir-20a
60750,hsa-mir-885
2733526,hsa-mir-625
36314,hsa-mir-106b
31703,hsa-mir-106b
36314,hsa-mir-27a
31703,hsa-mir-30b
2767,hsa-mir-23a
148124,hsa-mir-500a
2520,hsa-mir-146b
31703,hsa-mir-141
2767,hsa-mir-630
36462,hsa-mir-184
5746,hsa-mir-485
2767,hsa-mir-133b
31703,hsa-mir-4427
36314,hsa-mir-130b
3385,hsa-mir-1234
216239,hsa-mir-224
2520,hsa-mir-181d
5310940,hsa-mir-1236
5755,hsa-mir-383
5310940,hsa-mir-186
148124,hsa-mir-146a
60750,hsa-let-7a-1
148124,hsa-mir-454
2767,hsa-mir-520e
5755,hsa-mir-203a
3385,hsa-mir-142
36314,hsa-mir-411
31703,hsa-mir-193a
31703,hsa-mir-214
91820602,hsa-mir-203a
5291,hsa-let-7d
3385,hsa-mir-15b
3385,hsa-mir-25
5978,hsa-mir-1238
5310940,hsa-mir-326
5310940,hsa-mir-1290
3385,hsa-mir-197
31703,hsa-mir-432
2520,hsa-mir-143
123631,hsa-mir-24-1
3385,hsa-mir-3154
2767,hsa-mir-16-1
60750,hsa-mir-141
2767,hsa-mir-29a
31703,hsa-mir-3183
31703,hsa-mir-215
36314,hsa-mir-3146
31703,hsa-mir-501
2767,hsa-mir-1228
5310940,hsa-mir-630
36314,hsa-mir-3074
36314,hsa-mir-361
3385,hsa-mir-429
36314,hsa-mir-18a
31703,hsa-mir-210
2767,hsa-mir-944
2767,hsa-mir-98
36314,hsa-mir-195
60750,hsa-mir-21
2520,hsa-mir-367
36314,hsa-mir-346
2733526,hsa-mir-197
2767,hsa-mir-485
60750,hsa-mir-223
3385,hsa-mir-210
31703,hsa-mir-30a
31703,hsa-mir-302c
60953,hsa-mir-198
3385,hsa-mir-200c
60750,hsa-mir-15b
3385,hsa-mir-497
148124,hsa-mir-29a
24180719,hsa-mir-3917
2767,hsa-mir-135b
31703,hsa-mir-587
5755,hsa-let-7c
5329102,hsa-mir-192
36314,hsa-mir-182
3657,hsa-mir-451a
5978,hsa-mir-122
36314,hsa-mir-885
3385,hsa-mir-4710
241903,hsa-mir-200c
2520,hsa-mir-587
2767,hsa-mir-451a
2767,hsa-mir-214
123631,hsa-mir-21
2520,hsa-mir-592
2767,hsa-mir-3162
31703,hsa-mir-96
31703,hsa-let-7a-1
2767,hsa-mir-338
60750,hsa-mir-1469
2767,hsa-mir-29c
3385,hsa-mir-190a
31703,hsa-mir-760
5291,hsa-mir-139
5329102,hsa-mir-30a
387447,hsa-mir-149
60750,hsa-mir-3940
60750,hsa-mir-324
36462,hsa-mir-320a
2767,hsa-mir-4289
31703,hsa-mir-15a
38904,hsa-mir-302d
31703,hsa-mir-99b
216239,hsa-mir-126
36314,hsa-mir-126
5743,hsa-mir-210
5978,hsa-mir-215
148124,hsa-mir-424
2767,hsa-mir-598
2767,hsa-mir-523
2767,hsa-mir-221
31703,hsa-mir-1291
31703,hsa-mir-589
36314,hsa-mir-107
2767,hsa-mir-193a
452548,hsa-mir-20a
3385,hsa-mir-371a
3385,hsa-mir-96
36314,hsa-mir-146a
36462,hsa-mir-326
36314,hsa-mir-205
60750,hsa-mir-4484
31703,hsa-mir-488
31703,hsa-mir-891b
31703,hsa-mir-7-1
2520,hsa-mir-30e
60750,hsa-mir-4685
31703,hsa-mir-421
2767,hsa-mir-215
5978,hsa-mir-4763
31703,hsa-mir-93
2767,hsa-mir-181c
5310940,hsa-mir-191
31703,hsa-mir-1277
3385,hsa-mir-584
2767,hsa-mir-186
97226,hsa-mir-373
2767,hsa-mir-21
5310940,hsa-mir-9-1
2767,hsa-mir-100
31703,hsa-mir-141
3385,hsa-mir-21
3385,hsa-mir-21
60750,hsa-mir-193a
2767,hsa-mir-193a
6253,hsa-mir-32
60750,hsa-mir-4711
5310940,hsa-mir-877
5310940,hsa-mir-196b
31703,hsa-mir-526b
36314,hsa-mir-100
60750,hsa-mir-4722
36314,hsa-mir-517a
24180719,hsa-mir-543
5978,hsa-mir-625
38904,hsa-mir-744
5310940,hsa-mir-205
60750,hsa-mir-378a
5755,hsa-mir-126
5310940,hsa-let-7c
3385,hsa-mir-4685
3385,hsa-mir-4787
23725625,hsa-mir-96
5310940,hsa-mir-1265
31703,hsa-mir-489
2767,hsa-mir-22
2733526,hsa-mir-628
31703,hsa-mir-301b
31703,hsa-mir-649
123631,hsa-mir-100
148124,hsa-mir-598
31703,hsa-mir-326
2767,hsa-mir-130a
60750,hsa-mir-4716
24180719,hsa-mir-30b
442972,hsa-mir-10b
31703,hsa-mir-766
2767,hsa-mir-342
3385,hsa-mir-200c
148124,hsa-let-7c
31703,hsa-mir-660
5746,hsa-mir-26b
5310940,hsa-mir-1275
2520,hsa-mir-18a
31703,hsa-let-7g
97226,hsa-mir-98
2767,hsa-mir-205
60750,hsa-mir-146a
5310940,hsa-mir-372
2520,hsa-mir-30d
3385,hsa-mir-532
36314,hsa-mir-634
5310940,hsa-mir-609
2767,hsa-mir-106a
60750,hsa-mir-4674
2767,hsa-mir-27b
2767,hsa-mir-625
31703,hsa-mir-371a
60750,hsa-mir-452
2767,hsa-let-7g
2767,hsa-mir-141
60750,hsa-mir-130a
387447,hsa-mir-30e
60780,hsa-mir-585
148124,hsa-mir-146b
24180719,hsa-mir-192
31703,hsa-mir-508
31703,hsa-mir-296
2767,hsa-mir-150
2520,hsa-mir-33a
60750,hsa-let-7f-1
2767,hsa-mir-342
5394,hsa-mir-455
31703,hsa-mir-345
2733526,hsa-mir-642a
31703,hsa-mir-18a
31703,hsa-mir-1911
2767,hsa-mir-31
387447,hsa-mir-92b
3385,hsa-mir-762
148124,hsa-mir-17
3385,hsa-mir-15b
2520,hsa-mir-10a
5310940,hsa-mir-1910
2520,hsa-mir-582
36462,hsa-mir-23b
24180719,hsa-mir-185
60750,hsa-mir-1288
36314,hsa-let-7b
3385,hsa-mir-27a
3385,hsa-mir-4706
2733526,hsa-mir-451a
31703,hsa-mir-18b
5329102,hsa-mir-214
60750,hsa-mir-28
3385,hsa-mir-4530
5978,hsa-mir-383
3385,hsa-mir-940
60750,hsa-mir-132
2767,hsa-mir-517b
2520,hsa-mir-655
60750,hsa-mir-142
2767,hsa-mir-429
31703,hsa-mir-186
2767,hsa-mir-98
126941,hsa-mir-210
2767,hsa-mir-455
36314,hsa-mir-221
60750,hsa-mir-151a
31703,hsa-mir-17
5310940,hsa-mir-30b
60750,hsa-mir-4638
36462,hsa-mir-23a
36314,hsa-mir-433
148124,hsa-mir-195
3385,hsa-mir-92b
3385,hsa-mir-3940
5755,hsa-mir-625
176870,hsa-mir-200b
31703,hsa-mir-621
2767,hsa-mir-96
5746,hsa-mir-297
38904,hsa-mir-3183
31703,hsa-mir-1256
148124,hsa-mir-34a
31703,hsa-mir-296
2767,hsa-mir-302a
60750,hsa-mir-324
5291,hsa-mir-155
148124,hsa-mir-151a
3385,hsa-mir-106b
148124,hsa-mir-190b
2733526,hsa-mir-510
5310940,hsa-mir-221
31703,hsa-mir-642a
2520,hsa-mir-374a
2733526,hsa-mir-7-1
148124,hsa-mir-100
2767,hsa-mir-421
123631,hsa-mir-638
387447,hsa-mir-122
36314,hsa-mir-377
5291,hsa-mir-151a
31703,hsa-mir-200c
5310940,hsa-mir-147a
3385,hsa-mir-410
36314,hsa-mir-4788
3385,hsa-mir-766
31703,hsa-mir-149
60750,hsa-mir-497
2767,hsa-mir-877
2767,hsa-mir-183
31703,hsa-let-7a-1
148124,hsa-mir-363
5310940,hsa-mir-25
31703,hsa-mir-33a
9915743,hsa-mir-630
36314,hsa-mir-16-1
2767,hsa-mir-146a
5329102,hsa-mir-193a
148124,hsa-mir-342
5310940,hsa-mir-1182
36314,hsa-mir-2114
3385,hsa-mir-627
60953,hsa-mir-33a
31703,hsa-mir-513c
36462,hsa-mir-217
60750,hsa-let-7d
2767,hsa-mir-517c
31703,hsa-mir-132
24180719,hsa-mir-23a
60750,hsa-mir-424
60750,hsa-mir-542
60750,hsa-mir-200c
3385,hsa-mir-663a
36314,hsa-mir-155
387447,hsa-mir-3185
5978,hsa-mir-106a
5978,hsa-mir-1915
3385,hsa-mir-665
2767,hsa-mir-205
60750,hsa-mir-4476
30323,hsa-mir-99a
126941,hsa-mir-365a
30323,hsa-mir-629
3385,hsa-mir-193b
60780,hsa-mir-513b
216239,hsa-mir-551b
36314,hsa-let-7e
31703,hsa-mir-373
60750,hsa-mir-4739
5978,hsa-mir-1207
3385,hsa-mir-1290
2767,hsa-mir-24-1
3385,hsa-mir-18a
60750,hsa-mir-4530
2767,hsa-mir-205
24180719,hsa-mir-1293
31703,hsa-mir-3681
31703,hsa-mir-25
60750,hsa-mir-590
2767,hsa-mir-21
31703,hsa-mir-373
5310940,hsa-mir-587
5978,hsa-mir-99a
31703,hsa-mir-135b
3385,hsa-mir-4745
2767,hsa-mir-214
3385,hsa-mir-4763
36314,hsa-mir-497
4212,hsa-mir-328
60750,hsa-mir-140
36462,hsa-mir-196b
2733526,hsa-mir-16-1
3385,hsa-mir-141
60750,hsa-mir-30d
36314,hsa-mir-335
36314,hsa-mir-1264
41867,hsa-mir-25
3385,hsa-mir-3064
36314,hsa-mir-3196
2767,hsa-mir-363
60750,hsa-mir-4535
5291,hsa-mir-16-1
2733526,hsa-mir-891a
36314,hsa-mir-363
24180719,hsa-mir-1287
5310940,hsa-mir-20a
31703,hsa-mir-555
2767,hsa-mir-876
60750,hsa-mir-4286
442972,hsa-mir-1-1
31703,hsa-mir-200c
31703,hsa-mir-185
31703,hsa-mir-339
2767,hsa-mir-223
216239,hsa-mir-663a
31703,hsa-mir-212
36314,hsa-mir-23c
5865,hsa-mir-187
36314,hsa-mir-335
216239,hsa-mir-660
2767,hsa-mir-193b
2520,hsa-mir-28
31703,hsa-mir-31
2520,hsa-mir-569
216239,hsa-mir-338
5284583,hsa-mir-206
123631,hsa-mir-766
2767,hsa-mir-214
148124,hsa-mir-301b
2520,hsa-mir-142
31703,hsa-mir-586
36314,hsa-mir-208a
2733526,hsa-mir-378a
2520,hsa-mir-563
2767,hsa-mir-136
5310940,hsa-mir-1297
2733526,hsa-mir-331
31703,hsa-mir-425
2767,hsa-mir-15a
36314,hsa-mir-375
60750,hsa-mir-22
31703,hsa-mir-765
31703,hsa-mir-100
442972,hsa-mir-23b
31703,hsa-mir-127
3385,hsa-mir-200c
5310940,hsa-mir-494
60750,hsa-mir-762
36314,hsa-mir-4713
2767,hsa-mir-4297
3385,hsa-let-7e
57347814,hsa-mir-21
2520,hsa-mir-140
31703,hsa-mir-1915
3385,hsa-mir-4476
31703,hsa-mir-142
148124,hsa-mir-100
3385,hsa-mir-192
31703,hsa-mir-4488
5755,hsa-mir-200c
24180719,hsa-mir-664a
5310940,hsa-mir-1323
36314,hsa-mir-10a
123631,hsa-mir-21
11226684,hsa-mir-200a
36314,hsa-mir-20a
5978,hsa-mir-224
3385,hsa-mir-433
60750,hsa-mir-100
5310940,hsa-mir-30d
2767,hsa-mir-3175
5310940,hsa-mir-1247
31703,hsa-mir-30a
2767,hsa-mir-615
60750,hsa-mir-34a
31703,hsa-mir-145
148124,hsa-mir-15a
38904,hsa-mir-181d
60750,hsa-mir-3937
5310940,hsa-mir-197
36314,hsa-mir-21
2767,hsa-mir-27a
36314,hsa-mir-133b
2767,hsa-mir-27b
36462,hsa-mir-21
2520,hsa-mir-302c
5310940,hsa-mir-338
5329102,hsa-mir-501
2767,hsa-mir-96
97226,hsa-mir-224
36314,hsa-mir-34c
3385,hsa-mir-132
2767,hsa-mir-182
216239,hsa-mir-100
2520,hsa-mir-520d
60750,hsa-mir-27b
2767,hsa-mir-93
60750,hsa-mir-21
31703,hsa-mir-7-1
148124,hsa-mir-141
3385,hsa-mir-143
60750,hsa-mir-4749
2733526,hsa-mir-185
2520,hsa-mir-576
3385,hsa-mir-200c
31703,hsa-mir-500a
5291,hsa-let-7i
31703,hsa-mir-574
5291,hsa-mir-1225
3385,hsa-mir-122
123631,hsa-mir-487b
5310940,hsa-mir-609
5394,hsa-mir-182
126941,hsa-mir-378a
31703,hsa-mir-203a
2520,hsa-mir-539
36314,hsa-mir-193b
36314,hsa-mir-17
3385,hsa-mir-21
2767,hsa-mir-10a
97226,hsa-let-7g
36314,hsa-mir-106a
5310940,hsa-mir-30e
36314,hsa-mir-1204
5310940,hsa-mir-557
2767,hsa-mir-455
5310940,hsa-mir-204
31703,hsa-mir-4701
5310940,hsa-mir-15a
36314,hsa-mir-149
148124,hsa-mir-375
2767,hsa-mir-1238
5291,hsa-mir-107
3385,hsa-mir-4516
148124,hsa-mir-149
11226684,hsa-mir-200c
5311,hsa-mir-411
5978,hsa-mir-3162
5310940,hsa-mir-106a
5310940,hsa-mir-602
5310940,hsa-mir-1264
2767,hsa-mir-148b
91820602,hsa-mir-375
2767,hsa-mir-645
387447,hsa-mir-146a
60750,hsa-mir-7-1
5310940,hsa-mir-483
3385,hsa-mir-424
31703,hsa-mir-3660
38904,hsa-mir-642a
5310940,hsa-mir-382
2767,hsa-mir-532
31703,hsa-mir-126
2520,hsa-mir-499a
5329102,hsa-mir-141
3385,hsa-mir-1908
3385,hsa-mir-320a
31703,hsa-mir-192
2733526,hsa-mir-429
2767,hsa-mir-200b
36462,hsa-mir-106a
2767,hsa-mir-200c
2767,hsa-mir-34a
31703,hsa-mir-933
36314,hsa-mir-27a
2767,hsa-mir-223
2767,hsa-mir-133b
31703,hsa-mir-1265
97226,hsa-mir-365a
216239,hsa-mir-222
3385,hsa-mir-424
2767,hsa-mir-23b
3385,hsa-mir-196b
2767,hsa-mir-20a
5310940,hsa-mir-595
5310940,hsa-mir-558
9903,hsa-mir-21
2767,hsa-mir-29a
3385,hsa-mir-216a
2520,hsa-mir-496
5310940,hsa-mir-1246
31703,hsa-mir-1236
3385,hsa-mir-27a
2767,hsa-mir-25
2767,hsa-mir-200a
31703,hsa-mir-30e
38904,hsa-mir-146a
31703,hsa-mir-485
5310940,hsa-mir-7-1
36314,hsa-mir-373
60750,hsa-mir-4478
2767,hsa-mir-520f
3657,hsa-mir-451a
31703,hsa-mir-1915
5310940,hsa-mir-7-3
123631,hsa-mir-200c
31703,hsa-mir-409
2767,hsa-mir-378a
31703,hsa-mir-409
60750,hsa-mir-4447
36314,hsa-mir-130b
60780,hsa-mir-519b
3385,hsa-mir-920
31703,hsa-mir-204
2767,hsa-mir-4289
5310940,hsa-mir-634
2767,hsa-mir-642a
91820602,hsa-mir-17
216239,hsa-mir-99b
148124,hsa-mir-371a
31703,hsa-mir-27b
31703,hsa-mir-876
3385,hsa-mir-4685
5394,hsa-mir-195
36314,hsa-let-7a-1
2767,hsa-mir-495
5310940,hsa-mir-383
60750,hsa-mir-25
2767,hsa-mir-155
31703,hsa-mir-216a
60606,hsa-mir-223
5394,hsa-mir-452
60750,hsa-mir-500a
2520,hsa-mir-662
2767,hsa-mir-10a
4891,hsa-mir-223
2767,hsa-mir-494
3385,hsa-mir-27b
60750,hsa-mir-4261
60750,hsa-mir-16-1
60750,hsa-mir-181c
31703,hsa-mir-495
60750,hsa-mir-362
5310940,hsa-mir-613
2767,hsa-mir-99b
43815,hsa-mir-151a
31703,hsa-mir-1915
31703,hsa-mir-191
60750,hsa-mir-2467
2767,hsa-mir-199b
11228183,hsa-mir-193b
2767,hsa-let-7f-1
5291,hsa-let-7i
60750,hsa-mir-3154
31703,hsa-mir-326
216239,hsa-mir-668
176870,hsa-mir-34c
2767,hsa-mir-10b
36314,hsa-mir-200c
5310940,hsa-mir-192
5310940,hsa-mir-595
3385,hsa-mir-22
126941,hsa-mir-149
2767,hsa-mir-9-1
31703,hsa-mir-362
36462,hsa-mir-23b
36314,hsa-mir-106b
2520,hsa-mir-221
2767,hsa-mir-106a
3385,hsa-mir-32
2767,hsa-mir-545
5394,hsa-mir-584
2767,hsa-mir-141
31703,hsa-mir-195
36314,hsa-mir-193a
31703,hsa-mir-365a
24360,hsa-mir-107
5978,hsa-mir-497
3385,hsa-mir-3147
2767,hsa-mir-645
31703,hsa-mir-33b
5310940,hsa-mir-24-1
60750,hsa-mir-4521
31703,hsa-mir-27a
2767,hsa-mir-21
60750,hsa-mir-21
241903,hsa-mir-296
41867,hsa-mir-28
60750,hsa-mir-99b
3385,hsa-mir-557
91820602,hsa-mir-640
5978,hsa-mir-193b
3385,hsa-mir-519e
2767,hsa-mir-10b
36314,hsa-mir-4478
5310940,hsa-mir-33b
148124,hsa-mir-146a
2733526,hsa-mir-155
176870,hsa-mir-141
36314,hsa-mir-28
2767,hsa-mir-200c
36314,hsa-mir-100
3385,hsa-mir-4758
126941,hsa-mir-27b
2767,hsa-mir-942
216239,hsa-mir-146b
11226684,hsa-mir-141
2767,hsa-mir-200a
2767,hsa-mir-542
2767,hsa-mir-4258
3385,hsa-mir-191
2520,hsa-let-7e
31703,hsa-mir-4485
2767,hsa-mir-411
5865,hsa-mir-455
31703,hsa-mir-32
3385,hsa-mir-4279
5310940,hsa-mir-335
2767,hsa-mir-22
36314,hsa-mir-647
36314,hsa-mir-30a
31703,hsa-mir-27b
91820602,hsa-mir-146a
5978,hsa-mir-222
5310940,hsa-mir-1178
2767,hsa-mir-210
5310940,hsa-mir-34a
31703,hsa-mir-495
2767,hsa-mir-30b
104741,hsa-mir-221
3385,hsa-mir-1228
3385,hsa-mir-518f
2767,hsa-mir-10a
31703,hsa-mir-769
2767,hsa-mir-200b
60750,hsa-mir-3139
3385,hsa-mir-3184
2733526,hsa-mir-300
2767,hsa-mir-378b
2767,hsa-mir-145
31703,hsa-mir-21
60750,hsa-mir-9-1
60750,hsa-mir-371a
60750,hsa-mir-2355
2767,hsa-mir-107
60750,hsa-mir-99b
104741,hsa-mir-155
3385,hsa-mir-4258
5310940,hsa-mir-17
31703,hsa-mir-205
123631,hsa-mir-27b
5291,hsa-mir-301a
2767,hsa-mir-374b
2733526,hsa-mir-615
60750,hsa-mir-338
60750,hsa-mir-4640
2767,hsa-mir-214
31703,hsa-mir-30d
5329102,hsa-mir-628
2520,hsa-mir-302c
31703,hsa-mir-1-1
2767,hsa-mir-200b
60750,hsa-mir-584
636397,hsa-mir-193a
2767,hsa-mir-21
2520,hsa-mir-451a
60750,hsa-mir-10b
31703,hsa-mir-193b
5746,hsa-mir-30b
31703,hsa-mir-30e
148124,hsa-mir-30e
2767,hsa-mir-34c
36314,hsa-mir-20b
60780,hsa-mir-34c
60750,hsa-mir-424
36462,hsa-mir-29c
60750,hsa-mir-146a
5310940,hsa-mir-1206
30323,hsa-mir-21
31703,hsa-mir-454
5310940,hsa-mir-760
60750,hsa-mir-361
31703,hsa-mir-100
5329102,hsa-mir-204
5310940,hsa-mir-145
31703,hsa-mir-424
5310940,hsa-mir-661
60750,hsa-mir-24-2
2767,hsa-mir-744
36314,hsa-let-7e
36314,hsa-mir-767
60750,hsa-mir-25
5310940,hsa-mir-297
2767,hsa-mir-1470
60750,hsa-mir-4521
60750,hsa-mir-4800
60750,hsa-mir-21
2767,hsa-mir-31
5310940,hsa-mir-222
60750,hsa-mir-214
36314,hsa-mir-337
30323,hsa-mir-383
60750,hsa-mir-1343
5329102,hsa-mir-942
31703,hsa-mir-935
122724,hsa-mir-326
91820602,hsa-mir-29c
2767,hsa-mir-34a
2767,hsa-mir-203a
5310940,hsa-mir-664a
2767,hsa-mir-145
2767,hsa-mir-25
60750,hsa-mir-130a
36462,hsa-mir-485
2767,hsa-mir-205
5978,hsa-mir-22
2767,hsa-mir-146a
2767,hsa-mir-519b
36314,hsa-mir-326
5310940,hsa-mir-33b
5310940,hsa-mir-412
31703,hsa-mir-34a
3385,hsa-mir-491
5291,hsa-mir-17
31703,hsa-mir-634
91820602,hsa-mir-595
36462,hsa-mir-330
2767,hsa-mir-331
3385,hsa-mir-3195
2767,hsa-mir-21
2767,hsa-let-7e
3385,hsa-mir-140
3385,hsa-mir-193a
2767,hsa-mir-518c
31703,hsa-mir-448
60750,hsa-mir-222
2907,hsa-mir-663a
31703,hsa-mir-99a
31703,hsa-mir-455
31703,hsa-mir-34c
2767,hsa-mir-363
3385,hsa-mir-4728
36314,hsa-mir-1200
60750,hsa-mir-4466
31703,hsa-mir-16-1
38904,hsa-mir-30b
2767,hsa-let-7f-1
2767,hsa-mir-99a
148124,hsa-mir-34b
60750,hsa-mir-1247
2520,hsa-mir-586
5329102,hsa-mir-31
2767,hsa-mir-320a
60780,hsa-mir-375
60750,hsa-mir-3186
36314,hsa-mir-3127
31703,hsa-mir-16-1
36314,hsa-mir-134
38904,hsa-mir-4285
60750,hsa-mir-200c
2767,hsa-mir-612
2767,hsa-mir-10a
5394,hsa-mir-9-1
31703,hsa-mir-769
216239,hsa-mir-122
31703,hsa-mir-920
2767,hsa-mir-206
2767,hsa-mir-21
5310940,hsa-mir-585
31703,hsa-mir-520d
2767,hsa-mir-1297
2767,hsa-mir-22
2767,hsa-mir-185
2767,hsa-mir-3183
31703,hsa-mir-517c
216239,hsa-mir-627
24978538,hsa-mir-605
5978,hsa-mir-532
5310940,hsa-mir-1182
5310940,hsa-mir-675
36314,hsa-mir-130b
241903,hsa-mir-27a
3385,hsa-mir-4487
24180719,hsa-mir-146a
60750,hsa-mir-940
36314,hsa-mir-125a
24180719,hsa-mir-27b
31703,hsa-mir-593
123631,hsa-mir-375
31703,hsa-mir-148a
216239,hsa-mir-193b
148124,hsa-mir-149
97226,hsa-mir-429
31703,hsa-mir-934
2767,hsa-mir-21
5310940,hsa-mir-483
24180719,hsa-mir-30d
3385,hsa-mir-204
2767,hsa-mir-875
31703,hsa-mir-381
31703,hsa-mir-203a
176870,hsa-mir-135b
126941,hsa-mir-210
3385,hsa-mir-193b
126941,hsa-mir-34c
5291,hsa-mir-132
31703,hsa-mir-27b
31703,hsa-mir-200c
148124,hsa-mir-7-1
148124,hsa-mir-205
36314,hsa-mir-23b
5978,hsa-mir-23a
3385,hsa-mir-373
60750,hsa-mir-21
36314,hsa-mir-146a
148124,hsa-mir-200c
91820602,hsa-mir-18a
148124,hsa-mir-301a
2520,hsa-mir-760
2767,hsa-let-7g
60750,hsa-mir-208a
2767,hsa-mir-31
60750,hsa-mir-200a
36314,hsa-mir-1287
36462,hsa-mir-200b
5291,hsa-mir-27b
3385,hsa-mir-3173
31703,hsa-mir-20b
5291,hsa-mir-183
5291,hsa-mir-15a
2767,hsa-mir-100
148124,hsa-mir-205
5746,hsa-mir-4285
36314,hsa-mir-615
31703,hsa-mir-520h
31703,hsa-mir-200c
2767,hsa-mir-145
31703,hsa-mir-149
30323,hsa-let-7c
31703,hsa-mir-301a
97226,hsa-mir-31
36314,hsa-mir-483
122724,hsa-mir-217
36314,hsa-mir-640
36314,hsa-mir-375
60750,hsa-mir-3064
60750,hsa-mir-191
5310940,hsa-mir-373
122724,hsa-mir-335
176870,hsa-mir-21
3385,hsa-mir-3621
3385,hsa-mir-921
5310940,hsa-mir-155
5310940,hsa-mir-15a
5310940,hsa-mir-449b
30323,hsa-mir-210
2767,hsa-mir-182
31703,hsa-mir-221
31703,hsa-mir-200c
3385,hsa-mir-1202
3385,hsa-mir-20a
91820602,hsa-mir-377
60750,hsa-mir-4288
5310940,hsa-mir-34b
31703,hsa-mir-4728
60750,hsa-mir-4455
5310940,hsa-mir-1257
91820602,hsa-mir-190b
31703,hsa-mir-620
3385,hsa-mir-326
5291,hsa-mir-483
2733526,hsa-mir-375
2767,hsa-mir-296
2520,hsa-mir-605
123631,hsa-mir-148a
2733526,hsa-mir-193b
5394,hsa-mir-502
60750,hsa-mir-27a
36314,hsa-mir-3161
2767,hsa-mir-23a
5310940,hsa-mir-204
148124,hsa-mir-222
387447,hsa-mir-1915
60750,hsa-mir-670
2767,hsa-mir-20b
126941,hsa-mir-382
5329102,hsa-mir-145
3385,hsa-mir-145
5284616,hsa-mir-17
31703,hsa-mir-152
36314,hsa-mir-4678
36314,hsa-mir-29c
97226,hsa-mir-200c
5310940,hsa-mir-601
5310940,hsa-mir-576
5310940,hsa-mir-1270
2767,hsa-mir-339
31703,hsa-mir-500b
31703,hsa-mir-3117
60750,hsa-mir-765
5291,hsa-mir-130b
5291,hsa-mir-663a
3385,hsa-mir-3131
91820602,hsa-mir-609
2520,hsa-mir-601
31703,hsa-mir-1915
31703,hsa-mir-626
31703,hsa-mir-1234
31703,hsa-mir-223
2767,hsa-mir-326
3385,hsa-mir-520a
5329102,hsa-mir-362
9826528,hsa-mir-135b
3385,hsa-mir-670
123631,hsa-mir-134
148124,hsa-mir-126
36314,hsa-mir-4284
148124,hsa-mir-25
31703,hsa-mir-760
2733526,hsa-mir-96
60750,hsa-mir-455
30323,hsa-mir-200c
5310940,hsa-mir-122
148124,hsa-mir-9-1
36314,hsa-mir-106b
31703,hsa-mir-613
36314,hsa-mir-195
31703,hsa-mir-221
5291,hsa-mir-29c
2520,hsa-mir-606
31703,hsa-mir-519b
31703,hsa-mir-21
2767,hsa-mir-497
2767,hsa-mir-96
3385,hsa-mir-1976
60750,hsa-mir-4723
2767,hsa-mir-148b
2767,hsa-mir-489
2767,hsa-mir-29c
2767,hsa-mir-520f
2767,hsa-mir-181d
126941,hsa-mir-24-1
36314,hsa-mir-920
31703,hsa-mir-222
31703,hsa-mir-331
5394,hsa-mir-149
3385,hsa-mir-587
2767,hsa-mir-639
60750,hsa-mir-614
31703,hsa-mir-361
2767,hsa-mir-631
31703,hsa-mir-489
38904,hsa-mir-26b
2520,hsa-mir-369
38904,hsa-mir-4258
31703,hsa-mir-210
5310940,hsa-mir-222
148124,hsa-mir-650
31703,hsa-mir-31
31703,hsa-mir-139
60750,hsa-mir-1915
104741,hsa-mir-222
2767,hsa-mir-200b
36314,hsa-mir-30a
60750,hsa-mir-146a
31703,hsa-mir-215
36314,hsa-mir-296
2767,hsa-let-7e
5310940,hsa-mir-224
2520,hsa-mir-652
5978,hsa-mir-3141
2767,hsa-mir-182
31703,hsa-mir-582
2767,hsa-mir-200c
31703,hsa-mir-202
2733526,hsa-mir-200c
31703,hsa-mir-134
5394,hsa-mir-17
3385,hsa-mir-622
36314,hsa-mir-18a
31703,hsa-mir-34a
3385,hsa-mir-31
5978,hsa-mir-100
5310940,hsa-mir-328
