5310940,NC1CCCCC1N.O=C(O)C(=O)O.[Pt]
60750,Nc1ccn(C2OC(CO)C(O)C2(F)F)c(=O)n1
5284616,COC1CC2CCC(C)C(O)(O2)C(=O)C(=O)N2CCCCC2C(=O)OC(C(C)CC2CCC(O)C(OC)C2)CC(=O)C(C)C=C(C)C(O)C(OC)C(=O)C(C)CC(C)C=CC=CC=C1C
2767,Cl[Pt+2]Cl.[NH2-].[NH2-]
123631,COc1cc2ncnc(Nc3ccc(F)c(Cl)c3)c2cc1OCCCN1CCOCC1
31703,COc1cccc2c1C(=O)c1c(O)c3c(c(O)c1C2=O)CC(O)(C(=O)CO)CC3OC1CC(N)C(O)C(C)O1
387447,CC(C)CC(NC(=O)C(Cc1ccccc1)NC(=O)c1cnccn1)B(O)O
36462,COc1cc(C2c3cc4c(cc3C(OC3OC5COC(C)OC5C(O)C3O)C3COC(=O)C23)OCO4)cc(OC)c1O
6253,Nc1ccn(C2OC(CO)C(O)C2O)c(=O)n1
5360373,Cc1c(N)nc(C(CC(N)=O)NCC(N)C(N)=O)nc1C(=O)NC(C(=O)NC(C)C(O)C(C)C(=O)NC(C(=O)NCCc1nc(-c2nc(C(=O)NCCC[S+](C)C)cs2)cs1)C(C)O)C(OC1OC(CO)C(O)C(O)C1OC1OC(CO)C(O)C(OC(N)=O)C1O)c1cnc[nH]1
4033,CN(CCCl)CCCl
5394,Cn1nnc2c(C(N)=O)ncn2c1=O
3385,O=c1[nH]cc(F)c(=O)[nH]1
5997,CC(C)CCCC(C)C1CCC2C3CC=C4CC(O)CCC4(C)C3CCC12C
712,C=O
3229,CCn1cc(C(=O)O)c(=O)c2cc(F)c(N3CCNCC3)nc21
3652,CCN(CCO)CCCC(C)Nc1ccnc2cc(Cl)ccc12
4091,CN(C)C(=N)N=C(N)N
5291,Cc1ccc(NC(=O)c2ccc(CN3CCN(C)CC3)cc2)cc1Nc1nccc(-c2cccnc2)n1
5757,CC12CCC3c4ccc(O)cc4CCC3C1CCC2O
5865,CC12C=CC(=O)C=C1CCC1C2C(=O)CC2(C)C1CCC2(O)C(=O)CO
14888,[As+3].[As+3].[O-2].[O-2].[O-2]
36314,CC(=O)OC1C(=O)C2(C)C(O)CC3OCC3(OC(C)=O)C2C(OC(=O)c2ccccc2)C2(O)CC(OC(=O)C(O)C(NC(=O)c3ccccc3)c3ccccc3)C(C)=C1C2(C)C
41867,COc1cccc2c1C(=O)c1c(O)c3c(c(O)c1C2=O)CC(O)(C(=O)CO)CC3OC1CC(N)C(O)C(C)O1
60953,CCCCCOC(=O)Nc1nc(=O)n(C2OC(C)C(O)C2O)cc1F
162282,[NH-]C(=O)[CH+]CCCCN
444732,CC(C=CC(=O)NO)=CC(C)C(=O)c1ccc(N(C)C)cc1
444795,CC(C=CC1=C(C)CCCC1(C)C)=CC=CC(C)=CC(=O)O
969516,COc1cc(C=CC(=O)CC(=O)C=Cc2ccc(O)c(OC)c2)ccc1O
5280795,C=C1CCC(O)CC1=CC=C1CCCC2(C)C1CCC2C(C)CCCC(C)C
16197265,Nc1ccn(C2OC(COP(=O)(O)O)C(OP(=O)(O)OCC3OC(n4ccc(N)nc4=O)C(O)C3OP(=O)(O)OCC3OC(n4ccc(N)nc4=O)C(O)C3OP(=O)(O)OCC3OC(n4ccc(N)nc4=O)C(O)C3OP(=O)(O)OCC3OC(n4ccc(N)nc4=O)C(O)C3OP(=O)(O)OCC3OC(n4ccc(N)nc4=O)C(O)C3OP(=O)(O)OCC3OC(n4ccc(N)nc4=O)C(O)C3OP(=O)(O)OCC3OC(n4ccc(N)nc4=O)C(O)C3OP(=O)(O)OCC3OC(n4ccc(N)nc4=O)C(O)C3OP(=O)(O)OCC3OC(n4ccc(N)nc4=O)C(O)C3OP(=O)(O)OCC3OC(n4ccc(N)nc4=O)C(O)C3OP(=O)(O)OCC3OC(n4ccc(N)nc4=O)C(O)C3OP(=O)(O)OCC3OC(n4ccc(=O)[nH]c4=O)C(O)C3O)C2O)c(=O)n1.O=c1[nH]cnc2c1ncn2C1OC(COP(=O)(O)OC2C(COP(=O)(O)OC3C(COP(=O)(O)OC4C(COP(=O)(O)OC5C(COP(=O)(O)OC6C(COP(=O)(O)OC7C(COP(=O)(O)OC8C(COP(=O)(O)OC9C(COP(=O)(O)OC%10C(COP(=O)(O)OC%11C(COP(=O)(O)OC%12C(COP(=O)(O)OC%13C(COP(=O)(O)O)OC(n%14cnc%15c(=O)[nH]cnc%15%14)C%13O)OC(n%13cnc%14c(=O)[nH]cnc%14%13)C%12O)OC(n%12cnc%13c(=O)[nH]cnc%13%12)C%11O)OC(n%11cnc%12c(=O)[nH]cnc%12%11)C%10O)OC(n%10cnc%11c(=O)[nH]cnc%11%10)C9O)OC(n9cnc%10c(=O)[nH]cnc%109)C8O)OC(n8cnc9c(=O)[nH]cnc98)C7O)OC(n7cnc8c(=O)[nH]cnc87)C6O)OC(n6cnc7c(=O)[nH]cnc76)C5O)OC(n5cnc6c(=O)[nH]cnc65)C4O)OC(n4cnc5c(=O)[nH]cnc54)C3O)OC(n3cnc4c(=O)[nH]cnc43)C2O)C(O)C1O
21633059,CC(=O)C1(O)CCC2(O)C3(O)CC=C4CC(O)CCC4(C)C3CC(OC(=O)C=C(C)C(C)C)C12C
24180719,CCCS(=O)(=O)Nc1ccc(F)c(C(=O)c2c[nH]c3ncc(Cl)cc23)c1F
46843772,CCOc1cc(N2CCC(O)CC2)ccc1Nc1ncc2c(n1)N(C)c1ccccc1C(=O)N2C
43815,Fc1ccc(C2CCNCC2COc2ccc3c(c2)OCO3)cc1
229455,CC12CCC3C4CCC(=O)C=C4CCC3C1CCC2OC(=O)CCc1ccccc1
2733526,CCC(=C(c1ccccc1)c1ccc(OCCN(C)C)cc1)c1ccccc1
91820602,Br.C=C1N(CCCCCC(=O)O)c2ccccc2C1(C)C
5755,CC12C=CC(=O)C=C1CCC1C2C(O)CC2(C)C1CCC2(O)C(=O)CO
5978,CCC1(O)CC2CN(CCc3c([nH]c4ccccc34)C(C(=O)OC)(c3cc4c(cc3OC)N(C=O)C3C(O)(C(=O)OC)C(OC(C)=O)C5(CC)C=CCN6CCC43C65)C2)C1
6623,CC(C)(c1ccc(O)cc1)c1ccc(O)cc1
30323,COc1cccc2c1C(=O)c1c(O)c3c(c(O)c1C2=O)CC(O)(C(C)=O)CC3OC1CC(N)C(O)C(C)O1
104741,CC12CCC3c4ccc(O)cc4CC(CCCCCCCCCS(=O)CCCC(F)(F)C(F)(F)F)C3C1CCC2O
119307,CC(C)=CCCC(C)(O)C1CCC2(C)C1C(O)CC1C3(C)CCC(OC4OC(CO)C(O)C(O)C4O)C(C)(C)C3CCC12C
148124,CC(=O)OC12COC1CC(O)C1(C)C(=O)C(O)C3=C(C)C(OC(=O)C(O)C(NC(=O)OC(C)(C)C)c4ccccc4)CC(O)(C(OC(=O)c4ccccc4)C21)C3(C)C
176870,C#Cc1cccc(Nc2ncnc3cc(OCCOC)c(OCCOC)cc23)c1
216239,CNC(=O)c1cc(Oc2ccc(NC(=O)Nc3ccc(Cl)c(C(F)(F)F)c3)cc2)ccn1
253602,COc1ccc(CC2NCC(O)C2OC(C)=O)cc1
241,c1ccccc1
38904,N.N.O=C(O)C1(C(=O)O)CCC1.[Pt]
446220,COC(=O)C1C(OC(=O)c2ccccc2)CC2CCC1N2C
2375,CC(O)(CS(=O)(=O)c1ccc(F)cc1)C(=O)Nc1ccc(C#N)c(C(F)(F)F)c1
2520,COc1ccc(CCN(C)CCCC(C#N)(c2ccc(OC)c(OC)c2)C(C)C)cc1OC
9700,Cc1cn(C2CC(O)C(COP(=O)(O)O)O2)c(=O)[nH]c1=O
445580,CCC=CCC=CCC=CCC=CCC=CCC=CCCC(=O)O
3902,N#Cc1ccc(C(c2ccc(C#N)cc2)n2cncn2)cc1
10621,COc1ccc(C2CC(=O)c3c(O)cc(OC4OC(COC5OC(C)C(O)C(O)C5O)C(O)C(O)C4O)cc3O2)cc1O
445639,CCCCCCCCC=CCCCCCCCC(=O)O
451668,Nc1ncn(C2CC(O)C(CO)O2)c(=O)n1
2336,c1ccc2c(c1)cc1ccc3cccc4ccc2c1c34
5743,CC1CC2C3CCC4=CC(=O)C=CC4(C)C3(F)C(O)CC2(C)C1(O)C(=O)CO
5746,COC12C(COC(N)=O)C3=C(C(=O)C(C)=C(N)C3=O)N1CC1NC12
448537,CCC(=C(CC)c1ccc(O)cc1)c1ccc(O)cc1
460612,NC(Cc1ccc(N(CCCl)CCCl)cc1)C(=O)O
5280453,C=C1C(=CC=C2CCCC3(C)C2CCC3C(C)CCCC(C)(C)O)CC(O)CC1O
6857599,NC1CCCCC1N.O=C(O)C(=O)O.[Pt+2]
135403648,Nc1nc2c(c(=O)[nH]1)N(C=O)C(CNc1ccc(C(=O)NC(CCC(=O)O)C(=O)O)cc1)CN2
5793,OCC1OC(O)C(O)C(O)C1O
13342,CCC1(O)CC2CN(CCc3c([nH]c4ccccc34)C(C(=O)OC)(c3cc4c(cc3OC)N(C)C3C(O)(C(=O)OC)C(OC(C)=O)C5(CC)C=CCN6CCC43C65)C2)C1
24497,O=S(=O)([O-])[O-].[Ca+2]
89594,CN1CCCC1c1cccnc1
216345,COc1ccc(C2=NC(c3ccc(Cl)cc3)C(c3ccc(Cl)cc3)N2C(=O)N2CCNC(=O)C2)c(OC(C)C)c1
446556,Nc1nc(=O)c2c(CCc3ccc(C(=O)NC(CCC(=O)O)C(=O)O)cc3)c[nH]c2[nH]1
5280961,O=c1c(-c2ccc(O)cc2)coc2cc(O)cc(O)c12
5288826,CN1CCC23c4c5ccc(O)c4OC2C(O)C=CC3C1C5
2907,O=P1(N(CCCl)CCCl)NCCCO1
6106,CC(C)CC(N)C(=O)O
6279,CC(=O)OC1(C(C)=O)CCC2C3CC(C)C4=CC(=O)CCC4(C)C3CCC21C
9444,Nc1ncn(C2OC(CO)C(O)C2O)c(=O)n1
24360,CCC1(O)C(=O)OCc2c1cc1n(c2=O)Cc2cc3ccccc3nc2-1
60700,CCC1(O)C(=O)OCc2c1cc1n(c2=O)Cc2cc3c(CN(C)C)c(O)ccc3nc2-1
104842,CCc1c2c(nc3ccc(O)cc13)-c1cc3c(c(=O)n1C2)COC(=O)C3(O)CC
108065,COc1c(O)cc(C2Oc3c(c(O)cc(O)c3C3c4c(O)cc(O)cc4OC(c4ccc(O)cc4)C3O)CC2O)cc1O
442972,CC1=C2CC3C(CC=C4CC(O)CCC43C)C2CCC12OC1CC(C)CNC1C2C
449171,CC(C=CC1=C(C)CCCC1(C)C)=CC=CC(C)=CC(=O)O
644241,Cc1cn(-c2cc(NC(=O)c3ccc(C)c(Nc4nccc(-c5cccnc5)n4)c3)cc(C(F)(F)F)c2)cn1
3062316,Cc1nc(Nc2ncc(C(=O)Nc3c(C)cccc3Cl)s2)cc(N2CCN(CCO)CC2)n1
5329102,CCN(CC)CCNC(=O)c1c(C)[nH]c(C=C2C(=O)Nc3ccc(F)cc32)c1C
5352624,CSc1ccc(C=C2C(C)=C(CC(=O)O)c3cc(F)ccc32)cc1
5311,O=C(CCCCCCC(=O)Nc1ccccc1)NO
1832,COc1ccc2[nH]cc(CCN(C)C)c2c1
2995,CNCCCN1c2ccccc2CCc2ccccc21
4095,CCC(=O)C(CC(C)N(C)C)(c1ccccc1)c1ccccc1
4158,COC(=O)C(c1ccccc1)C1CCCCN1
6089,CN(C)CCc1c[nH]c2ccccc12
37542,NC(=O)c1ncn(C2OC(CO)C(O)C2O)n1
60852,CCCCCN(C)CCC(O)(P(=O)(O)O)P(=O)(O)O
5280951,COc1ccc2c(c1)=NC1=C(C)NCCC=21
4212,O=C1c2c(O)ccc(O)c2C(=O)c2c(NCCNCCO)ccc(NCCNCCO)c21
4763,CCC1(c2ccccc2)C(=O)NC(=O)NC1=O
5959,O=C(NC(CO)C(O)c1ccc([N+](=O)[O-])cc1)C(Cl)Cl
9804992,CCN(CC)Cc1ccc2cc(COC(=O)Nc3ccc(C(=O)NO)cc3)ccc2c1
4624,NCCc1cc(O)c(O)cc1O
5994,CC(=O)C1CCC2C3CCC4=CC(=O)CCC4(C)C3CCC12C
97226,CCC1(O)C(=O)OCc2c1cc1n(c2=O)Cc2cc3cc(O)ccc3nc2-1
47318,Cc1c(-c2cnccn2)ssc1=S
452548,COc1cc(C2c3cc4c(cc3C(OC3OC5COC(c6cccs6)OC5C(O)C3O)C3COC(=O)C23)OCO4)cc(OC)c1O
544,[O-][As]([O-])[O-]
702,CCO
784,OO
2353,COc1ccc2cc3[n+](cc2c1OC)CCc1cc2c(cc1-3)OCO2
3071,c1ccc2c(Cc3c[nH]c4ccccc34)c[nH]c2c1
3101,c1ccc2c(c1)[I+]c1ccccc1-2
3121,CCCC(CCC)C(=O)O
3763,FC(F)OC(Cl)C(F)(F)F
4943,CC(C)c1cccc(C(C)C)c1O
5538,CC(C=CC1=C(C)CCCC1(C)C)=CC=CC(C)=CC(=O)O
5789,Cc1cn(C2CC(O)C(CO)O2)c(=O)[nH]c1=O
6037,Nc1nc(=O)c2nc(CNc3ccc(C(=O)NC(CCC(=O)O)C(=O)O)cc3)cnc2[nH]1
10635,CC12CCC3C(CCC4CC(=O)CCC43C)C1CCC2O
13089,Clc1ccc(C(c2ccccc2Cl)C(Cl)(Cl)Cl)cc1
21109,COc1ccc(CN2CCNCC2)c(OC)c1OC
24759,CC(=O)NC1C(O)OC(CO)C(O)C1OC1OC(C(=O)O)C(OC2OC(CO)C(O)C(OC3OC(C(=O)O)C(O)C(O)C3O)C2NC(C)=O)C(O)C1O
44259,CNC1CC2OC(C)(C1OC)n1c3ccccc3c3c4c(c5c6ccccc6n2c5c31)C(=O)NC4
53232,CCC(C)C(=O)OC1CC(C)C=C2C=CC(C)C(CCC3CC(O)CC(=O)O3)C21
64971,C=C(C)C1CCC2(C(=O)O)CCC3(C)C(CCC4C5(C)CCC(O)C(C)(C)C5CCC43C)C12
91466,O=C1CCCC2C3CCCN4CCCC(CN12)C34
107985,CC(C)C12OC1C1OC13C1(C)CCC4=C(COC4=O)C1CC1OC13C2O
261004,O=[As]O[As]=O
439530,COc1ccc(CC(N)C(=O)NC2C(CO)OC(n3cnc4c(N(C)C)ncnc43)C2O)cc1
445154,Oc1ccc(C=Cc2cc(O)cc(O)c2)cc1
445434,C=C1C(=O)NC(C)C(=O)NC(CC(C)C)C(=O)NC(C(=O)O)C(C)C(=O)NC(CCCN=C(N)N)C(=O)NC(C=CC(C)=CC(C)C(Cc2ccccc2)OC)C(C)C(=O)NC(C(=O)O)CCC(=O)N1C
657237,Nc1nc(F)nc2c1ncn2C1OC(CO)C(O)C1O
5280360,CCCCCC(O)C=CC1C(O)CC(=O)C1CC=CCCCC(=O)O
9576410,CN(C(N)=NN=O)[N+](=O)[O-]
6013,CC12CCC(=O)C=C1CCC1C2CCC2(C)C(O)CCC12
6041,CNCC(O)c1cccc(O)c1
60838,CCc1c2c(nc3ccc(OC(=O)N4CCC(N5CCCCC5)CC4)cc13)-c1cc3c(c(=O)n1C2)COC(=O)C3(O)CC
65110,NC(=O)c1ncn(C2OC(COP(=O)(O)O)C(O)C2O)c1N
119104,C=CC(OC(C)=O)c1ccc(OC(C)=O)cc1
25244711,O=c1[nH]c(=O)n(C2CC(O)C(COP(=O)([O-])[O-])O2)cc1F
5790,O=c1[nH]c(=O)n(C2CC(O)C(CO)O2)cc1F
126941,CN(Cc1cnc2nc(N)nc(N)c2n1)c1ccc(C(=O)NC(CCC(=O)O)C(=O)O)cc1
5284373,CC=CCC(C)C(O)C1C(=O)NC(CC)C(=O)N(C)CC(=O)N(C)C(CC(C)C)C(=O)NC(C(C)C)C(=O)N(C)C(CC(C)C)C(=O)NC(C)C(=O)NC(C)C(=O)N(C)C(CC(C)C)C(=O)N(C)C(CC(C)C)C(=O)N(C)C(C(C)C)C(=O)N1C
6167,COc1cc2c(c(OC)c1OC)-c1ccc(OC)c(=O)cc1C(NC(C)=O)CC2
15625,Clc1cc2c(cc1Cl)Oc1cc(Cl)c(Cl)cc1O2
638278,O=C(C=Cc1ccc(O)cc1)c1ccc(O)cc1O
2662,Cc1ccc(-c2cc(C(F)(F)F)nn2-c2ccc(S(N)(=O)=O)cc2)cc1
3657,NC(=O)NO
73581,CC(C)(C)C1(O)CC2OC(=O)CC23C(=O)OC2OC(=O)C(O)C231
141643,Fc1ncccn1
10836,CNC(C)Cc1ccccc1
72304,O=c1c(-c2ccccc2)coc2ccccc12
1673,Cn1cnc(N)c2ncnc1-2
1110,O=C(O)CCC(=O)O
5280427,CCCCCC(O)C=CC1C(O)CC2OC(=CCCCC(=O)O)CC21
15,CC12CCC3C(CCC4CC(=O)CCC43C)C1CCC2O
14403,COc1cc2c(c3oc(=O)c4c(c13)CCC4=O)C1C=COC1O2
5288209,CC(C=CC1=C(C)CCCC1(C)C)=CC=CC(C)=CC(=O)Nc1ccc(O)cc1
54671203,CC1c2cccc(O)c2C(O)=C2C(=O)C3(O)C(O)=C(C(N)=O)C(=O)C(N(C)C)C3C(O)C21
60606,COC(=O)C(c1ccccc1Cl)N1CCc2sccc2C1
23725625,O=C(c1cc(Cc2n[nH]c(=O)c3ccccc23)ccc1F)N1CCN(C(=O)C2CC2)CC1
216326,Nc1cccc2c1CN(C1CCC(=O)NC1=O)C2=O
47725,CC(C)CC(NC(=O)C(COC(C)(C)C)NC(=O)C(Cc1ccc(O)cc1)NC(=O)C(CO)NC(=O)C(Cc1c[nH]c2ccccc12)NC(=O)C(Cc1cnc[nH]1)NC(=O)C1CCC(=O)N1)C(=O)NC(CCCN=C(N)N)C(=O)N1CCCC1C(=O)NNC(N)=O
6115,Nc1ccccc1
6442177,COC1CC2CCC(C)C(O)(O2)C(=O)C(=O)N2CCCCC2C(=O)OC(C(C)CC2CCC(OCCO)C(OC)C2)CC(=O)C(C)C=C(C)C(O)C(OC)C(=O)C(C)CC(C)C=CC=CC=C1C
42611257,CCCS(=O)(=O)Nc1ccc(F)c(C(=O)c2c[nH]c3ncc(-c4ccc(Cl)cc4)cc23)c1F
5222465,CCCC(=O)[O-].[Na+]
24978538,CC1(C)CCC(c2ccc(Cl)cc2)=C(CN2CCN(c3ccc(C(=O)NS(=O)(=O)c4ccc(NC(CCN5CCOCC5)CSc5ccccc5)c(S(=O)(=O)C(F)(F)F)c4)cc3)CC2)C1
11556711,CC(C)CC(NC(=O)C(CCc1ccccc1)NC(=O)CN1CCOCC1)C(=O)NC(Cc1ccccc1)C(=O)NC(CC(C)C)C(=O)C1(C)CO1
25183872,CC(C)CC(NC(=O)CNC(=O)c1cc(Cl)ccc1Cl)B(O)O
442428,CC1OC(OC2C(Oc3cc(O)c4c(c3)OC(c3ccc(O)cc3)CC4=O)OC(CO)C(O)C2O)C(O)C(O)C1O
1175,O=c1[nH]c(=O)c2[nH]c(=O)[nH]c2[nH]1
1983,CC(=O)Nc1ccc(O)cc1
3103,CN1CCC(OC(c2ccccc2)c2ccccc2)CC1
9064,Oc1cc(O)c2c(c1)OC(c1ccc(O)c(O)c1)C(O)C2
60780,CCC1=CC2CN(C1)Cc1c([nH]c3ccccc13)C(C(=O)OC)(c1cc3c(cc1OC)N(C)C1C(O)(C(=O)OC)C(OC(C)=O)C4(CC)C=CCN5CCC31C54)C2
54670067,O=C1OC(C(O)CO)C(O)=C1O
11953817,O=C(O)CC=[N+]([O-])O
3220,Cc1cc(O)c2c(c1)C(=O)c1cc(O)cc(O)c1C2=O
5281708,O=c1c(-c2ccc(O)cc2)coc2cc(O)ccc12
9826528,O=C(NOCC(O)CO)c1ccc(F)c(F)c1Nc1ccc(I)cc1F
60823,CC(C)c1c(C(=O)Nc2ccccc2)c(-c2ccccc2)c(-c2ccc(F)cc2)n1CCC(O)CC(O)CC(=O)O
6468,c1ccc(C2(N3CCCCC3)CCCCC2)cc1
985,CCCCCCCCCCCCCCCC(=O)O
2244,CC(=O)Oc1ccccc1C(=O)O
28486,[Li+]
1548943,COc1cc(CNC(=O)CCCCC=CC(C)C)ccc1O
3028194,[Li]
5280343,O=c1c(O)c(-c2ccc(O)c(O)c2)oc2cc(O)cc(O)c12
5282350,CC(C)=CCCC(C)=CCCC(C)=CCCC1(C)CCc2cc(O)cc(C)c2O1
9547215,CC12CCC(O)CC1CCC1C2CCC2(C)C(c3ccc(=O)oc3)CCC12O
42890,CC(=O)C1(O)Cc2c(O)c3c(c(O)c2C(OC2CC(N)C(O)C(C)O2)C1)C(=O)c1ccccc1C3=O
3345,CCC(=O)N(c1ccccc1)C1CCN(CCc2ccccc2)CC1
667639,Oc1cc(O)cc(C=Cc2ccc(O)c(O)c2)c1
123596,CS(=O)(=O)O.Cc1ccc(NC(=O)c2ccc(CN3CCN(C)CC3)cc2)cc1Nc1nccc(-c2cccnc2)n1
5283344,CCCCCC(O)C=CC=O
2051,COc1cc2ncnc(Nc3cccc(Cl)c3)c2cc1OC
23973,[Cd]
156413,C=CC(=O)Nc1cc2c(Nc3ccc(F)c(Cl)c3)ncnc2cc1OCCCN1CCOCC1.Cl.Cl
6057,NC(Cc1ccc(O)cc1)C(=O)O
208908,CS(=O)(=O)CCNCc1ccc(-c2ccc3ncnc(Nc4ccc(OCc5cccc(F)c5)c(Cl)c4)c3c2)o1
5950,CC(N)C(=O)O
42113,FC(F)OC(F)C(F)(F)F
104758,Cc1nc(=O)c2cc(CN(C)c3ccc(C(=O)NC(CCC(=O)O)C(=O)O)s3)ccc2[nH]1
122724,CC1=C(O)C(=O)C=C2C1=CC=C1C2(C)CCC2(C)C3CC(C)(C(=O)O)CCC3(C)CCC12C
455658,C=CC1=C(C)c2cc3[n-]c(cc4[n-]c(cc5nc(cc1n2)C(C)=C5C=C)c(C)c4CCC(=O)O)c(CCC(=O)O)c3C.[Cl-].[Fe+3]
5318517,C=C1CCC2C(C)(CO)C(O)CCC2(C)C1CC=C1C(=O)OCC1O
2578,O=NN(CCCl)C(=O)NCCCl
54454,CCC(C)(C)C(=O)OC1CC(C)C=C2C=CC(C)C(CCC3CC(O)CC(=O)O3)C21
56842234,Cc1cn(C2CC(OP(=O)(O)OCC3OC(n4cnc5c(=O)[nH]c(N)nc54)CC3OP(=O)(O)OCC3OC(n4cc(C)c(=O)[nH]c4=O)CC3OP(=O)(O)OCC3OC(n4cnc5c(=O)[nH]c(N)nc54)CC3OP(=O)(O)OCC3OC(n4cnc5c(=O)[nH]c(N)nc54)CC3OP(=O)(O)OCC3OC(n4cc(C)c(=O)[nH]c4=O)CC3OP(=O)(O)OCC3OC(n4cnc5c(=O)[nH]c(N)nc54)CC3OP(=O)(O)OCC3OC(n4cnc5c(=O)[nH]c(N)nc54)CC3OP(=O)(O)OCC3OC(n4cc(C)c(=O)[nH]c4=O)CC3OP(=O)(O)OCC3OC(n4cnc5c(=O)[nH]c(N)nc54)CC3OP(=O)(O)OCC3OC(n4cnc5c(=O)[nH]c(N)nc54)CC3OP(=O)(O)OCC3OC(n4cc(C)c(=O)[nH]c4=O)CC3OP(=O)(O)OCC3OC(n4cnc5c(=O)[nH]c(N)nc54)CC3OP(=O)(O)OCC3OC(n4cnc5c(=O)[nH]c(N)nc54)CC3O)C(COP(=O)(O)OC3CC(n4cc(C)c(=O)[nH]c4=O)OC3COP(=O)(O)OC3CC(n4cnc5c(=O)[nH]c(N)nc54)OC3COP(=O)(O)OC3CC(n4cnc5c(=O)[nH]c(N)nc54)OC3COP(=O)(O)OC3CC(n4cc(C)c(=O)[nH]c4=O)OC3COP(=O)(O)OC3CC(n4cnc5c(=O)[nH]c(N)nc54)OC3COP(=O)(O)OC3CC(n4cnc5c(=O)[nH]c(N)nc54)OC3COP(=O)(O)OC3CC(n4cc(C)c(=O)[nH]c4=O)OC3COP(=O)(O)OC3CC(n4cnc5c(=O)[nH]c(N)nc54)OC3COP(=O)(O)OC3CC(n4cnc5c(=O)[nH]c(N)nc54)OC3COP(=O)(O)OC3CC(n4cc(C)c(=O)[nH]c4=O)OC3COP(=O)(O)OC3CC(n4cnc5c(=O)[nH]c(N)nc54)OC3COP(=O)(O)OC3CC(n4cnc5c(=O)[nH]c(N)nc54)OC3CO)O2)c(=O)[nH]c1=O
5035,O=C(c1ccc(OCCN2CCCCC2)cc1)c1c(-c2ccc(O)cc2)sc2cc(O)ccc12
2733,O=c1[nH]c2cc(Cl)ccc2o1
4891,O=C(C1CCCCC1)N1CC(=O)N2CCc3ccccc3C2C1
3397,CC(C)C(=O)Nc1ccc([N+](=O)[O-])c(C(F)(F)F)c1
261000,CC1(O)CCC2C3CCC4=CC(=O)CCC4=C3C=CC21C
11226684,CCC(C)C(NC(=O)C(C(C)CC)N(C)C(C)=O)C(=O)NC(C(=O)NC(CC(C)C)C(=O)C1(C)CO1)C(C)O
145858,c1ccc(-c2ccc3ccccc3[o+]2)cc1
445858,COc1cc(C=CC(=O)O)ccc1O
689043,O=C(O)C=Cc1ccc(O)c(O)c1
5881,CC12CCC3C(CC=C4CC(O)CCC43C)C1CCC2=O
3386,CNCCC(Oc1ccc(C(F)(F)F)cc1)c1ccccc1
442793,CCCCCC(O)CC(=O)CCc1ccc(O)c(OC)c1
5361,Cc1ccc(C(=O)Nc2ccc(S(=O)(=O)O)c3cc(S(=O)(=O)O)cc(S(=O)(=O)O)c23)cc1NC(=O)c1cccc(NC(=O)Nc2cccc(C(=O)Nc3cc(C(=O)Nc4ccc(S(=O)(=O)O)c5cc(S(=O)(=O)O)cc(S(=O)(=O)O)c45)ccc3C)c2)c1
462382,CC(C)CC(C=O)NC(=O)C(CC(C)C)NC(=O)C(CC(C)C)NC(=O)OCc1ccccc1
17754356,CCC1CCCC(OC2CCC(N(C)C)C(C)O2)C(C)C(=O)C2=CC3C(C=C(C)C4CC(OC5OC(C)C(OC)C(OC)C5OC)CC43)C2CC(=O)O1.CCC1CCCC(OC2CCC(N(C)C)C(C)O2)C(C)C(=O)C2=CC3C(C=CC4CC(OC5OC(C)C(OC)C(OC)C5OC)CC43)C2CC(=O)O1
24288,Cl[Co]Cl
104746,O=P1(N(CCCl)CCCl)NC(SCCS(=O)(=O)O)CCO1
2187,CC(C)(C#N)c1cc(Cn2cncn2)cc(C(C)(C)C#N)c1
60198,C=C1CC2C(CCC3(C)C(=O)CCC23)C2(C)C=CC(=O)C=C12
3690,O=P1(NCCCl)OCCCN1CCCl
3821,CNC1(c2ccccc2Cl)CCCCC1=O
31401,CC(CCC(=O)O)C1CCC2C3C(O)CC4CC(O)CCC4(C)C3CCC12C
123865,CNC1C(O)C(OC2C(N)CC(N)C(OC3OC(C(C)O)C(O)C(O)C3N)C2O)OCC1(C)O
5951,NC(CO)C(=O)O
77999,CN(CCOc1ccc(CC2SC(=O)NC2=O)cc1)c1ccccn1
15939,C[n+]1ccc(-c2cc[n+](C)cc2)cc1
9931953,CNCc1ccc(-c2[nH]c3cc(F)cc4c3c2CCNC4=O)cc1.O=P(O)(O)O
25262965,COc1ccc(-c2ccc3c(N4CCOCC4C)nc(N4CCOCC4C)nc3n2)cc1CO
1176,NC(N)=O
65064,O=C(OC1Cc2c(O)cc(O)cc2OC1c1cc(O)c(O)c(O)c1)c1cc(O)c(O)c(O)c1
11707110,CC(=O)Nc1cccc(-n2c(=O)n(C3CC3)c(=O)c3c(Nc4ccc(I)cc4F)n(C)c(=O)c(C)c32)c1
25227436,NC1(C(=O)NC(CCO)c2ccc(Cl)cc2)CCN(c2ncnc3[nH]ccc23)CC1
44631912,CN(C)C(=O)c1cc2cnc(Nc3ccc(N4CCNCC4)cn3)nc2n1C1CCCC1
56649450,Cc1nc(NC(=O)N2CCCC2C(N)=O)sc1-c1ccnc(C(C)(C)C(F)(F)F)c1
6505803,C=CCNC1=C2CC(C)CC(OC)C(O)C(C)C=C(C)C(OC(N)=O)C(OC)C=CC=C(C)C(=O)NC(=CC1=O)C2=O
5212,CCCc1nn(C)c2c(=O)nc(-c3cc(S(=O)(=O)N4CCN(C)CC4)ccc3OCC)[nH]c12
65015,c1cc(CN2CCCNCCNCCCNCC2)ccc1CN1CCCNCCNCCCNCC1
122634,CCCCCCCCCCCCCC(=O)OC1C(C)C2(O)C(C=C(CO)CC3(O)C(=O)C(C)=CC32)C2C(C)(C)C12OC(C)=O
10184653,CN(C)CC=CC(=O)Nc1cc2c(Nc3ccc(F)c(Cl)c3)ncnc2cc1OC1CCOC1
4641,CCCCC1C(=O)N(c2ccccc2)N(c2ccc(O)cc2)C1=O
11626560,CC(Oc1cc(-c2cnn(C3CCNCC3)c2)cnc1N)c1c(Cl)ccc(F)c1Cl
65348,COc1cccc2c1C(=O)c1c(O)c3c(c(O)c1C2=O)CC(O)(C(=O)CO)CC3OC1CC(N)C(O)C(C)O1.Cl
636397,COc1cccc2c1C(=O)c1c(O)c3c(c(O)c1C2=O)CC(O)(C(=O)CO)CC3OC1CC(N)C(OC2CCCCO2)C(C)O1
7222,c1ccc2scnc2c1
31101,CC(C)CC1C(=O)N2CCCC2C2(O)OC(NC(=O)C3C=C4c5cccc6[nH]c(Br)c(c56)CC4N(C)C3)(C(C)C)C(=O)N12
5816,CNCC(O)c1ccc(O)c(O)c1
72301,COc1cc2c(cc1OC)C1Cc3ccc(OC)c(OC)c3CN1CC2
448013,CC(=Cc1csc(C)n1)C1CC2OC2(C)CCCC(C)C(O)C(C)C(=O)C(C)(C)C(O)CC(=O)O1
3006531,N#CC(=C(N)Sc1ccccc1N)C(C#N)=C(N)Sc1ccccc1N
45266826,CNC(C)C(=O)c1ccc(C)cc1
790,O=c1nc[nH]c2nc[nH]c12
1130,Cc1ncc(C[n+]2csc(CCO)c2C)c(N)n1
3961,CCCCc1nc(Cl)c(CO)n1Cc1ccc(-c2ccccc2-c2nn[nH]n2)cc1
2723601,Nc1nc(=S)c2[nH]cnc2[nH]1
54675776,CN(C)C1C(=O)C(C(N)=O)=C(O)C2(O)C(=O)C3=C(O)c4c(O)cccc4C(C)(O)C3CC12
3488,COc1ccc(Cl)cc1C(=O)NCCc1ccc(S(=O)(=O)NC(=O)NC2CCCCC2)cc1
5073,Cc1nc2n(c(=O)c1CCN1CCC(c3noc4cc(F)ccc34)CC1)CCCC2
285033,COC(=O)CC(O)(CCCC(C)(C)O)C(=O)OC1C(OC)=CC23CCCN2CCc2cc4c(cc2C13)OCO4
5280448,COc1ccc(-c2coc3cc(O)ccc3c2=O)cc1O
5381226,COC1C=COC2(C)Oc3c(C)c(O)c4c(c3C2=O)C(=O)C(=CNN2CCN(C)CC2)C(=C4O)NC(=O)C(C)=CC=CC(C)C(O)C(C)C(O)C(C)C(OC(C)=O)C1C
3117,CCN(CC)C(=S)SSC(=S)N(CC)CC
164676,Cc1coc2c1C(=O)C(=O)c1c-2ccc2c1CCCC2(C)C
124886,NC(CCC(=O)NC(CS)C(=O)NCC(=O)O)C(=O)O
439260,NCC(O)c1ccc(O)c(O)c1
114900,Cc1cc(Cl)cc2c1oc1cc(Cl)cc(Cl)c12
9949648,CC(NC(=O)C=Cc1ccccc1)c1cccc(N2CCOCC2)c1
896,COc1ccc2[nH]cc(CCNC(C)=O)c2c1
11228183,CN(C)CCC(CSc1ccccc1)Nc1ccc(S(=O)(=O)NC(=O)c2ccc(N3CCN(Cc4ccccc4-c4ccc(Cl)cc4)CC3)cc2)cc1[N+](=O)[O-]
171548,O=C(O)CCCCC1SCC2NC(=O)NC21
9915743,CCOc1cc2ncc(C#N)c(Nc3ccc(OCc4ccccn4)c(Cl)c3)c2cc1NC(=O)C=CCN(C)C
5462222,[K]
5460341,[Ca]
